GEOID,NAME,state,county,county_population,county_mobile_home_share,county_median_hh_income,county_unemployment_rate,county_disability_rate,county_age_under18_share,county_age_65plus_share
01001,"Autauga County, Alabama",01,001,55639,0.18200616111744103,57982,0.029072523305419498,0.1770388429600572,0.2362191987634573,0.15259080860547458
01003,"Baldwin County, Alabama",01,003,218289,0.1018698553281883,61756,0.03917505715258524,0.14195364192350315,0.21527882760927028,0.20484770189977508
01005,"Barbour County, Alabama",01,005,25026,0.3022310690884963,34990,0.06936725096194955,0.18805389763067462,0.2086629904898905,0.1908814832574123
01007,"Bibb County, Alabama",01,007,22374,0.3186099382916531,51721,0.07435897435897436,0.18064391748602274,0.2048806650576562,0.16429784571377493
01009,"Blount County, Alabama",01,009,57755,0.2476233404359941,48922,0.05201544273319773,0.14952683591158292,0.23152973768504892,0.17975932819669294
01011,"Bullock County, Alabama",01,011,10173,0.4179917229361795,33866,0.03352629040038591,0.12286793994484731,0.22402437825616828,0.1610144500147449
01013,"Butler County, Alabama",01,013,19726,0.23213756300029648,44850,0.06465618399436752,0.15768637532133675,0.22310655987022204,0.20744195478049274
01015,"Calhoun County, Alabama",01,015,114324,0.15569040616507204,50128,0.07293803460154043,0.20351627296355104,0.2166561701829887,0.1770844267170498
21135,"Lewis County, Kentucky",21,135,13345,0.2609422492401216,29844,0.06436675156286177,0.2056796667928815,0.22367928062944922,0.18269014612214313
21137,"Lincoln County, Kentucky",21,137,24493,0.2156490275893261,42231,0.07359022556390978,0.180793991416309,0.23639407177560937,0.18315437063650838
21139,"Livingston County, Kentucky",21,139,9172,0.26029924164787865,52795,0.058363858363858365,0.2537575425123423,0.21707370257304842,0.21456607064980376
21141,"Logan County, Kentucky",21,141,27049,0.09772672113906641,48912,0.047096667766413726,0.16605511457241276,0.23568338940441422,0.189581869939739
21143,"Lyon County, Kentucky",21,143,8226,0.17603762011858515,49286,0.032047089601046436,0.33832637188535214,0.13688305373206905,0.2725504497933382
21145,"McCracken County, Kentucky",21,145,65485,0.0932158699630859,47011,0.03534590368569739,0.14926604504911195,0.22160800183248072,0.1985798274413988
21147,"McCreary County, Kentucky",21,147,17333,0.28122513922036596,29499,0.0771830985915493,0.22193685793034326,0.21779264985865113,0.1590607511682917
21151,"Madison County, Kentucky",21,151,92090,0.08031802693493428,51649,0.06525090656417606,0.17049180327868851,0.20701487675100444,0.13783255510913237
21155,"Marion County, Kentucky",21,155,19257,0.1498320537428023,43587,0.07892506960416415,0.2060718575952823,0.24131484654930674,0.1678870021290959
21157,"Marshall County, Kentucky",21,157,31225,0.1460348758395465,57348,0.035985401459854016,0.19529795918367346,0.20339471577261808,0.2190552441953563
21161,"Mason County, Kentucky",21,161,17122,0.08778158667972576,46241,0.04224431075071933,0.18967258898330264,0.2260249970797804,0.18374021726433828
21163,"Meade County, Kentucky",21,163,28379,0.18012769353551478,61500,0.051907255048616305,0.1885659907766635,0.2244617498854787,0.14246449839670178
21167,"Mercer County, Kentucky",21,167,21690,0.08906326630701324,52312,0.06033138401559454,0.18055942756249418,0.22033195020746887,0.18888888888888888
21169,"Metcalfe County, Kentucky",21,169,10062,0.22848727119713866,40391,0.030913348946135833,0.23543567632608042,0.2355396541443053,0.18634466308884914
21173,"Montgomery County, Kentucky",21,173,28042,0.20243216412971543,46998,0.05321454370334698,0.2259148213705162,0.23511161828685542,0.16453890592682405
21175,"Morgan County, Kentucky",21,175,13270,0.2943622152003991,37399,0.05440351305196389,0.2572653236176597,0.18409947249434816,0.17008289374529012
21179,"Nelson County, Kentucky",21,179,45915,0.0666284940919265,63032,0.03327050366019375,0.1713940724478595,0.23674180551018187,0.15944680387672874
21181,"Nicholas County, Kentucky",21,181,7189,0.2113574248405709,47665,0.049823207971713274,0.23151805869074493,0.22910001391014048,0.16761719293364863
21185,"Oldham County, Kentucky",21,185,66508,0.015973003374578177,103761,0.03630064768790481,0.08533015115354017,0.25445059240993567,0.13093161724905275
21187,"Owen County, Kentucky",21,187,10847,0.26003824091778205,50553,0.03945465812848585,0.1733060312732688,0.2225500138287084,0.18567345809901356
21191,"Pendleton County, Kentucky",21,191,14587,0.21454317505093246,56000,0.039825581395348836,0.18815571507454446,0.2326729279495441,0.1580859669568794
21195,"Pike County, Kentucky",21,195,58595,0.35835078112417457,34700,0.07973706773363819,0.27012080258541726,0.2063145319566516,0.18535711238160252
21197,"Powell County, Kentucky",21,197,12283,0.21243614585168222,41071,0.05939629990262902,0.2289537106291033,0.24774077993975413,0.15623219083285841
21201,"Robertson County, Kentucky",21,201,2139,0.20433996383363473,53074,0.07709497206703911,0.13204819277108434,0.24590930341280973,0.16736792893875643
21203,"Rockcastle County, Kentucky",21,203,16795,0.2702702702702703,38744,0.08876257105378224,0.21429004670346333,0.22006549568323905,0.18267341470675796
21207,"Russell County, Kentucky",21,207,17846,0.2257142857142857,41731,0.06407741598012293,0.1913625787412746,0.22699764653143562,0.2016698419813964
21209,"Scott County, Kentucky",21,209,55961,0.0600843132904371,71750,0.03283531409168081,0.13890135938369816,0.25122853415771695,0.12208502349850789
21213,"Simpson County, Kentucky",21,213,18319,0.08477355872335057,50159,0.05864893743321857,0.14162445025886544,0.24297177793547683,0.165347453463617
21215,"Spencer County, Kentucky",21,215,18945,0.06826818675352878,85488,0.04755015432098766,0.13837814858114572,0.22897862232779098,0.13782000527843757
21219,"Todd County, Kentucky",21,219,12334,0.17494398805078418,47229,0.055789071455865494,0.1504782321899736,0.2663369547592022,0.16377493108480623
21223,"Trimble County, Kentucky",21,223,8528,0.2867481906663339,57589,0.09907779616930716,0.21624173748819642,0.21693245778611633,0.17682926829268292
21225,"Union County, Kentucky",21,225,14582,0.11847582452769773,49812,0.050980392156862744,0.22691640652098508,0.1831710327801399,0.17130709093402827
21229,"Washington County, Kentucky",21,229,12044,0.10679984633115636,55321,0.045355648535564855,0.184190652009734,0.2334772500830289,0.18465626037861177
21231,"Wayne County, Kentucky",21,231,20447,0.2889640051160241,37678,0.05708486616770265,0.20812233144672823,0.2091260331588986,0.2081478945566587
21235,"Whitley County, Kentucky",21,235,36252,0.2535183989670755,39258,0.06567035493605403,0.22528149683491122,0.2500827540549487,0.15701202692265254
21237,"Wolfe County, Kentucky",21,237,7188,0.2669525596354865,22292,0.2542885973763875,0.38666476706083486,0.23177518085698387,0.19323873121869783
23001,"Androscoggin County, Maine",23,001,107958,0.08950512456795796,55002,0.04518438828239361,0.1730222022539219,0.21663980436836547,0.1764945627003094
23003,"Aroostook County, Maine",23,003,67431,0.09620816357137502,43791,0.04894443175514732,0.22126649634926154,0.18359508238050748,0.24103157301537867
23007,"Franklin County, Maine",23,007,29933,0.07729620480574893,51630,0.047584715212689255,0.15475231574708015,0.17783048809006782,0.2198576821568169
23009,"Hancock County, Maine",23,009,54832,0.06543498709630738,58345,0.03581011351909185,0.14331720064040043,0.1685147359206303,0.2500911876276627
23013,"Knox County, Maine",23,013,39809,0.06298021906163152,57794,0.0350249828549035,0.15002608242044863,0.17674395237257906,0.24969228064005627
23015,"Lincoln County, Maine",23,015,34415,0.09143023304116646,58125,0.038504628810661,0.16385244454903808,0.1685311637367427,0.2776405637076856
23019,"Penobscot County, Maine",23,019,151696,0.11919093681000946,52128,0.046396611614002915,0.18102419478502044,0.18138250184579685,0.18494225292690644
23021,"Piscataquis County, Maine",23,021,16864,0.08679391281919009,42083,0.055048488305761555,0.2637915543575921,0.17077798861480076,0.26405360531309297
23025,"Somerset County, Maine",23,025,50573,0.14514097471175275,45382,0.04741986427077553,0.2048481939277571,0.19012121092282444,0.21465999644078856
23029,"Washington County, Maine",23,029,31378,0.1092767631837817,44847,0.07105744603000366,0.22670434245996948,0.19102555930907006,0.24523551532921156
23031,"York County, Maine",23,031,206074,0.06442957854268144,68932,0.03494050907050355,0.1491374704033962,0.18755398546153323,0.2050040276793773
27003,"Anoka County, Minnesota",27,003,353775,0.03263128671863862,84379,0.03631636796169617,0.10003756958912531,0.23889477775422233,0.14002119991520035
27005,"Becker County, Minnesota",27,005,34227,0.09437377444818744,60508,0.03804347826086957,0.1428106797551817,0.24284921260992784,0.20740935518742512
27007,"Beltrami County, Minnesota",27,007,46784,0.10837506316901732,50525,0.06058756865138175,0.13801081081081082,0.25175273597811215,0.1595203488372093
27009,"Benton County, Minnesota",27,009,40476,0.05061899803309036,60564,0.03327417923691216,0.11054886144442497,0.2545211977468129,0.13894653621899397
27011,"Big Stone County, Minnesota",27,011,4974,0.052496798975672214,55909,0.02756244616709733,0.12639405204460966,0.2143144350623241,0.26115802171290714
27013,"Blue Earth County, Minnesota",27,013,67368,0.04647285610086485,61058,0.039417352754908166,0.09451370448715064,0.19745279657997863,0.13720163876024224
27015,"Brown County, Minnesota",27,015,25076,0.014127659574468085,59804,0.023124771313574825,0.10094930317107655,0.21805710639655448,0.21175626096666134
27017,"Carlton County, Minnesota",27,017,35709,0.07319791924696557,66201,0.0476661622628332,0.14253473239932002,0.22442521493180992,0.1728695846985354
27019,"Carver County, Minnesota",27,019,103561,0.01655867530597552,104011,0.024909759585915684,0.0704851360511281,0.26662546711599927,0.12056662257027259
27021,"Cass County, Minnesota",27,021,29462,0.08862748103302935,53845,0.06234558930388025,0.14405675897998355,0.21027085737560247,0.25758604303849025
27023,"Chippewa County, Minnesota",27,023,11876,0.02094701637035733,57301,0.053469852104664393,0.13433476394849786,0.23231727854496464,0.21227686089592454
27025,"Chisago County, Minnesota",27,025,55844,0.04257238206908993,86900,0.0367884258203265,0.11165191198618815,0.22784900795071986,0.15443019840985603
47121,"Meigs County, Tennessee",47,121,12237,0.31673138612189766,50733,0.08911274699728787,0.1916068925715228,0.20282749039797335,0.21500367737190487
47125,"Montgomery County, Tennessee",47,125,204992,0.04106741437238645,60878,0.05965666177018702,0.1561984639306413,0.2680055807055885,0.09300362940992819
47127,"Moore County, Tennessee",47,127,6396,0.1508634734441186,63762,0.03893866299104066,0.17137416693113297,0.19324577861163228,0.21091307066916823
47131,"Obion County, Tennessee",47,131,30343,0.10797126240164215,39985,0.0615327380952381,0.22130434782608696,0.2178756220545101,0.20373727054015753
47133,"Overton County, Tennessee",47,133,22171,0.21540683678382283,36478,0.035566333232292614,0.17599195465350156,0.21483018357313607,0.204366063777006
47137,"Pickett County, Tennessee",47,137,5068,0.21744086634368767,43125,0.047910295616717634,0.24178685897435898,0.1872533543804262,0.27328334648776637
47139,"Polk County, Tennessee",47,139,16807,0.2674085500220361,45326,0.0627310977942114,0.18849685838569358,0.18944487415957637,0.21038852858927828
47143,"Rhea County, Tennessee",47,143,32964,0.22852117440129888,46096,0.0878482430351393,0.21973039215686274,0.22746025967722364,0.18232010678315738
47145,"Roane County, Tennessee",47,145,53331,0.14678863370961465,55578,0.06018821603927987,0.19006192303308894,0.18703943297519265,0.22699743113761228
47149,"Rutherford County, Tennessee",47,149,324139,0.03316922119094625,68718,0.04216085525033008,0.1089503608338857,0.2464282298643483,0.10508763215780884
47151,"Scott County, Tennessee",47,151,22020,0.27125062282012957,37135,0.08192501398992726,0.28744005901881226,0.2374205267938238,0.16825613079019072
47153,"Sequatchie County, Tennessee",47,153,14936,0.25541059094397545,44217,0.04690169280944246,0.21934299122628034,0.19315747188002141,0.2069496518478843
47157,"Shelby County, Tennessee",47,157,936611,0.009851585859033658,52092,0.07363566718240676,0.12729655809865825,0.2500205528228902,0.13554293084322094
47159,"Smith County, Tennessee",47,159,19926,0.19574564381081694,48611,0.03690273037542662,0.16572036905606813,0.22593596306333433,0.16566295292582556
47163,"Sullivan County, Tennessee",47,163,157707,0.10851717471331339,47438,0.06504765344966518,0.19929067552574026,0.19315566208221577,0.2187601057657555
47165,"Sumner County, Tennessee",47,165,187680,0.06303287842880881,69878,0.03403357490138519,0.1416563207085772,0.23547527706734867,0.15925511508951407
47169,"Trousdale County, Tennessee",47,169,10910,0.1943012211668928,56981,0.04621257785814748,0.15950010590976488,0.18267644362969754,0.13327222731439048
47171,"Unicoi County, Tennessee",47,171,17821,0.17938074938299303,44526,0.060987654320987655,0.22260430994956443,0.16469333931878122,0.23741653105886315
47175,"Van Buren County, Tennessee",47,175,5813,0.2439747868001483,47576,0.05013817607579945,0.27421052631578946,0.1914674006537072,0.23068983313263375
47177,"Warren County, Tennessee",47,177,40971,0.12237762237762238,42668,0.038118410381184104,0.20157398470562032,0.23577652485904665,0.17400112274535648
47181,"Wayne County, Tennessee",47,181,16638,0.26832585339317283,42206,0.06019862490450726,0.199039780521262,0.1738790720038466,0.1921504988580358
47183,"Weakley County, Tennessee",47,183,33377,0.14135656183949272,41488,0.046784405198267244,0.2003402290470549,0.1925877100997693,0.1832399556580879
47187,"Williamson County, Tennessee",47,187,232380,0.01828994348679388,111196,0.024620804869576723,0.07318429972314937,0.2711722179189259,0.13158189172906445
47189,"Wilson County, Tennessee",47,189,140604,0.06807370550604189,78962,0.035142147240105975,0.1312604849232181,0.23620238400045518,0.15582771471650878
49003,"Box Elder County, Utah",49,003,54953,0.03529904682099089,63573,0.03076923076923077,0.12281119932525349,0.31525121467435807,0.12807308063254053
49005,"Cache County, Utah",49,005,126336,0.023398170688473448,60530,0.028635332661290324,0.08622543670296233,0.30257408814589665,0.09429616261398176
49009,"Daggett County, Utah",49,009,590,0.5015220700152208,74911,0.010344827586206896,0.04633204633204633,0.2542372881355932,0.1135593220338983
49011,"Davis County, Utah",49,011,350761,0.027517130408056263,87570,0.025611175785797437,0.0899841475716962,0.3206713403143451,0.10096903589623704
49015,"Emery County, Utah",49,015,10099,0.1525974025974026,57772,0.037771934018646904,0.14627341570346752,0.2927022477473017,0.16942271512030893
49017,"Garfield County, Utah",49,017,5000,0.11673052362707535,44279,0.030221019395579612,0.1653133458255257,0.2364,0.2252
49019,"Grand County, Utah",49,019,9698,0.1715880446525027,56639,0.02548882681564246,0.1113763753373469,0.20571251804495772,0.18725510414518456
49021,"Iron County, Utah",49,021,53148,0.053306963480820535,52045,0.0488030577348622,0.11780541442329567,0.2858244901031083,0.12817039211259126
49023,"Juab County, Utah",49,023,11623,0.03750327825858904,68333,0.03556485355648536,0.131278836946113,0.3426826120622903,0.12165533855286931
49025,"Kane County, Utah",49,025,7658,0.0698589701541489,49486,0.03388357949609035,0.18235215592043785,0.22042308696787674,0.22930268999738834
49027,"Millard County, Utah",49,027,12963,0.03546933176562806,63221,0.037397808314489474,0.13981597005614474,0.3116562524107074,0.16901951708709403
49029,"Morgan County, Utah",49,029,11950,0.005195515449822259,100408,0.016170892393691357,0.07748953974895398,0.3546443514644351,0.11916317991631799
49031,"Piute County, Utah",49,031,1870,0.0744138634046891,29125,0.030874785591766724,0.2555858310626703,0.20962566844919786,0.32032085561497325
49033,"Rich County, Utah",49,033,2415,0.220808871493803,63917,0.02654867256637168,0.1829875518672199,0.32008281573498965,0.17391304347826086
49035,"Salt Lake County, Utah",49,035,1146215,0.01806698801137066,77128,0.03739790984796124,0.09405348438940851,0.27095352966066577,0.10868118110476656
49037,"San Juan County, Utah",49,037,15295,0.18616226978596317,49690,0.11951822112415071,0.1768341307814992,0.3025171624713959,0.1410264792415822
49039,"Sanpete County, Utah",49,039,30421,0.05604365116063997,55820,0.042556425260278134,0.1173557278208441,0.2538706814371651,0.13789816245356826
49041,"Sevier County, Utah",49,041,21475,0.08724983134697549,55361,0.0654861693210394,0.1554242495863862,0.2926193247962747,0.1627939464493597
49043,"Summit County, Utah",49,043,41680,0.014084507042253521,106973,0.02104229800674378,0.055890146952541554,0.24361804222648753,0.12466410748560461
49045,"Tooele County, Utah",49,045,69740,0.049767544830639804,76737,0.051528585410789335,0.1118950740195654,0.3258961858330944,0.08934614281617437
49047,"Uintah County, Utah",49,047,35736,0.11927204176334107,59428,0.06944897293772416,0.12071260656527034,0.3294996642041639,0.10639131408103873
49049,"Utah County, Utah",49,049,621506,0.013421216294256142,77057,0.037457610377638034,0.08074388442415133,0.3332485929339379,0.07653988859319137
49051,"Wasatch County, Utah",49,051,33053,0.010372842013637022,85807,0.017990556452094915,0.07872437357630979,0.3138293044504281,0.11548119686564003
49053,"Washington County, Utah",49,053,172127,0.04661313337623458,61747,0.03384771872532356,0.12412835327621972,0.26040656027235703,0.2151202309922325
49055,"Wayne County, Utah",49,055,2698,0.10147492625368731,49299,0.01788756388415673,0.1473130402104472,0.2609340252038547,0.21756856931060045
49057,"Weber County, Utah",49,057,255284,0.03137444319218591,71275,0.03315905338470006,0.11111903799354751,0.28146299807273467,0.11665830996067125
50003,"Bennington County, Vermont",50,003,35649,0.05252725470763132,58200,0.04141043723554302,0.17345721104670986,0.18858874021711688,0.22634576004937024
50005,"Caledonia County, Vermont",50,005,30027,0.08777048383175298,52481,0.03069838833461243,0.16910700461139722,0.19285975954973858,0.20864555233623072
50009,"Essex County, Vermont",50,009,6179,0.09905932040698791,47035,0.05189959294436906,0.2034309758860657,0.17268166369962776,0.2618546690402978
50011,"Franklin County, Vermont",50,011,49275,0.06835197745089404,65314,0.04419700539636695,0.12905937346235855,0.222181633688483,0.16164383561643836
50015,"Lamoille County, Vermont",50,015,25376,0.08424404718824637,64179,0.03658199889563777,0.13460094082302249,0.2039328499369483,0.17130359394703656
50017,"Orange County, Vermont",50,017,28873,0.10157257025006446,62737,0.03782608695652174,0.15285739100225812,0.1840127454715478,0.2107505281751117
50021,"Rutland County, Vermont",50,021,58527,0.05831789766149572,57176,0.03494323774525888,0.15446326903833546,0.17685854391990022,0.2202914893980556
50023,"Washington County, Vermont",50,023,58336,0.05421764743963229,64862,0.03176514169290609,0.13154752634584435,0.18729429511793746,0.19552249040043884
50027,"Windsor County, Vermont",50,027,55191,0.06477039067854695,61503,0.037758071220728835,0.14999724573548043,0.18108024859125582,0.23351633418492146
51001,"Accomack County, Virginia",51,001,32560,0.18620592516080567,46178,0.03777715012003954,0.1323726228640792,0.20773955773955774,0.2351044226044226
27165,"Watonwan County, Minnesota",27,165,10903,0.05005935892362485,53304,0.0336730979250091,0.1374477958236659,0.24167660276987984,0.20343024855544345
29037,"Cass County, Missouri",29,037,104687,0.044479107581773494,72522,0.04262535521129343,0.13640652379026824,0.24094682243258475,0.16786229426767413
29043,"Christian County, Missouri",29,043,87324,0.04432180736397344,64442,0.035990414613193474,0.13562443173317068,0.25380193303101095,0.15672667307956575
29049,"Clinton County, Missouri",29,049,20503,0.04092920353982301,62213,0.03499135388058183,0.13005088296917092,0.23523386821440764,0.17685216797541822
29055,"Crawford County, Missouri",29,055,23984,0.17244796828543113,44380,0.07737283180666536,0.22143553652435663,0.22811040693795864,0.19525517011340893
29061,"Daviess County, Missouri",29,061,8294,0.09620434471234185,52143,0.023281292796494112,0.12469135802469136,0.25693272244996385,0.205811429949361
29067,"Douglas County, Missouri",29,067,13335,0.11901840490797547,43714,0.041682313180623355,0.2132375189107413,0.21934758155230596,0.24394450693663292
29073,"Gasconade County, Missouri",29,073,14673,0.10210577864838394,56380,0.01933968780218262,0.17823977823977824,0.2067743474408778,0.22762897839569277
29079,"Grundy County, Missouri",29,079,9885,0.05934065934065934,46885,0.046944198405668734,0.15664638548004536,0.24461305007587253,0.21305007587253413
29085,"Hickory County, Missouri",29,085,9452,0.3980540226546616,33342,0.09121621621621621,0.2422075149444919,0.16663140076174354,0.3337917900973339
29091,"Howell County, Missouri",29,091,40130,0.1581476627348187,39482,0.044452519379844964,0.20802074417199537,0.2396461500124595,0.19765761275853477
29097,"Jasper County, Missouri",29,097,120528,0.05988104893214382,49155,0.04871263088674187,0.15217463950943208,0.24916202044338245,0.15568996415770608
29101,"Johnson County, Missouri",29,101,53948,0.0924914981206372,56440,0.045957718898613276,0.12584386706464473,0.21483650923111144,0.12652925038926374
29107,"Lafayette County, Missouri",29,107,32697,0.08854622584337755,62076,0.02873383721656568,0.1445468939182267,0.227574395204453,0.18650029054653333
29113,"Lincoln County, Missouri",29,113,57590,0.15984601988909766,70424,0.04054910242872228,0.15065058043699364,0.25441916999479075,0.13554436534120506
29119,"McDonald County, Missouri",29,119,22882,0.2564051240992794,42876,0.043473865129916085,0.1281317423275065,0.25788829647758066,0.15584302071497247
29125,"Maries County, Missouri",29,125,8791,0.14666955955738772,48276,0.06525,0.1786082769689327,0.20498236833124786,0.2166988965987942
29131,"Miller County, Missouri",29,131,25369,0.1273373512594653,47964,0.05886633783455972,0.16855280521453994,0.23576017974693522,0.18920730024833457
29137,"Monroe County, Missouri",29,137,8630,0.19571487433044912,43422,0.020348837209302327,0.1522198731501057,0.21657010428736964,0.23441483198146001
29143,"New Madrid County, Missouri",29,143,17275,0.12672784295504705,40129,0.06647556647556647,0.20918005671077505,0.23230101302460202,0.18905933429811866
29149,"Oregon County, Missouri",29,149,10561,0.16867910720819612,32766,0.04121638602663986,0.24200650966877274,0.22564151122052836,0.23425811949625983
29155,"Pemiscot County, Missouri",29,155,16330,0.07963734378828718,34709,0.11264512080326326,0.2636363636363636,0.2578689528475199,0.16919779546846295
29203,"Shannon County, Missouri",29,203,8207,0.2299593204115817,36229,0.042416452442159386,0.2356335952848723,0.21579139758742538,0.2129889119044718
29209,"Stone County, Missouri",29,209,31875,0.13729826377452595,51476,0.07718645329363602,0.18725807475093598,0.1652392156862745,0.30823529411764705
29215,"Texas County, Missouri",29,215,25518,0.179452171687004,35758,0.06376237623762376,0.243387336749876,0.21580844893800455,0.20761815189278157
29221,"Washington County, Missouri",29,221,24819,0.29918772563176893,42849,0.07166649843544969,0.25451794570059677,0.2327249284822112,0.1659615617067569
29227,"Worth County, Missouri",29,227,2001,0.1015748031496063,47500,0.02074235807860262,0.16046867040244522,0.2098950524737631,0.248375812093953
29510,"St. Louis city, Missouri",29,510,304709,0.0034698087084286964,45782,0.05846396765492204,0.15347476517804484,0.1910872340495358,0.13656308149742868
12005,"Bay County, Florida",12,005,180076,0.12334230251777821,56483,0.04401610713332482,0.19535596457221927,0.2113385459472667,0.17504831293453876
12011,"Broward County, Florida",12,011,1942273,0.02793381269195118,60922,0.059134538821247085,0.11018171060696098,0.21160104681473715,0.1666887198658479
12017,"Citrus County, Florida",12,017,147938,0.21997706364837577,45689,0.07882357514967732,0.21682965689640962,0.14735226919385147,0.3639227243845395
12023,"Columbia County, Florida",12,023,70898,0.37739667295489626,44818,0.08773903262092239,0.21257829283790736,0.21649411831081272,0.1881294253716607
12031,"Duval County, Florida",12,031,948651,0.044354174937785054,56769,0.05320911613894993,0.12854348473791707,0.2258206653447896,0.1407145515052427
12037,"Franklin County, Florida",12,037,11914,0.16373801916932906,48814,0.07776560788608981,0.20955420172130354,0.15788148396844048,0.23107268759442673
12043,"Glades County, Florida",12,043,13777,0.5071136779828145,39709,0.10572168589592654,0.17306622148024486,0.14981490890614793,0.2819917253393337
12049,"Hardee County, Florida",12,049,27027,0.26711628857551606,40165,0.08065890372053394,0.11560053767691943,0.2618492618492618,0.16172716172716173
12055,"Highlands County, Florida",12,055,104574,0.23605572345714337,43708,0.08439099829351536,0.21204150509143305,0.16906688086904967,0.35687647025073155
12061,"Indian River County, Florida",12,061,156964,0.07251339533164994,57945,0.06287210498425859,0.16456299425568635,0.16025330649066027,0.3293812593970592
12067,"Lafayette County, Florida",12,067,8576,0.4967105263157895,51734,0.10722384191771947,0.17205820031077837,0.19787779850746268,0.15065298507462688
12073,"Leon County, Florida",12,073,291863,0.08126936752423082,54675,0.06279924706595753,0.11699069691642482,0.18645734471310169,0.13436783696460325
12077,"Liberty County, Florida",12,077,8333,0.4419004006868918,39121,0.08246308966510622,0.24781849912739964,0.18288731549261972,0.1437657506300252
12083,"Marion County, Florida",12,083,360210,0.1955817137240677,46587,0.06920434709161552,0.17347522534702162,0.1865717220510258,0.2885039282640682
12087,"Monroe County, Florida",12,087,75137,0.10725645938354508,72012,0.0343818400924719,0.10157762491246859,0.15333324460651876,0.22416386068115576
12093,"Okeechobee County, Florida",12,093,41611,0.36457777303298816,46097,0.05272716266117804,0.16898340248962657,0.21294849919492442,0.197447790247771
31005,"Arthur County, Nebraska",31,005,439,0.10546875,48500,0.004405286343612335,0.15034168564920272,0.25968109339407747,0.3097949886104784
31011,"Boone County, Nebraska",31,011,5228,0.014806378132118452,60094,0.013976240391334731,0.13052795636080264,0.23450650344299923,0.22513389441469012
31017,"Brown County, Nebraska",31,017,2887,0.05609492988133765,41979,0.007708479327259986,0.14075114075114076,0.20782819535850364,0.2736404572220298
31023,"Butler County, Nebraska",31,023,7997,0.07329070339399901,59232,0.015180265654648957,0.12887584534898558,0.23221207952982367,0.20807802926097285
27159,"Wadena County, Minnesota",27,159,13681,0.0851360781577111,46178,0.06699751861042183,0.1589854855603771,0.25531759374314744,0.21014545720342082
31029,"Chase County, Nebraska",31,029,3707,0.12669683257918551,56135,0.0352,0.12551496841527052,0.22767736714324252,0.24197464256811438
31035,"Clay County, Nebraska",31,035,6193,0.02194878616561357,63686,0.03302469135802469,0.14114360828130135,0.2423704182141127,0.20393993218149523
31039,"Cuming County, Nebraska",31,039,8882,0.02207609206200094,59202,0.02889576883384933,0.10438365571706536,0.24408916910605719,0.2172934023868498
31045,"Dawes County, Nebraska",31,045,8685,0.04623732012267044,49379,0.01807361692748512,0.1161170459823502,0.18238341968911917,0.18272884283246976
31051,"Dixon County, Nebraska",31,051,5682,0.05717447436370343,57243,0.01893687707641196,0.1185834376676802,0.25307990144315384,0.20432946145723338
31057,"Dundy County, Nebraska",31,057,1928,0.07923497267759563,49211,0.010597302504816955,0.1352350765979926,0.2411825726141079,0.18775933609958506
31063,"Frontier County, Nebraska",31,063,2636,0.11918419375398343,59250,0.048672566371681415,0.20784164446136277,0.19840667678300455,0.2530349013657056
31069,"Garden County, Nebraska",31,069,1916,0.06120826709062003,42076,0.01995305164319249,0.19175147295125872,0.2160751565762004,0.2708768267223382
31075,"Grant County, Nebraska",31,075,691,0.15384615384615385,43625,0.008670520231213872,0.11901306240928883,0.2402315484804631,0.22865412445730826
31081,"Hamilton County, Nebraska",31,081,9219,0.02582046332046332,68649,0.0319337670017741,0.10875068794716566,0.2365766352098926,0.19806920490291788
01019,"Cherokee County, Alabama",01,019,26035,0.2530214659371054,42509,0.04128696299051516,0.16745575908103075,0.19216439408488573,0.22926829268292684
01021,"Chilton County, Alabama",01,021,44147,0.32432024928381165,52141,0.060989156307855064,0.20252904521695464,0.23920085170000227,0.16576437810043718
01023,"Choctaw County, Alabama",01,023,12755,0.33468286099865047,36634,0.06465244031269808,0.25835312747426764,0.19976479811838493,0.231125049000392
01025,"Clarke County, Alabama",01,025,23866,0.26473113244361196,37345,0.11632940157991559,0.19296981004070557,0.21629095784798458,0.19881840274868012
01027,"Clay County, Alabama",01,027,13285,0.22160421545667447,42678,0.05356515630488233,0.19150892788719442,0.20587128340233346,0.20368837034249154
01029,"Cleburne County, Alabama",01,029,14952,0.2902755503717743,46320,0.03293413173652695,0.20550919329669584,0.22538790797217764,0.2055912252541466
01031,"Coffee County, Alabama",01,031,52238,0.13842062368635524,56799,0.05497177594442032,0.17623883906475818,0.2364562196102454,0.16960833109996554
01033,"Colbert County, Alabama",01,033,54957,0.08957234257492423,47962,0.03989079944584793,0.17571509825147238,0.20925450806994558,0.19833688156194842
01035,"Conecuh County, Alabama",01,035,12219,0.30251284187144245,35444,0.07863604732080724,0.2277431011826544,0.2084458630002455,0.22677796873721254
01037,"Coosa County, Alabama",01,037,10696,0.3127739984882842,43571,0.025509010063187457,0.23640431948633137,0.16482797307404637,0.23345175766641735
01041,"Crenshaw County, Alabama",01,041,13826,0.2752414398595259,42611,0.04049897470950103,0.2252318563226851,0.2230580066541299,0.19268045710979315
01043,"Cullman County, Alabama",01,043,83345,0.223696657557284,48388,0.05007110848740172,0.18833830556161923,0.2244525766392705,0.18406623072769812
01047,"Dallas County, Alabama",01,047,38184,0.1929798795711558,33317,0.10379844463011761,0.17979542338922283,0.24130525874711922,0.17986591242405195
01049,"DeKalb County, Alabama",01,049,71430,0.22972886965376782,42267,0.04450212065582072,0.1335428789873848,0.24311913761724765,0.16973260534789303
01053,"Escambia County, Alabama",01,053,36775,0.17878204356721628,35558,0.10073128763980499,0.18668759067894472,0.22403806934058465,0.18061182868796738
01055,"Etowah County, Alabama",01,055,102721,0.1066206463759021,44934,0.057035721334122755,0.17907914487819715,0.21520429123548251,0.1902045346131755
01059,"Franklin County, Alabama",01,059,31587,0.1472092032381764,41174,0.048388275710839854,0.13208508470258565,0.24962801152372813,0.16528951783961757
01063,"Greene County, Alabama",01,063,8221,0.38705905281621517,26688,0.12659148781375046,0.21513407616015673,0.21481571584965334,0.22308721566719378
01065,"Hale County, Alabama",01,065,14754,0.4162100165668408,30793,0.09119170984455958,0.24582273258612392,0.23200488003253356,0.1931679544530297
01069,"Houston County, Alabama",01,069,105319,0.12282940708816269,49069,0.05602489995553579,0.16151640955330349,0.23082254863794757,0.1772614627939878
01071,"Jackson County, Alabama",01,071,51765,0.2143624428088323,42578,0.05194929902054926,0.20048756704046805,0.20989085289288129,0.20005795421616923
01075,"Lamar County, Alabama",01,075,13854,0.2039136302294197,42688,0.05114352602197011,0.24028061970184156,0.2195033925220153,0.21560560127039122
01077,"Lauderdale County, Alabama",01,077,92870,0.08309772044530836,48428,0.04668918606265328,0.1437244320654539,0.1972649940777431,0.1997738774631205
01081,"Lee County, Alabama",01,081,163461,0.1622779549077659,52930,0.046844000758198015,0.130352520645877,0.21124304880063136,0.12057922073155064
01085,"Lowndes County, Alabama",01,085,9936,0.3818320319939059,33634,0.10482862146609957,0.2730233031443981,0.2231280193236715,0.1894122383252818
01087,"Macon County, Alabama",01,087,18437,0.208418194161575,35450,0.10873105348866341,0.17569127590566763,0.17296740250583068,0.19916472311113523
01091,"Marengo County, Alabama",01,091,19138,0.27628408981401176,33029,0.06939689228338161,0.2505550269584523,0.23236492841467238,0.1974605496917128
01093,"Marion County, Alabama",01,093,29818,0.24413718313677646,40978,0.06160424419985747,0.2639618138424821,0.20839761218056208,0.21212019585485278
01097,"Mobile County, Alabama",01,097,413977,0.0721784278514114,49625,0.056168656555878244,0.136014730731328,0.2347545878152651,0.16225780659311992
01099,"Monroe County, Alabama",01,099,21006,0.2224259889965942,31969,0.13512476007677543,0.15326463790446843,0.21712843949347804,0.20046653337141768
01103,"Morgan County, Alabama",01,103,119352,0.11185117133670189,52923,0.047913674363790376,0.16666950349781282,0.2294473490180307,0.17460955828138616
01107,"Pickens County, Alabama",01,107,20049,0.2574844074844075,40362,0.08466880341880342,0.251995872481399,0.19686767419821438,0.1890867374931418
01109,"Pike County, Alabama",01,109,33274,0.22510929129979682,39218,0.048828389543545986,0.16172637449233193,0.18888621746709142,0.15372362805794315
01113,"Russell County, Alabama",01,113,57938,0.14198194325021496,42208,0.055891980360065464,0.2019472082302476,0.2413096758604025,0.1429286478649591
01115,"St. Clair County, Alabama",01,115,88929,0.22062084257206208,62531,0.05203030520303052,0.15834523754665683,0.2263491099641287,0.16756063826198428
01119,"Sumter County, Alabama",01,119,12595,0.3416220905016626,26150,0.07968687274187074,0.21614896861706398,0.1925367209210004,0.18229456133386265
01123,"Tallapoosa County, Alabama",01,123,40450,0.18794593396853534,48160,0.10956932289267618,0.20043076460717774,0.20721878862793572,0.2138442521631644
01125,"Tuscaloosa County, Alabama",01,125,208854,0.0922927637675945,54283,0.05954563878862746,0.12877424708021978,0.20955787296388864,0.13270035527210397
01129,"Washington County, Alabama",01,129,16336,0.25921190282459605,42331,0.06751193808661288,0.1791044776119403,0.21296523016650343,0.19753917727717923
01131,"Wilcox County, Alabama",01,131,10552,0.3714679531357684,35063,0.12984599044078599,0.18405205905205904,0.23805913570887036,0.19512888551933283
06001,"Alameda County, California",06,001,1661584,0.012035980830913536,104888,0.047336641607641304,0.09176568840152141,0.20558154146886345,0.13913590886768287
06003,"Alpine County, California",06,003,1159,0.011705685618729096,85750,0.09977827050997783,0.15703192407247626,0.21742881794650562,0.2907679033649698
06007,"Butte County, California",06,007,223344,0.12165843691469437,54972,0.0740965655514107,0.17011824270776255,0.2008784655061251,0.18206443871337488
06011,"Colusa County, California",06,011,21491,0.07506439347479456,59427,0.04202511618708593,0.1340486342126224,0.2728118747382625,0.1462007351914755
06013,"Contra Costa County, California",06,013,1147788,0.015739627578198218,103997,0.05476471091186781,0.11196395649088543,0.22668907498597302,0.15819820384949138
06017,"El Dorado County, California",06,017,190345,0.05308565125752165,83710,0.04658364411294619,0.1309441326894903,0.19916992828810842,0.21234074969134992
06019,"Fresno County, California",06,019,990204,0.037284352810950425,57109,0.08854573275458265,0.13024480169386912,0.28417477610674163,0.12232731841115568
01017,"Chambers County, Alabama",01,017,33427,0.13429496614659994,43875,0.035882661079099,0.1851246176675449,0.20779609297872978,0.19535106351153259
06023,"Humboldt County, California",06,023,136101,0.08551973715537356,49235,0.09037211170790496,0.16801307943835353,0.19063048765255214,0.17844835820456867
06025,"Imperial County, California",06,025,180580,0.09824561403508772,46222,0.13700060927844024,0.1392406546161686,0.2866984162144202,0.1290619116181194
06029,"Kern County, California",06,029,892458,0.07381868379799385,54851,0.09130999858503173,0.11391594899672809,0.2892673940958566,0.10965670093158446
06031,"Kings County, California",06,031,151090,0.03879655045712927,61556,0.08444891625027712,0.11933344745205153,0.2708518101793633,0.10301145012906215
06035,"Lassen County, California",06,035,30600,0.1288579038069873,56971,0.061498238035693986,0.16534158533682455,0.16133986928104574,0.14447712418300654
06039,"Madera County, California",06,039,155925,0.06418383518225039,61924,0.09618482212711123,0.13437641631322253,0.274369087702421,0.1401827801827802
06041,"Marin County, California",06,041,259441,0.011743338170745823,121671,0.04539648514924168,0.08874367291931111,0.20033071102871172,0.22291773466799775
06043,"Mariposa County, California",06,043,17319,0.17235154394299287,50960,0.08726072607260726,0.19103416112859975,0.1642127143599515,0.2818292049194526
06045,"Mendocino County, California",06,045,87110,0.09568429808680334,52915,0.08644419997555311,0.1771218567768413,0.21343129376650213,0.22080128573068533
06047,"Merced County, California",06,047,273661,0.06565848819369946,56330,0.10693371594454362,0.13128275974157896,0.2949963641147259,0.11242011101326094
06049,"Modoc County, California",06,049,8853,0.09279330671230272,51250,0.08391203703703703,0.16321812507224598,0.19688241274144358,0.27414435784479835
27027,"Clay County, Minnesota",27,027,64029,0.027201492537313434,66069,0.031452621999772494,0.10822517641129033,0.2456230770432148,0.1297068515828765
27029,"Clearwater County, Minnesota",27,029,8872,0.1630570595585173,51742,0.06999510523739598,0.1794725425276858,0.24797114517583407,0.20547790802524796
27031,"Cook County, Minnesota",27,031,5402,0.02285621656670449,59537,0.017108938547486033,0.12693383038210623,0.15475749722325063,0.2813772676786375
27033,"Cottonwood County, Minnesota",27,033,11279,0.004429678848283499,51067,0.046362339514978604,0.13718963655991365,0.24434790318290628,0.2275024381594113
27035,"Crow Wing County, Minnesota",27,035,64775,0.05386759911165714,57779,0.0393244422285928,0.14119209436762753,0.21540717869548437,0.22539560015438054
27037,"Dakota County, Minnesota",27,037,425271,0.02038014406960987,88468,0.034632783724322054,0.092676136887305,0.24403733148980297,0.14142746625093175
27039,"Dodge County, Minnesota",27,039,20807,0.045334612616934514,79020,0.025444855153442792,0.08790837038468974,0.2616907771423079,0.14802710626231558
27041,"Douglas County, Minnesota",27,041,37820,0.0450796626054358,65430,0.023891810668670174,0.1261172063152261,0.21435748281332628,0.2297726070861978
27043,"Faribault County, Minnesota",27,043,13727,0.01634916121694626,53963,0.03483004616030214,0.12472127248401962,0.2206600131128433,0.2277263786697749
27045,"Fillmore County, Minnesota",27,045,21031,0.035992801439712056,64375,0.02515779981965735,0.10971179462339549,0.24506680614331225,0.20897722409776046
27049,"Goodhue County, Minnesota",27,049,46330,0.04366960054163846,69334,0.03573553325665332,0.09749609795774802,0.2211310166199007,0.19596373839844594
27051,"Grant County, Minnesota",27,051,5962,0.058645707376058044,59246,0.04918577600531738,0.1420128335021952,0.22978866152297886,0.24052331432405233
27055,"Houston County, Minnesota",27,055,18670,0.05090162063455832,59514,0.01833705248859998,0.11127355425601039,0.21922870915907874,0.21505088377075524
27057,"Hubbard County, Minnesota",27,057,21287,0.09730166206850145,58475,0.040015808714553895,0.15266849938382784,0.20923568375064594,0.2537229294874806
27061,"Itasca County, Minnesota",27,061,45180,0.08773951880132545,55744,0.058236670008114944,0.16866330390920556,0.20801239486498452,0.2348605577689243
27065,"Kanabec County, Minnesota",27,065,16205,0.12774501192119464,57877,0.040481808021855206,0.17397815912636505,0.21363776612156743,0.2091329836470225
27067,"Kandiyohi County, Minnesota",27,067,42909,0.03662197318391035,64252,0.03733414274564218,0.12229175555871616,0.2436085669673029,0.18898133258756905
27071,"Koochiching County, Minnesota",27,071,12355,0.08480342741935484,52297,0.05838489608123116,0.1760882086727557,0.1800890327802509,0.2527721570214488
27073,"Lac qui Parle County, Minnesota",27,073,6645,0.027717391304347826,57802,0.02808158439255099,0.15417624521072798,0.19759217456734388,0.27178329571106097
27077,"Lake of the Woods County, Minnesota",27,077,3747,0.28363257871454595,50669,0.04234367306745446,0.11588330632090761,0.19909260741926874,0.23992527355217508
27079,"Le Sueur County, Minnesota",27,079,28425,0.029324366593681577,75925,0.033082421405528493,0.11013324850669777,0.2377132805628848,0.1748109058927001
27083,"Lyon County, Minnesota",27,083,25696,0.029021412139444345,57274,0.030957470332424266,0.103400771471306,0.2568882316313823,0.16014165628891655
27085,"McLeod County, Minnesota",27,085,35788,0.04898574389248257,62885,0.026599568655643422,0.12740682355590588,0.22988152453336314,0.1865988599530569
27089,"Marshall County, Minnesota",27,089,9353,0.1159057744423598,60951,0.020616409829237816,0.12376024148339802,0.22987276809579815,0.2158665668769379
27091,"Martin County, Minnesota",27,091,19737,0.01818547171707023,53851,0.045463472113118616,0.15123598955934286,0.21730759487257434,0.23296346962557632
27095,"Mille Lacs County, Minnesota",27,095,25963,0.10399507351243169,57173,0.05763862693323274,0.15568533688707717,0.23910950198359204,0.1818742056002773
27097,"Morrison County, Minnesota",27,097,33119,0.07313019390581718,58826,0.041504614848783886,0.1259962744678902,0.23705425888462817,0.1939068208581177
27101,"Murray County, Minnesota",27,101,8247,0.023190895426240067,62839,0.02806183115338882,0.1301840490797546,0.21462349945434703,0.2582757366315024
27103,"Nicollet County, Minnesota",27,103,34176,0.05323529411764706,69174,0.02317648239189325,0.12353062487110744,0.2203007958801498,0.15885416666666666
27107,"Norman County, Minnesota",27,107,6466,0.0448456610366919,56081,0.04938271604938271,0.12245220413967452,0.23693164243736467,0.2114135477884318
27109,"Olmsted County, Minnesota",27,109,156446,0.026474867625661872,80403,0.03388390858690787,0.09584152270611358,0.2452731293864976,0.15443028265343953
27113,"Pennington County, Minnesota",27,113,14110,0.09776833156216791,60940,0.034885228893788096,0.12494605092792405,0.23231750531537917,0.181218993621545
27115,"Pine County, Minnesota",27,115,29254,0.1792740841248304,55606,0.06081179734267776,0.17949549549549548,0.19610993368428248,0.2059205578724277
27119,"Polk County, Minnesota",27,119,31384,0.05366178428761651,58682,0.031046474865633892,0.1311427457098284,0.24314937547795054,0.18385164414988528
27121,"Pope County, Minnesota",27,121,11107,0.04058929645219483,62878,0.013752793536187038,0.13841782014850124,0.20482578554065003,0.24372017646529215
27125,"Red Lake County, Minnesota",27,125,4005,0.08298969072164948,59698,0.02108433734939759,0.12165206508135169,0.2449438202247191,0.20549313358302124
27127,"Redwood County, Minnesota",27,127,15193,0.03227124183006536,57243,0.016080137076578356,0.10657657054927411,0.24820641084710063,0.2131244652142434
27131,"Rice County, Minnesota",27,131,66549,0.04785183418783037,70600,0.05096691018478728,0.08960075005859833,0.21768922147590497,0.15708725901215645
27133,"Rock County, Minnesota",27,133,9386,0.010009310986964618,65744,0.017839246341952296,0.12000872790748418,0.24398039633496696,0.2013637332196889
27137,"St. Louis County, Minnesota",27,137,199499,0.04008189696219408,57480,0.04891515669958784,0.14285641475199282,0.18989067614374006,0.19374533205680228
27139,"Scott County, Minnesota",27,139,147201,0.01067772848610551,103261,0.030398012892542434,0.08133879255859966,0.27433916889151566,0.10928594235093511
27143,"Sibley County, Minnesota",27,143,14871,0.026793823796548592,64170,0.029123837493881546,0.11055378567071104,0.23448322237912717,0.1828390827785623
27145,"Stearns County, Minnesota",27,145,159788,0.02206006605730087,65244,0.04919819399034719,0.10730125483417136,0.23190727714221343,0.1499737151726037
27149,"Stevens County, Minnesota",27,149,9770,0.027986829727187208,65503,0.024171397180003662,0.10849349039057657,0.2120777891504606,0.1692937563971341
27151,"Swift County, Minnesota",27,151,9329,0.03457556935817806,53457,0.033375052148518984,0.14732385191618716,0.22714117268731912,0.2198520741772966
27155,"Traverse County, Minnesota",27,155,3282,0.03156384505021521,51216,0.04472477064220184,0.16671879887394433,0.19926873857404023,0.24832419256550883
27157,"Wabasha County, Minnesota",27,157,21564,0.08430913348946135,67906,0.036936170212765955,0.13002850067747512,0.215312557966982,0.21572992023743276
27161,"Waseca County, Minnesota",27,161,18658,0.032774486322954745,60450,0.035972689289717724,0.1146747693000225,0.23378711544645728,0.17804695036981455
27163,"Washington County, Minnesota",27,163,259072,0.01478494623655914,97584,0.030826875585455164,0.09260134251250551,0.24476207386363635,0.1494256422924901
27167,"Wilkin County, Minnesota",27,167,6264,0.05124124761298536,56829,0.04454545454545455,0.14664713541666666,0.21791187739463602,0.1966794380587484
27169,"Winona County, Minnesota",27,169,50744,0.04054944021074419,60020,0.032761415833558495,0.10881715297253217,0.1793315465867886,0.16851253350149772
27171,"Wright County, Minnesota",27,171,136387,0.03770893947173256,87772,0.0266673742586868,0.09449701654361599,0.2790661866600189,0.12524654109262612
27173,"Yellow Medicine County, Minnesota",27,173,9775,0.013646861221918959,59289,0.018522246829071873,0.13569504868448312,0.23150895140664962,0.2061381074168798
29001,"Adair County, Missouri",29,001,25468,0.07908581285036653,42301,0.057180616740088105,0.12629531107317266,0.1872153290403644,0.14728286477147792
29003,"Andrew County, Missouri",29,003,17554,0.05697151424287856,58911,0.040018087271082976,0.13655292076344708,0.22980517261023128,0.19180813489802895
29005,"Atchison County, Missouri",29,005,5180,0.017984390906006106,51625,0.03457346862081924,0.1783052177324441,0.19826254826254827,0.2548262548262548
29007,"Audrain County, Missouri",29,007,25336,0.05848382069850582,44699,0.04993576017130621,0.18074324324324326,0.22868645405746763,0.1782443953268077
29009,"Barry County, Missouri",29,009,35615,0.16311735387403714,45811,0.03328799948189884,0.15621281659017508,0.22658991997753755,0.2119050961673452
29011,"Barton County, Missouri",29,011,11732,0.1142653097661132,44510,0.06684543190959587,0.21171403962101637,0.23491305830207979,0.2078929423798159
51005,"Alleghany County, Virginia",51,005,15030,0.12555998008959682,48513,0.045703552981687275,0.19174461163074422,0.18995342648037258,0.2417831004657352
51007,"Amelia County, Virginia",51,007,12970,0.23231425524351226,63918,0.04415043853129181,0.14937888198757765,0.2125674633770239,0.19475713184271395
51011,"Appomattox County, Virginia",51,011,15814,0.20374898125509372,55457,0.027707473025176503,0.1600101593751984,0.21310231440495764,0.20443910459086886
51013,"Arlington County, Virginia",51,013,236434,0.0006623769871309614,122604,0.028450192488047376,0.06038531499652188,0.17962729556662746,0.10756067232293155
51017,"Bath County, Virginia",51,017,4248,0.09292565947242207,55481,0.06377799415774099,0.14134615384615384,0.1483050847457627,0.2681261770244821
51019,"Bedford County, Virginia",51,019,78965,0.1279176821012727,67136,0.03427625876605468,0.13617963797449018,0.19958209333248908,0.21505730386880265
51023,"Botetourt County, Virginia",51,023,33440,0.08897653586469684,72719,0.028262428298279157,0.12207878586328869,0.19318181818181818,0.22538875598086125
51025,"Brunswick County, Virginia",51,025,16336,0.2727603787327021,46111,0.06893004115226338,0.1940561908795708,0.15928011753183155,0.21449559255631734
51029,"Buckingham County, Virginia",51,029,17087,0.2907725321888412,48603,0.05779359430604982,0.16644420715429792,0.18534558436238074,0.19488500029262013
51031,"Campbell County, Virginia",51,031,55406,0.1729430318882948,52319,0.03836770902639166,0.14221338393052615,0.1999422445222539,0.20028516767137133
51035,"Carroll County, Virginia",51,035,29911,0.2204564464093679,44518,0.04391610509578254,0.18476433806226047,0.18217378222058775,0.24526094079101335
51036,"Charles City County, Virginia",51,036,6965,0.1277350680070964,60096,0.030639042894660053,0.1904830362277171,0.15118449389806174,0.24895908111988513
51037,"Charlotte County, Virginia",51,037,11953,0.2442135096835144,40924,0.054960046774507894,0.2025894897182026,0.22094871580356396,0.2213670208315904
51043,"Clarke County, Virginia",51,043,14498,0.0029715358148264,86154,0.02953416565982011,0.12684324550981899,0.19540626293281832,0.2100289695130363
51045,"Craig County, Virginia",51,045,5103,0.18417366946778713,57792,0.01744186046511628,0.16463893249607536,0.17656280619243583,0.21869488536155202
51049,"Cumberland County, Virginia",51,049,9869,0.20497156098588581,50565,0.022770398481973434,0.15670960543665685,0.19748708075792887,0.2226162731786402
51051,"Dickenson County, Virginia",51,051,14524,0.2923868584245943,30116,0.048723404255319146,0.31390549387987476,0.19237124759019553,0.22232167446984302
51057,"Essex County, Virginia",51,057,10960,0.12899931926480598,51125,0.08018154311649017,0.1577153385536619,0.18576642335766425,0.22846715328467154
51059,"Fairfax County, Virginia",51,059,1149439,0.004819956208493818,127866,0.04051955873265811,0.07163752606270199,0.23509468532040412,0.13513722781287218
51063,"Floyd County, Virginia",51,063,15766,0.18833580980683506,51250,0.030869849574885547,0.13298008171603679,0.19091716351642776,0.23170112901179754
51065,"Fluvanna County, Virginia",51,065,26873,0.06426502534395366,78885,0.02518910741301059,0.13089825991534723,0.20049864175938675,0.2001637331150225
51069,"Frederick County, Virginia",51,069,88054,0.06129189763621219,80011,0.03313037249283668,0.11595945118074741,0.2292116201421855,0.17312103936220954
51071,"Giles County, Virginia",51,071,16760,0.1465311004784689,57279,0.04145809267103068,0.13217527198413176,0.20477326968973747,0.21485680190930787
51075,"Goochland County, Virginia",51,075,23472,0.041951424666176004,97146,0.03744859567766209,0.12358144937896524,0.17736025903203817,0.2229890933878664
51077,"Grayson County, Virginia",51,077,15651,0.18343770244007773,41558,0.04342653182629387,0.1949616648411829,0.166890294549869,0.25078269759120825
51081,"Greensville County, Virginia",51,081,11403,0.18606870229007633,49756,0.05339179778179005,0.1635733729274932,0.15425765149522055,0.15250372708936244
51083,"Halifax County, Virginia",51,083,34295,0.17798517705188033,43714,0.0387682155622766,0.20638615338704863,0.20399475142149,0.242396850852894
51087,"Henrico County, Virginia",51,087,330076,0.003436426116838488,72295,0.04061674637732886,0.11409664577980502,0.22756274312582556,0.15452501848059236
51089,"Henry County, Virginia",51,089,51032,0.20184782193715878,38511,0.06339361802859578,0.21329656376478057,0.19503448816428906,0.24006505721899984
51093,"Isle of Wight County, Virginia",51,093,37107,0.10910122274045128,77870,0.05954932817483139,0.15386713210428712,0.21028377395100656,0.189613819494974
51095,"James City County, Virginia",51,095,76032,0.03240452238938841,91675,0.0413973701805215,0.13189541781869918,0.19765361952861954,0.25355113636363635
51097,"King and Queen County, Virginia",51,097,7011,0.16790193842645382,65385,0.035383777898747956,0.12423334759663386,0.18955926401369277,0.23520182570246756
51099,"King George County, Virginia",51,099,26679,0.05983074197992521,96711,0.038841342988808425,0.10289549376797699,0.2501218186588703,0.13148918625135875
51101,"King William County, Virginia",51,101,16985,0.04080484029829745,73284,0.04065040650406504,0.11978735971647962,0.22502207830438622,0.16196644097733295
51103,"Lancaster County, Virginia",51,103,10686,0.04939727463312369,59736,0.09901669334552939,0.16968776691657966,0.15702788695489425,0.3613138686131387
51105,"Lee County, Virginia",51,105,23723,0.1944915254237288,35006,0.09715922654571497,0.26655584508940605,0.1826075960038781,0.21679382877376385
51107,"Loudoun County, Virginia",51,107,405312,0.005176028974031877,147111,0.03563180613072153,0.06075880879874715,0.28148685457129324,0.09380181193747039
51109,"Louisa County, Virginia",51,109,36654,0.11403608305911721,67027,0.051805251641137855,0.16783427289146735,0.20237900365580838,0.19869591313362797
51111,"Lunenburg County, Virginia",51,111,12294,0.20904237570904238,45884,0.03773584905660377,0.2035468501852832,0.19773873434195544,0.21921262404424924
51113,"Madison County, Virginia",51,113,13208,0.03615837696335079,63482,0.04099984758420972,0.13523022793330275,0.2076014536644458,0.2322077528770442
51115,"Mathews County, Virginia",51,115,8760,0.08040986453629732,74489,0.04452498058503754,0.1852322625375549,0.15057077625570775,0.30068493150684933
51117,"Mecklenburg County, Virginia",51,117,30726,0.20858089279141911,50224,0.03409436834094368,0.19367615467239527,0.18629173989455183,0.25610232376488967
51119,"Middlesex County, Virginia",51,119,10642,0.11425462459194777,57060,0.051914211264782524,0.16805582477224268,0.16068408193948505,0.3206164254839316
51121,"Montgomery County, Virginia",51,121,98495,0.11255347396371146,59126,0.0348208462202024,0.10467077621369644,0.15453576323671253,0.12699121782831616
51125,"Nelson County, Virginia",51,125,14812,0.14101184068891282,62203,0.03095271901178475,0.13510767980495733,0.1761409667836889,0.2706589251957872
51127,"New Kent County, Virginia",51,127,22310,0.030020703933747412,97688,0.031093884582256676,0.09725315515961395,0.19735544598834603,0.17355445988346033
51131,"Northampton County, Virginia",51,131,11826,0.08905030938929244,50819,0.04371474617244158,0.18277528477735588,0.1963470319634703,0.26754608489768306
51133,"Northumberland County, Virginia",51,133,12151,0.09966741765904946,59437,0.060406821450585575,0.13817792774257262,0.14632540531643487,0.38515348530985105
51135,"Nottoway County, Virginia",51,135,15338,0.1312197269925143,49983,0.04305084745762712,0.20198675496688742,0.19207197809362367,0.19187638544790717
51137,"Orange County, Virginia",51,137,36501,0.06594991477645208,74446,0.05530486462689853,0.16292150474758443,0.2098572641845429,0.19881647078162243
51139,"Page County, Virginia",51,139,23862,0.1067639820079776,51878,0.05236630787630275,0.19169626247251817,0.1999413293102003,0.21238789707484704
51141,"Patrick County, Virginia",51,141,17660,0.25139337048987975,46941,0.03747072599531616,0.18714500985278776,0.17542468856172141,0.2669875424688562
51145,"Powhatan County, Virginia",51,145,29253,0.025786673879722298,93833,0.014355420408740542,0.11688553253227187,0.18196424298362562,0.18360510033158992
51147,"Prince Edward County, Virginia",51,147,22892,0.15061258977608788,44253,0.05941247662009022,0.15729656714332294,0.15428970819500262,0.16372531888869474
51149,"Prince George County, Virginia",51,149,38292,0.04599442008768433,75123,0.06543385490753911,0.13548071334618092,0.21999373237229708,0.13895852919669904
51155,"Pulaski County, Virginia",51,155,34113,0.10821909884897912,53689,0.04886115444617785,0.1972754027731424,0.17761557177615572,0.22671708732741183
51157,"Rappahannock County, Virginia",51,157,7360,0.006509764646970456,82077,0.0416221985058698,0.1502717391304348,0.18763586956521738,0.259375
51161,"Roanoke County, Virginia",51,161,94103,0.015571693147480262,70076,0.033291497372843495,0.11040728889853028,0.20139634230577133,0.2161567643964592
31087,"Hitchcock County, Nebraska",31,087,2788,0.15623205054566341,46000,0.017964071856287425,0.1954231747184889,0.24318507890961263,0.2528694404591105
31093,"Howard County, Nebraska",31,093,6428,0.04985525892569958,59432,0.033543577981651376,0.12118855009334163,0.2433105164903547,0.21001866832607344
31099,"Kearney County, Nebraska",31,099,6588,0.06754032258064516,62899,0.022331786542923435,0.11764705882352941,0.25333940497874924,0.19398907103825136
31105,"Kimball County, Nebraska",31,105,3576,0.09830159547092125,48056,0.06545454545454546,0.15867158671586715,0.18987695749440717,0.25559284116331094
31111,"Lincoln County, Nebraska",31,111,35042,0.07818710328053628,59995,0.03356929543192125,0.14324456882375003,0.23842817190799612,0.1918840248844244
31117,"McPherson County, Nebraska",31,117,420,0.0398406374501992,51932,0.0,0.0880952380952381,0.11666666666666667,0.33095238095238094
31123,"Morrill County, Nebraska",31,123,4711,0.07257072570725707,46903,0.053402239448751075,0.13590530469092504,0.23413288049246445,0.20611335172999362
31127,"Nemaha County, Nebraska",31,127,6978,0.04948512585812357,50236,0.05499276410998553,0.16110304789550073,0.21266838635712237,0.20020063055316709
31175,"Valley County, Nebraska",31,175,4100,0.024778761061946902,56205,0.007554296506137866,0.14201037293158805,0.21829268292682927,0.25951219512195123
31179,"Wayne County, Nebraska",31,179,9388,0.00785008863003292,58894,0.031133250311332503,0.09982898674647285,0.19610140605027696,0.1570089475926715
31185,"York County, Nebraska",31,185,13671,0.028328611898016998,63105,0.030397727272727274,0.13237221494102228,0.23173140223831468,0.20137517372540414
32005,"Douglas County, Nevada",32,005,48486,0.0555962555962556,71415,0.04084807538447862,0.14355891802259302,0.16466608918038197,0.285236975621829
32011,"Eureka County, Nevada",32,011,1839,0.46956521739130436,67478,0.0,0.14830970556161396,0.277868406742795,0.18433931484502447
32017,"Lincoln County, Nevada",32,017,5177,0.17709476765459203,56537,0.05059847660500544,0.20035226772346984,0.18987830790032836,0.22290902066834073
32023,"Nye County, Nevada",32,023,45514,0.3359764789736279,47308,0.08657021072221889,0.2402672348737071,0.16966208199674826,0.29955618051588523
32031,"Washoe County, Nevada",32,031,464182,0.05349030044538011,68272,0.052310399408640594,0.12049707754479075,0.21637848947180202,0.16356084466868598
33001,"Belknap County, New Hampshire",33,001,61174,0.08792738899489454,67328,0.03790310255234602,0.1612609630977991,0.18434302154510085,0.220436786870239
33007,"Coos County, New Hampshire",33,007,31486,0.10826671595582459,48945,0.04986167830325385,0.2071892330582984,0.1625801943721019,0.23689893921107794
33013,"Merrimack County, New Hampshire",33,013,150902,0.06104099013540837,77937,0.03452086065374715,0.14133023880779333,0.19135597937734425,0.18300618944745597
33019,"Sullivan County, New Hampshire",33,019,43173,0.09204965662968832,63760,0.025306389746468334,0.13223005079469113,0.1865981052972923,0.21443958029323884
22005,"Ascension Parish, Louisiana",22,005,125061,0.17995039272426622,82594,0.060167888574510324,0.12573789371109195,0.2682770807845771,0.11814234653489097
22011,"Beauregard Parish, Louisiana",22,011,37387,0.31561855992006493,49256,0.0785100645889509,0.19874591057797164,0.24714472945141358,0.15727391874180865
22017,"Caddo Parish, Louisiana",22,017,243243,0.08822414416320629,42003,0.06882229426066455,0.15335974338143535,0.23762245984468205,0.17035228146339257
22023,"Cameron Parish, Louisiana",22,023,6963,0.447953216374269,56902,0.019120458891013385,0.13223617727732062,0.21686054861410312,0.1808128680166595
22029,"Concordia Parish, Louisiana",22,029,19533,0.24426059979317477,36294,0.09175669675891668,0.18425356719869157,0.2381098653560641,0.17677776071264015
22035,"East Carroll Parish, Louisiana",22,035,6947,0.17866004962779156,24551,0.06388415672913117,0.18100189035916825,0.24672520512451418,0.13329494745933496
22041,"Franklin Parish, Louisiana",22,041,20109,0.27819869811119413,35759,0.08250431091656718,0.15869070911109937,0.25346859615097717,0.17912377542393954
22047,"Iberville Parish, Louisiana",22,047,32626,0.2175423039976354,49539,0.0961322869955157,0.18988287217789848,0.2056948446024643,0.15677680377612946
22053,"Jefferson Davis Parish, Louisiana",22,053,31425,0.17920968316126734,42716,0.07417450949114691,0.19524733268671193,0.2545425616547335,0.16254574383452666
22101,"St. Mary Parish, Louisiana",22,101,50020,0.1934032347073057,40218,0.06721437493994427,0.18092765733060215,0.24020391843262695,0.16767293082766893
22107,"Tensas Parish, Louisiana",22,107,4435,0.14156714244101368,29767,0.14343707713125844,0.1199909440796921,0.23359639233370913,0.24577226606538896
22111,"Union Parish, Louisiana",22,111,22270,0.3427757291317466,45094,0.04043186074694282,0.15962981721073713,0.21962281095644365,0.20561293219577909
22117,"Washington Parish, Louisiana",22,117,46325,0.23711055969120484,39185,0.0945331500475838,0.21064116985376827,0.23810037776578521,0.17919050188882893
22123,"West Carroll Parish, Louisiana",22,123,10934,0.279217040875072,42545,0.07277752187931828,0.15324945605902943,0.2259923175416133,0.1897750137186757
36003,"Allegany County, New York",36,003,46304,0.16932059447983014,51227,0.051988062000577644,0.1596097603561919,0.1990324809951624,0.1884502418797512
36009,"Cattaraugus County, New York",36,009,76750,0.12883568052589908,50700,0.055867974114787916,0.15455789833899286,0.2222671009771987,0.1921302931596091
36015,"Chemung County, New York",36,015,84115,0.04571223353769592,54883,0.058632577568635345,0.15976514215080345,0.21387386316352613,0.18867027284075372
36021,"Columbia County, New York",36,021,60016,0.08669918505740289,68750,0.056509161041465764,0.14834487012541978,0.17278725673153825,0.23921954145561183
36027,"Dutchess County, New York",36,027,293524,0.03229587078350294,81842,0.04957363687100082,0.12234180634388309,0.18857401779752253,0.17594472683664708
36031,"Essex County, New York",36,031,37281,0.0632057597574839,58109,0.04731932111947847,0.15820938215102975,0.1608057723773504,0.23467718140607816
36037,"Genesee County, New York",36,037,57554,0.058661813676140324,60635,0.039529597786342525,0.14682115374502622,0.20278347291239532,0.18749348437988672
36043,"Herkimer County, New York",36,043,61738,0.08646971935007386,58438,0.061225812724856575,0.15697341513292434,0.20586996663319188,0.20616152126729081
36049,"Lewis County, New York",36,049,26456,0.12209818596980845,56192,0.04911180773249739,0.14689784514104184,0.22902177199879045,0.18744330208648322
36055,"Monroe County, New York",36,055,743084,0.008814815940201455,62087,0.05288172348362613,0.1406094130118648,0.20816623692610794,0.17322806035387656
36061,"New York County, New York",36,061,1629153,0.0007741617579913836,89812,0.05708003796267004,0.10287676032187684,0.14316580456224798,0.16619065244332484
36067,"Onondaga County, New York",36,067,461591,0.012737482541565424,62668,0.05738680133527348,0.1310804743706267,0.21307391175304544,0.1708113893035176
36073,"Orleans County, New York",36,073,40624,0.10535099052540912,52958,0.05998813184441927,0.160091646476351,0.19326014178810555,0.17821977156360772
36079,"Putnam County, New York",36,079,98714,0.008485977439718514,107246,0.045819142798652596,0.09562032656798412,0.19846222420325385,0.17404826063172396
36085,"Richmond County, New York",36,085,475596,0.002205845767706197,85381,0.04931323546774765,0.09949766644967441,0.21863304148899487,0.1625602402038705
37007,"Anson County, North Carolina",37,007,24430,0.22709334248455731,39799,0.07438533750558785,0.1851688951442646,0.19959066721244373,0.18632828489562014
37013,"Beaufort County, North Carolina",37,013,47160,0.2659148919958856,48051,0.06862281116895409,0.17555522305110832,0.20078456318914334,0.23736217133163698
37019,"Brunswick County, North Carolina",37,019,137303,0.21949922975113367,59763,0.059504506860540124,0.16270313119302418,0.15257496194547826,0.31490207788613506
37025,"Cabarrus County, North Carolina",37,025,211605,0.05846958151463589,71177,0.04971907325739744,0.10156502865411343,0.2560856312468987,0.13203846790009688
37031,"Carteret County, North Carolina",37,031,69301,0.1714003360015812,57871,0.05311124110964008,0.182493149877729,0.17468723395044805,0.24972222623050172
37037,"Chatham County, North Carolina",37,037,72853,0.15572107669482543,69799,0.04382274979831739,0.14412232754445445,0.2014055701206539,0.24373738898878564
37045,"Cleveland County, North Carolina",37,045,97765,0.19092281648899667,43512,0.07409808216728508,0.1505927718751282,0.2197412161816601,0.18496394415179257
37051,"Cumberland County, North Carolina",37,051,334562,0.08865272353685585,48177,0.0781668218317235,0.1671760704931007,0.24743395842922986,0.11929029596905805
37057,"Davidson County, North Carolina",37,057,166837,0.14235738421784933,50454,0.05467622287213345,0.15181686046511628,0.22014900771411616,0.18124276988917326
06053,"Monterey County, California",06,053,432977,0.04645197660489042,76943,0.050719753744630766,0.08883512008145175,0.2617921968141495,0.13640678373216128
06055,"Napa County, California",06,055,138572,0.06395128209761651,92219,0.045207956600361664,0.12206620812653954,0.20606616055191526,0.19203013595820223
06057,"Nevada County, California",06,057,99417,0.06114460625173917,68333,0.03964106737482332,0.13947884789393955,0.17099691199694217,0.27409799128921614
06059,"Orange County, California",06,059,3170345,0.02702579991355231,94441,0.04958245225468622,0.08853488802798856,0.22007541765959227,0.14788358995629813
06061,"Placer County, California",06,061,391799,0.02678178982797758,93677,0.04157367683122148,0.10517630911348091,0.2223487043101182,0.19555435312494418
06063,"Plumas County, California",06,063,18844,0.1197001197001197,57233,0.0633003140855279,0.1675406678082192,0.16832944173211634,0.2768520483973679
06065,"Riverside County, California",06,065,2437864,0.08562999813032354,70732,0.07270687390542907,0.11608259405203199,0.25178722028792416,0.1445425175481487
06067,"Sacramento County, California",06,067,1537948,0.023753918550014314,70684,0.06408414397014449,0.11982374055155241,0.23658277132906963,0.1407843438139651
06069,"San Benito County, California",06,069,61547,0.04418423106947697,85808,0.07531890945472737,0.10153350263723383,0.2574292816871659,0.12692738882480056
06071,"San Bernardino County, California",06,071,2162532,0.056747105531650625,65761,0.07297282159709872,0.11409710927750387,0.2639706603185525,0.11562002319503249
06073,"San Diego County, California",06,073,3323970,0.03433734146806984,82426,0.06166049677925973,0.10003087880968091,0.21608197426571238,0.14071637228976194
06075,"San Francisco County, California",06,075,874784,0.0012593668545682153,119136,0.04683872854557751,0.10104857830793831,0.1341622617697626,0.1579327011010718
06077,"San Joaquin County, California",06,077,751615,0.03292929622499918,68628,0.07248797860801272,0.12377130933919622,0.270976497275866,0.1276571116861691
06079,"San Luis Obispo County, California",06,079,282517,0.07481023426253108,77948,0.044730338712022095,0.11741407113478647,0.17679998017818396,0.2006958873271343
06081,"San Mateo County, California",06,081,765623,0.010751338087790038,128091,0.03993771118785043,0.08194616395534625,0.20476004508746473,0.16172058571908107
06085,"Santa Clara County, California",06,085,1924379,0.02873391379227862,130890,0.042494448055077585,0.0810880561038071,0.21928528631833957,0.1351022849449095
06087,"Santa Cruz County, California",06,087,273170,0.062285600884529245,89986,0.06082733394069335,0.11485385280429704,0.19140461983380314,0.1644141011091994
06091,"Sierra County, California",06,091,2898,0.08985879332477535,52103,0.0703012912482066,0.1651567944250871,0.15320910973084886,0.28191856452726016
06095,"Solano County, California",06,095,444538,0.028260664549998427,84638,0.05876113989870164,0.1211191557246288,0.22185954856502707,0.15739486838020597
06097,"Sonoma County, California",06,097,496801,0.04591812027235131,86173,0.04619181416594044,0.1169455969229332,0.19645894432579644,0.1961771413503596
06101,"Sutter County, California",06,101,96315,0.049863348258417164,63502,0.07695816796678984,0.12530443125388777,0.2593469345377148,0.15356901832528683
06103,"Tehama County, California",06,103,64176,0.19324353682381057,48895,0.08864781941705019,0.19039089994972347,0.2388587634006482,0.19800236848666167
06107,"Tulare County, California",06,107,463955,0.06060807974466781,52534,0.09904453917389387,0.11693362450733881,0.30773889709131275,0.11386018040542725
06109,"Tuolumne County, California",06,109,54147,0.08833776764221463,60509,0.07297716692529373,0.2001953125,0.16595563927826104,0.26056845254584743
06113,"Yolo County, California",06,113,218774,0.0370139375039776,73746,0.055848992879323774,0.10194981201363994,0.2101575141470193,0.12485030213827969
06115,"Yuba County, California",06,115,77524,0.09349678681195865,59424,0.07105304580513143,0.15260471500726308,0.27546308240028894,0.12367782880140343
05003,"Ashley County, Arkansas",05,003,20000,0.21028863145493815,43601,0.045102093564228486,0.2242308273326955,0.2284,0.20475
05005,"Baxter County, Arkansas",05,005,41673,0.13344660828649849,43504,0.054436849559701954,0.2344177046801306,0.17435749766035563,0.3119045905022437
05009,"Boone County, Arkansas",05,009,37525,0.08904552129221732,46392,0.044938505203405865,0.20318564036222508,0.22712858094603597,0.2088740839440373
05013,"Calhoun County, Arkansas",05,013,5160,0.3061501868841318,50441,0.08028231142479048,0.21870728373364579,0.1872093023255814,0.2114341085271318
05015,"Carroll County, Arkansas",05,015,28062,0.1452339436210404,48249,0.04476035743298132,0.1439347677718309,0.21894376737224716,0.22981255790749056
05019,"Clark County, Arkansas",05,019,22341,0.17994128231840137,39500,0.035872328405988134,0.22728098048116205,0.18978559598943645,0.16507765990779286
05021,"Clay County, Arkansas",05,021,14710,0.11602691924227318,37933,0.05819622181596588,0.22579761741749965,0.21454792658055744,0.21339225016995242
05025,"Cleveland County, Arkansas",05,025,8063,0.3009944215377153,46349,0.030883261272390366,0.19944806823883593,0.22634255239985118,0.20550663524742652
05027,"Columbia County, Arkansas",05,027,23620,0.1600273551034365,37609,0.06532079061409998,0.18654144408064793,0.2071549534292972,0.17294665537679932
05031,"Craighead County, Arkansas",05,031,109081,0.055377415720599704,49730,0.058318722893789796,0.18875680479946672,0.247174118315747,0.1372099632383275
05035,"Crittenden County, Arkansas",05,035,48381,0.07237264800367141,42384,0.0929026587563173,0.16677104208416835,0.2723589838986379,0.13836010003927163
05037,"Cross County, Arkansas",05,037,16576,0.13813400125234815,44379,0.07039177906229929,0.18122898196270254,0.23829633204633205,0.18466457528957528
05041,"Desha County, Arkansas",05,041,11538,0.1180864589955499,31855,0.04992402865205123,0.18000348675034866,0.2567169353440804,0.18755416883342
05043,"Drew County, Arkansas",05,043,18263,0.2537037037037037,42924,0.02791338089873576,0.193958753642681,0.21748891200788478,0.17970760554125828
05047,"Franklin County, Arkansas",05,047,17785,0.1482913444749314,37561,0.054420836189170665,0.24013251842120295,0.22895698622434635,0.1992128197919595
05049,"Fulton County, Arkansas",05,049,12301,0.24492478457718708,35274,0.05103224309904895,0.23191752577319588,0.20754410210551988,0.26030404032192506
05053,"Grant County, Arkansas",05,053,18229,0.271710771524413,59051,0.03257603077292944,0.18293628808864265,0.22458719622579407,0.17532503154314555
05057,"Hempstead County, Arkansas",05,057,21695,0.18325449385052034,45484,0.05705541589244726,0.19415030088165322,0.25402166397787507,0.18147038488130907
05059,"Hot Spring County, Arkansas",05,059,33667,0.23478260869565218,46390,0.05567010309278351,0.2334360799516985,0.21317610716725577,0.18739418421599785
05063,"Independence County, Arkansas",05,063,37585,0.20957831325301204,48972,0.042990433447502065,0.18891708054415893,0.2396700811493947,0.17339364108021818
05065,"Izard County, Arkansas",05,065,13596,0.17054157549234136,42818,0.10720233139050792,0.267874241940632,0.17431597528684908,0.2545601647543395
06051,"Mono County, California",06,051,14395,0.061737155833096795,64924,0.02447594814007028,0.06402524544179523,0.20722473080930878,0.15269190691212225
05069,"Jefferson County, Arkansas",05,069,68123,0.11827280354788446,40402,0.08603978300180831,0.18551721960920484,0.2197202119695257,0.1730105837969555
05071,"Johnson County, Arkansas",05,071,26475,0.1383495145631068,39346,0.0393569844789357,0.20663168301771997,0.2431728045325779,0.16434372049102927
05075,"Lawrence County, Arkansas",05,075,16511,0.11656288916562889,40587,0.07827542904981163,0.236215616134205,0.2196111683120344,0.19502150081763672
05079,"Lincoln County, Arkansas",05,079,13278,0.305135307905391,46554,0.016745005875440658,0.19081570996978853,0.1677963548727218,0.15431540894713058
05081,"Little River County, Arkansas",05,081,12345,0.21288644015916744,48966,0.07890961262553801,0.19539004183413994,0.22235722964763063,0.21539084649655732
05085,"Lonoke County, Arkansas",05,085,73163,0.13340283148939033,59278,0.04738655944859276,0.1532889584964761,0.2564410972759455,0.1360113718682941
05087,"Madison County, Arkansas",05,087,16393,0.19815668202764977,41446,0.07665854706978077,0.2157391517528806,0.2311352406514976,0.19008113219056916
05091,"Miller County, Arkansas",05,091,43515,0.11677564364527994,45391,0.08116567728008635,0.18839241315621227,0.23727450304492703,0.1653912443984833
05095,"Monroe County, Arkansas",05,095,6879,0.1340832395950506,38438,0.06237816764132553,0.24691176470588236,0.20976886175316178,0.22866695740659979
05097,"Montgomery County, Arkansas",05,097,8964,0.2835744680851064,41165,0.075320970042796,0.2701539855072464,0.1854082998661312,0.27286925479696567
29013,"Bates County, Missouri",29,013,16282,0.13299298021697512,46733,0.04998714983294783,0.17471466198419666,0.23510625230315685,0.1953691192728166
29015,"Benton County, Missouri",29,015,19305,0.2450182430536065,41751,0.07246986262966078,0.26012257084490076,0.17321937321937322,0.30914270914270914
29017,"Bollinger County, Missouri",29,017,12181,0.13646418240598945,45140,0.0552009012392039,0.22121187071174672,0.2168951646006075,0.20006567605286923
29019,"Boone County, Missouri",29,019,179704,0.04328021129725798,58740,0.03510340972610397,0.11597460025668761,0.20336776031696568,0.12257378800694475
29021,"Buchanan County, Missouri",29,021,87904,0.037839369429704804,51933,0.04936905546661644,0.16280303119586098,0.2252229705132872,0.1620517837641063
29023,"Butler County, Missouri",29,023,42570,0.12764244010469097,42227,0.06913254073095552,0.24781146387424563,0.2365750528541226,0.18858350951374206
29025,"Caldwell County, Missouri",29,025,9052,0.11312313591819344,51451,0.03228285933897002,0.15066336856307624,0.23552806009721608,0.19796730004418914
29027,"Callaway County, Missouri",29,027,44944,0.15597345132743362,59835,0.05681227863046045,0.13969146448061612,0.21226415094339623,0.1628248487006052
29029,"Camden County, Missouri",29,029,45823,0.07254972013814458,53520,0.045741799578693954,0.18358502664337675,0.17667983327150122,0.2802740981603125
29031,"Cape Girardeau County, Missouri",29,031,78834,0.05674748531891389,53776,0.044088621336228165,0.1395870388987704,0.2128776923662379,0.1659436283836923
29033,"Carroll County, Missouri",29,033,8723,0.0688320068832007,51414,0.06177606177606178,0.1434525877040639,0.22205663189269748,0.2174710535366273
29035,"Carter County, Missouri",29,035,6085,0.160012285012285,42403,0.03794139744552968,0.2502071251035626,0.24338537387017256,0.19605587510271158
29039,"Cedar County, Missouri",29,039,14144,0.20459232778770797,39408,0.047820489240389924,0.2192134107027724,0.24321266968325791,0.23154694570135748
29041,"Chariton County, Missouri",29,041,7449,0.1053519768563163,51545,0.03035878564857406,0.1756475966200305,0.2272788293730702,0.24338837427842663
29045,"Clark County, Missouri",29,045,6783,0.16471595775049958,45842,0.029827315541601257,0.14552796889021838,0.2285124576146248,0.214359427981719
29047,"Clay County, Missouri",29,047,246480,0.01871980064627883,72047,0.04117846457679327,0.11744652706614354,0.241208211619604,0.1417315806556313
29051,"Cole County, Missouri",29,051,76630,0.024165123364597647,61184,0.03873931351282379,0.11019510854630393,0.22386793683935796,0.16592718256557484
29053,"Cooper County, Missouri",29,053,17522,0.07352548705631172,53003,0.05660613650594865,0.16232427366447985,0.2190959936080356,0.17783358064147928
29057,"Dade County, Missouri",29,057,7571,0.17446270543615677,42117,0.08750365817968979,0.15445731214651226,0.2052569013340378,0.23999471668207634
29059,"Dallas County, Missouri",29,059,16841,0.18519963584341267,40404,0.041452392083528126,0.21796724470134876,0.23704055578647348,0.20966688438928804
29063,"DeKalb County, Missouri",29,063,11872,0.07877813504823152,58433,0.020206879961510705,0.14485344239945466,0.1725067385444744,0.1773079514824798
29065,"Dent County, Missouri",29,065,15518,0.193367903930131,42714,0.05167173252279635,0.21668620554904258,0.22335352493878077,0.21884263436009796
29069,"Dunklin County, Missouri",29,069,29657,0.11198781838316722,38020,0.07530913442361388,0.2033687698467486,0.25626327679805777,0.17867619786222477
29071,"Franklin County, Missouri",29,071,103629,0.08862372821763685,60129,0.04389935177016609,0.1396851972627542,0.229366297079003,0.17357110461357342
29075,"Gentry County, Missouri",29,075,6576,0.08286604361370717,46774,0.027932960893854747,0.16141059499766972,0.2542579075425791,0.19601581508515814
29077,"Greene County, Missouri",29,077,291574,0.026366679062848643,47053,0.04055068665192344,0.14734859410675127,0.20796435896204737,0.1645482793390357
29081,"Harrison County, Missouri",29,081,8427,0.08515981735159818,40615,0.03261175147596289,0.2176335230713334,0.24468968790791504,0.22475376765159605
29083,"Henry County, Missouri",29,083,21854,0.1161243277732203,47500,0.05512454062882809,0.19991646944173744,0.2206461059760227,0.21858698636405235
29087,"Holt County, Missouri",29,087,4374,0.10347296813462227,46442,0.026566416040100252,0.19043129860947444,0.20324645633287608,0.2590306355738454
29089,"Howard County, Missouri",29,089,10022,0.1327818894209839,55000,0.02897061845079104,0.1512978487021513,0.21482737976451807,0.19337457593294752
29093,"Iron County, Missouri",29,093,10150,0.13812570568310123,40082,0.054007820136852396,0.23807582551977172,0.20798029556650247,0.22285714285714286
29095,"Jackson County, Missouri",29,095,700733,0.010044235155436995,56960,0.049409341101490326,0.12842151081926007,0.23576883063877396,0.1497845827155279
29099,"Jefferson County, Missouri",29,099,224777,0.10478760597849839,67606,0.047606965552820985,0.13730055130154714,0.2317585873999564,0.15000200198418878
29103,"Knox County, Missouri",29,103,3948,0.09582417582417582,37588,0.04426787741203178,0.17992813141683778,0.2383485309017224,0.21605876393110435
29105,"Laclede County, Missouri",29,105,35680,0.18987972829812427,46582,0.06371438788890213,0.1764789051012329,0.24730941704035875,0.17928811659192825
29109,"Lawrence County, Missouri",29,109,38241,0.11425149700598802,44060,0.07758573085206251,0.18022870181210368,0.25407285374336447,0.18056536178447216
29111,"Lewis County, Missouri",29,111,9898,0.13996478873239437,45118,0.05285746555229275,0.1463917525773196,0.22620731460901192,0.18731056779147304
29115,"Linn County, Missouri",29,115,12004,0.0589157004073958,51150,0.019923769923769923,0.13815511857540722,0.23567144285238253,0.2120959680106631
29117,"Livingston County, Missouri",29,117,14969,0.07776640841982166,50818,0.024906785980611485,0.13652894966540588,0.21177099338633176,0.19921170418865655
29121,"Macon County, Missouri",29,121,15154,0.11587425305274097,44696,0.04621405991269005,0.17920665816497752,0.23432757027847434,0.2235713343011746
29123,"Madison County, Missouri",29,123,12176,0.11012700534759358,47984,0.04393505253104107,0.24706965840589418,0.23324572930354795,0.1885676741130092
29127,"Marion County, Missouri",29,127,28572,0.046981406381513505,54277,0.03943786329188433,0.14118237550639945,0.23589528209435812,0.17580148397032058
29129,"Mercer County, Missouri",29,129,3623,0.09369114877589454,50030,0.03551401869158879,0.15518695529940962,0.24206458735854264,0.21694728125862545
29133,"Mississippi County, Missouri",29,133,13328,0.064876177188699,34354,0.08284272497897392,0.24515354263166925,0.20948379351740695,0.18382352941176472
29135,"Moniteau County, Missouri",29,135,15907,0.07933160285528877,57012,0.04128041714947856,0.13181128431507794,0.24938706229961652,0.16181555290123845
29139,"Montgomery County, Missouri",29,139,11414,0.14427383237364044,52123,0.026429240862230554,0.18456406095032007,0.22008060276852986,0.2045733309970212
29141,"Morgan County, Missouri",29,141,20438,0.17124166239096972,41477,0.04097827500975673,0.19656374501992033,0.2284959389372737,0.23426949799393287
29145,"Newton County, Missouri",29,145,58288,0.1343446161294227,52067,0.048803515015069535,0.14425211599833496,0.23898572604995882,0.18235314301399946
29147,"Nodaway County, Missouri",29,147,22199,0.05807770961145194,46303,0.025886524822695035,0.10654397683217338,0.15879093652867246,0.150186945357899
29151,"Osage County, Missouri",29,151,13613,0.06484539177424196,62087,0.01747889201599763,0.11349715888126337,0.22970689781826195,0.17417174759421142
29153,"Ozark County, Missouri",29,153,9138,0.1797299666842013,33046,0.04322321704229701,0.2522572120678265,0.1908513898008317,0.28036769533814837
29157,"Perry County, Missouri",29,157,19227,0.08996029495178673,56861,0.043550222406123926,0.13712072989603225,0.23446195454309043,0.185052270244968
29159,"Pettis County, Missouri",29,159,42421,0.05004110715264456,49315,0.047883414295628035,0.16529143048480066,0.24794323566158272,0.167935692227906
29161,"Phelps County, Missouri",29,161,44587,0.08821080472155557,44987,0.04512626133278697,0.16648057422809617,0.21039764953910334,0.16168389889429655
29163,"Pike County, Missouri",29,163,18158,0.1272062531517902,44920,0.04650849285521704,0.13450292397660818,0.22552043176561296,0.17815838748760876
29165,"Platte County, Missouri",29,165,102848,0.0041295986030157866,82448,0.03387813670248136,0.12546491202245316,0.23728220286247667,0.14703251400124456
29167,"Polk County, Missouri",29,167,32031,0.12548645274983478,47614,0.02491368221515131,0.1492523127613737,0.23018325996690706,0.17760919109612563
29169,"Pulaski County, Missouri",29,169,52359,0.09818675863510477,58426,0.04844074844074844,0.18027676399026765,0.21912183196776103,0.0858114173303539
29171,"Putnam County, Missouri",29,171,4746,0.09343603482920294,48833,0.05486968449931413,0.1421494723239285,0.22945638432364096,0.2509481668773704
51163,"Rockbridge County, Virginia",51,163,22728,0.1372957942301008,54133,0.04771668219944082,0.17199661966819374,0.18030623020063358,0.25796374516015486
51167,"Russell County, Virginia",51,167,26937,0.2399645154136172,38564,0.06551758895272654,0.2749138318597332,0.19233767680142555,0.21327542042543712
51169,"Scott County, Virginia",51,169,21761,0.21346153846153845,41540,0.03743252757568646,0.2799809342230696,0.18317172924038416,0.24070584991498553
51173,"Smyth County, Virginia",51,173,30539,0.17629832096837172,41088,0.0551156409251274,0.24883822005282338,0.19290088084089196,0.22122531844526672
51175,"Southampton County, Virginia",51,175,17829,0.15755753138075315,63034,0.04746520874751491,0.16349390953051357,0.19473890851982725,0.19961859891188513
51179,"Stafford County, Virginia",51,179,150185,0.023750795671546785,112247,0.03811673907622035,0.08634389309539808,0.260232380064587,0.10414488797150181
51181,"Surry County, Virginia",51,181,6459,0.15944444444444444,56525,0.047604035308953345,0.17231726283048213,0.1774268462610311,0.22278990555813594
51185,"Tazewell County, Virginia",51,185,41201,0.23259852394964065,42207,0.0705412322866596,0.21632939642418314,0.19397587437198127,0.2224217858789835
51187,"Warren County, Virginia",51,187,39888,0.011771130392573267,70109,0.057944107875708424,0.14262626262626263,0.21813578018451665,0.1592960288808664
51193,"Westmoreland County, Virginia",51,193,17873,0.08907654590029965,53790,0.12698412698412698,0.15815374172747326,0.1884406646897555,0.25300732949141164
51195,"Wise County, Virginia",51,195,38032,0.2765601472310524,41285,0.09236444630054987,0.27589005821764445,0.19115481699621373,0.18113693731594446
51199,"York County, Virginia",51,199,68389,0.011311090559863414,93356,0.05268962909274257,0.11585699757490417,0.23652926640249164,0.1619412478614982
51510,"Alexandria city, Virginia",51,510,158309,6.547845104176215e-05,102227,0.03286211309285771,0.07473454677217933,0.18350820231319762,0.11637999103020043
51530,"Buena Vista city, Virginia",51,530,6477,0.017445917655268667,36634,0.0182648401826484,0.15493178610631958,0.206577119036591,0.18033039987648602
51540,"Charlottesville city, Virginia",51,540,47217,0.012104552469135802,59598,0.04037496596522618,0.08618407004057228,0.15505008789207278,0.11762712582332635
51570,"Colonial Heights city, Virginia",51,570,17283,0.003495598135680994,60522,0.06059552774881242,0.1574443141852286,0.22768037956373316,0.19730370884684373
51580,"Covington city, Virginia",51,580,5653,0.044861064613324404,41024,0.02741514360313316,0.11367321203386777,0.22041393950114982,0.19494073943039095
51590,"Danville city, Virginia",51,590,40668,0.041967570513693965,37147,0.07137520832136084,0.19541683528935655,0.2188206944034622,0.20674731976000787
51600,"Fairfax city, Virginia",51,600,23312,0.0,109708,0.04029443011079071,0.06511791622668074,0.21688400823610157,0.1532258064516129
51610,"Falls Church city, Virginia",51,610,14309,0.0,146922,0.04435918954561803,0.07048892015476609,0.24467118596687398,0.13173527150744288
51630,"Fredericksburg city, Virginia",51,630,29059,0.003617397156557584,69528,0.057882150959592864,0.12293666689688515,0.20809387797240098,0.10908840634571045
51640,"Galax city, Virginia",51,640,6402,0.06983240223463687,35184,0.08336227856894755,0.20876623376623377,0.25601374570446733,0.20259293970634176
51660,"Harrisonburg city, Virginia",51,660,53558,0.014412840530654582,49117,0.04744083654375344,0.099190742701558,0.16352365659658688,0.09134022928414055
51670,"Hopewell city, Virginia",51,670,22500,0.010527332431910372,43262,0.08411934552454282,0.17342219804134928,0.25675555555555557,0.15315555555555554
51680,"Lynchburg city, Virginia",51,680,80970,0.01118863922786094,49201,0.06310472217335579,0.13184594417242945,0.18976164011362234,0.14271952575027788
51683,"Manassas city, Virginia",51,683,41038,0.013383491282644867,86227,0.04363335798494802,0.06770846050543279,0.26658219211462547,0.1036112870997612
51690,"Martinsville city, Virginia",51,690,12646,0.014868309260832626,36166,0.03944230416437351,0.22789059941041598,0.24221097580262532,0.18456428910327377
51700,"Newport News city, Virginia",51,700,179582,0.027244351389192175,54511,0.05714516184791251,0.15291466026194672,0.2320277087904133,0.1293893597353855
51720,"Norton city, Virginia",51,720,3969,0.10641330166270783,30518,0.08581043185642176,0.24072652852391915,0.15973796926177877,0.21592340639959687
51730,"Petersburg city, Virginia",51,730,30791,0.01908723846812676,43029,0.12610382659887612,0.21480017419851932,0.2099964275275243,0.16780877529148128
51740,"Portsmouth city, Virginia",51,740,94961,0.00780351769857384,53213,0.06251569742219787,0.14791217188061848,0.23335895788797506,0.14739735259738207
51750,"Radford city, Virginia",51,750,17833,0.024992333639987735,34576,0.06476212155702253,0.11545182930266644,0.11164694667190041,0.08798295295239163
51770,"Roanoke city, Virginia",51,770,99122,0.004511502202549424,45664,0.06726157716801635,0.11303744090830194,0.22182764673836283,0.16497851132947278
51775,"Salem city, Virginia",51,775,25290,0.02129817444219067,63411,0.04925994449583719,0.1089506932480105,0.1863977856860419,0.19292210359826018
51790,"Staunton city, Virginia",51,790,24660,0.006837173968093188,52292,0.03679601510404113,0.14646002991524015,0.18990267639902678,0.21184103811841037
51800,"Suffolk city, Virginia",51,800,91383,0.024576135208857035,79899,0.06195299228006795,0.1163338304385365,0.24101857019358086,0.14454548438987558
51810,"Virginia Beach city, Virginia",51,810,450882,0.010439604813309284,78136,0.04379280656892098,0.11409946964845738,0.22155685966616542,0.1419240510821013
51820,"Waynesboro city, Virginia",51,820,22300,0.012227855651655234,43480,0.04618021105799585,0.1721203892283322,0.22901345291479822,0.17551569506726458
51830,"Williamsburg city, Virginia",51,830,15034,0.001707455890722823,59288,0.051855097867367805,0.10176006473801336,0.11048290541439404,0.1607689237727817
51840,"Winchester city, Virginia",51,840,27912,0.011686143572621035,61102,0.052921195652173916,0.16059452601051297,0.22778733161364287,0.1672757237030668
53001,"Adams County, Washington",53,001,19702,0.2341412327947337,51601,0.06287641532160924,0.11836232107126365,0.35240077149527965,0.11135925286772916
53003,"Asotin County, Washington",53,003,22636,0.10815638023417344,53941,0.05760324199150907,0.18432439666324665,0.2040554868351299,0.23308004947870647
53005,"Benton County, Washington",53,005,200715,0.08738352734687556,72046,0.05335577218217805,0.14133244978589035,0.2659890890068007,0.14904715641581345
53007,"Chelan County, Washington",53,007,76653,0.09705967062027072,61304,0.03683689574917739,0.16584504257506658,0.23487665192490836,0.1913428045869046
53009,"Clallam County, Washington",53,009,76482,0.12420049776540798,55090,0.06609458308357258,0.20262269024438703,0.1695823853978714,0.2953897649120054
53011,"Clark County, Washington",53,011,481950,0.040404257260475425,77184,0.0514141770531619,0.12053822027549566,0.239360929557008,0.1544828301691047
53013,"Columbia County, Washington",53,013,4024,0.10349586016559338,61779,0.017293997965412006,0.20246169304194925,0.17171968190854872,0.2875248508946322
53015,"Cowlitz County, Washington",53,015,108399,0.08647987547253724,58791,0.06464650651854001,0.19778706297285475,0.22763125121080452,0.19037075987785865
53017,"Douglas County, Washington",53,017,42520,0.15527445746779622,65730,0.04173904651611658,0.19640919171424526,0.25785512699905927,0.17528222013170272
53019,"Ferry County, Washington",53,019,7643,0.19885487778022462,41685,0.07317952415284787,0.2830188679245283,0.1622399581316237,0.2741070260368965
53021,"Franklin County, Washington",53,021,93681,0.08774198057166818,66904,0.05664862906695044,0.12459969615161816,0.3248257384101365,0.09527011880744228
53023,"Garfield County, Washington",53,023,2258,0.1724137931034483,56923,0.06529850746268656,0.21636119803308002,0.20017714791851196,0.26395039858281666
53025,"Grant County, Washington",53,025,96648,0.26082504004411416,59165,0.057602128235188024,0.12791121004399972,0.29509146593825014,0.13893717407499379
53027,"Grays Harbor County, Washington",53,027,73769,0.11115060702176528,50665,0.06366256222164003,0.20081629170340454,0.20275454459190176,0.21675771665604793
53029,"Island County, Washington",53,029,84187,0.07480482611781405,70765,0.058087656373020734,0.15466670123002346,0.1814413151674249,0.24558423509567986
53033,"King County, Washington",53,033,2225064,0.01667674705778584,99158,0.04267169529394572,0.09758510191976622,0.20190070937285398,0.13178137797384704
53035,"Kitsap County, Washington",53,035,268945,0.06220873999824145,78969,0.044005932273214136,0.14759102931627044,0.20377028760527247,0.17870940155050288
53037,"Kittitas County, Washington",53,037,47097,0.073433501197061,59703,0.06114334401752749,0.13388217684165507,0.16922521604348473,0.1599464934072234
53041,"Lewis County, Washington",53,041,79430,0.1809123242816011,54970,0.06643558636626228,0.19412348569683396,0.21558605061060052,0.2102983759284905
37063,"Durham County, North Carolina",37,063,317665,0.01512941903318271,62812,0.046943566853134694,0.09550383725062674,0.20785418601356775,0.13076039223710512
37069,"Franklin County, North Carolina",37,069,68027,0.24916772488588393,58172,0.06798442647499252,0.16153490935633313,0.21986858159260295,0.16907992414776485
37075,"Graham County, North Carolina",37,075,8501,0.2591553942593204,42207,0.0337173363304299,0.2180952380952381,0.20032937301493942,0.23479590636395717
37081,"Guilford County, North Carolina",37,081,532956,0.028774476778301784,54794,0.0585938501547534,0.11393472853995064,0.22253619435750793,0.1518286687831641
37087,"Haywood County, North Carolina",37,087,61862,0.1840208642979332,51548,0.040532676046694735,0.17583079603367147,0.18111279945685557,0.2472923604151175
37095,"Hyde County, North Carolina",37,095,5089,0.17531470678538533,46667,0.045408163265306126,0.14821311115983338,0.2126154450776184,0.19689526429553939
37101,"Johnston County, North Carolina",37,101,203308,0.16094102481469547,61806,0.04259670616786214,0.13950364558292153,0.25468255061286327,0.13329529580734648
37107,"Lenoir County, North Carolina",37,107,56350,0.23453580327158488,39923,0.08936318562132012,0.2399637352674524,0.2264418811002662,0.19714285714285715
37113,"Macon County, North Carolina",37,113,35172,0.15015787627178107,45703,0.04820403258111897,0.1857102029151186,0.17914818605709087,0.28696121915159783
37119,"Mecklenburg County, North Carolina",37,119,1095170,0.014159288150622692,69240,0.04728769795637416,0.08082791629808804,0.23534154514824182,0.11211044860615246
37167,"Stanly County, North Carolina",37,167,62050,0.11950583782625772,54104,0.04910758634391867,0.15906241752441277,0.21698630136986302,0.1892344883158743
37173,"Swain County, North Carolina",37,173,14241,0.2599118942731278,45554,0.06052883083784645,0.18698435277382647,0.22926760761182502,0.190997823186574
37179,"Union County, North Carolina",37,179,235767,0.05077107587192751,82557,0.04676300199653062,0.0945531131158444,0.26856175800684573,0.12626024846564618
37185,"Warren County, North Carolina",37,185,19746,0.3310928553647,37476,0.09028530155290719,0.19739696312364424,0.18079611060467943,0.2540767750430467
37191,"Wayne County, North Carolina",37,191,123785,0.2257141284605647,47221,0.05403911640428605,0.1580807234969017,0.23732277739629196,0.16445449771781717
37197,"Yadkin County, North Carolina",37,197,37589,0.22982114193992204,46954,0.05095251634916122,0.16042465349454438,0.20944957301338157,0.19745138205326027
34003,"Bergen County, New Jersey",34,003,931275,0.0030910868094136124,104623,0.045742255891921324,0.08144581647423058,0.21205766288153338,0.1731142788113071
34009,"Cape May County, New Jersey",34,009,92701,0.033734430649737406,72385,0.0668368268883267,0.1453945699061152,0.1753487017400028,0.2659949730855115
34015,"Gloucester County, New Jersey",34,015,291745,0.020790732370880687,89056,0.053004576070103636,0.12224287484510533,0.21879380966254777,0.1586076882208778
34021,"Mercer County, New Jersey",34,021,368085,0.004279364641835786,83306,0.06010553480760354,0.10235734403333462,0.21326324082752626,0.153100506676447
34027,"Morris County, New Jersey",34,027,492715,0.002401942127081769,117298,0.048844074966218204,0.08648275749126923,0.21131079833169275,0.1708411556376404
34033,"Salem County, New Jersey",34,033,62754,0.037309378056290074,64234,0.07104973805057888,0.1509740787719127,0.2150301176020652,0.18559773082193964
34039,"Union County, New Jersey",34,039,555208,0.0018686243670589628,82644,0.05789961400257332,0.09239658230122873,0.23482370571029235,0.14454943012348526
18003,"Allen County, Indiana",18,003,375520,0.032109343637093536,57104,0.05048101789593462,0.12650584594869976,0.2569290583723903,0.1457845121431615
18009,"Blackford County, Indiana",18,009,11926,0.04922667553633794,44341,0.06076093128904032,0.21355183832894625,0.21952037564984067,0.21348314606741572
18015,"Carroll County, Indiana",18,015,20137,0.057243596391164574,56159,0.026230174867832454,0.15043938486119432,0.22222773998112927,0.19580871033421066
18021,"Clay County, Indiana",18,021,26231,0.09887029644100909,59398,0.046189376443418015,0.19017593025066168,0.23243490526476307,0.18386641759749914
18027,"Daviess County, Indiana",18,027,33277,0.07998408276959809,53800,0.03500950632662427,0.14263925324873405,0.2932355681101061,0.15386002343961294
18033,"DeKalb County, Indiana",18,033,43193,0.08716000440480123,58415,0.03667023554603854,0.12722776896519547,0.2424698446507536,0.16069733521635451
18039,"Elkhart County, Indiana",18,039,205184,0.06963181297157037,58509,0.04375575032686069,0.12382198306716363,0.2759035792264504,0.1461566203992514
18085,"Kosciusko County, Indiana",18,085,79156,0.10245510987453951,62789,0.03607617678763924,0.13256870199790768,0.23941331042498357,0.16490221840416394
18091,"LaPorte County, Indiana",18,091,110026,0.04196542828705491,57010,0.054646628916276425,0.14352557339897629,0.2150946140003272,0.17688546343591516
18097,"Marion County, Indiana",18,097,957337,0.01501491602525011,51219,0.05712104009886566,0.1343618217228148,0.24679397119300728,0.1252369855129385
18103,"Miami County, Indiana",18,103,35684,0.07910118197168463,50616,0.04868752689494068,0.15497128499641064,0.21194372828158278,0.17380338527070957
18109,"Morgan County, Indiana",18,109,70141,0.07815842070198815,67680,0.0520420135203084,0.13523660991494463,0.22593062545444176,0.16575184271681329
18115,"Ohio County, Indiana",18,115,5890,0.15881326352530542,63649,0.01878415300546448,0.15487407915024842,0.19168081494057726,0.2169779286926995
18121,"Parke County, Indiana",18,121,16912,0.15982067127105296,55853,0.04554163596168018,0.1753067386137342,0.22209082308420056,0.19364947965941343
18127,"Porter County, Indiana",18,127,169482,0.04600770885363283,72255,0.045364144331849605,0.11196427826232108,0.22049539184102146,0.16388761048370917
18133,"Putnam County, Indiana",18,133,37419,0.08170924414011062,61505,0.022922306053101422,0.12397887019022602,0.19273631043052994,0.16646623373152677
18139,"Rush County, Indiana",18,139,16632,0.03438624550179928,56814,0.05392343889100852,0.1656527558097092,0.22216209716209717,0.1815776815776816
18143,"Scott County, Indiana",18,143,23785,0.15862004312365238,45123,0.044465740297077144,0.2348361707588331,0.22068530586504098,0.1709901198234181
18149,"Starke County, Indiana",18,149,22996,0.09190880643719267,49705,0.05630791161796151,0.1498956340233084,0.23634545138284918,0.18277091668116194
18155,"Switzerland County, Indiana",18,155,10727,0.19777571825764598,51270,0.05463917525773196,0.19350893697083726,0.24759951524191293,0.18709797706721357
18161,"Union County, Indiana",18,161,7140,0.10869565217391304,55278,0.028796522684053246,0.16149068322981366,0.2092436974789916,0.1957983193277311
18167,"Vigo County, Indiana",18,167,107305,0.02775020590906211,47261,0.05876810061344974,0.17576380073836495,0.20399794976934904,0.16341270211080564
18173,"Warrick County, Indiana",18,173,62608,0.05252955262457714,79079,0.035,0.1224159945693459,0.2386276514183491,0.17381165346281624
18179,"Wells County, Indiana",18,179,28010,0.068355279711482,57565,0.02633744855967078,0.12839316987740806,0.2483041770796144,0.18132809710817566
25001,"Barnstable County, Massachusetts",25,001,213505,0.0052479520187244,76863,0.040502793296089384,0.13019436520948038,0.15034308330015692,0.3047610126226552
25007,"Dukes County, Massachusetts",25,007,17430,0.0024958402662229617,77318,0.050554607508532426,0.09721901684744981,0.1678714859437751,0.24475043029259896
25013,"Hampden County, Massachusetts",25,013,466647,0.014893166695059185,57623,0.06197906465582904,0.1611412001066299,0.21525049984249336,0.1691492712907187
25019,"Nantucket County, Massachusetts",25,019,11212,0.002960473675788126,112306,0.05838345313187619,0.12997584757133912,0.15884766321798074,0.16080984659293615
39037,"Darke County, Ohio",39,037,51387,0.04513601741022851,54799,0.02733976621950263,0.13706312972292192,0.23712222935761962,0.19485472979547355
39043,"Erie County, Ohio",39,043,74419,0.02711407978456583,58408,0.05690197425800143,0.1472182130116282,0.20332173235329687,0.21747134468348137
39049,"Franklin County, Ohio",39,049,1304715,0.008945838799738327,62352,0.04847732720804598,0.1154195539419887,0.23295202400524254,0.12012355188681052
39055,"Geauga County, Ohio",39,055,93657,0.031223175965665238,83730,0.027760829774252593,0.10552098361361728,0.22892042239234653,0.2034551608528994
39061,"Hamilton County, Ohio",39,061,815790,0.00796106287818995,59190,0.05383129902889298,0.1192173087374362,0.2298312065605119,0.1540580296399809
39067,"Harrison County, Ohio",39,067,15132,0.16448344043499752,49454,0.0593671679197995,0.1751721344673957,0.20823420565688608,0.2160983346550357
39071,"Highland County, Ohio",39,071,43080,0.12535583044355883,47973,0.048122550030946974,0.18682660031454662,0.2386490250696379,0.18289229340761373
39077,"Huron County, Ohio",39,077,58271,0.06348265781780833,55041,0.046586345381526104,0.14242891549564224,0.2405827941857871,0.17210962571433475
05099,"Nevada County, Arkansas",05,099,8249,0.23873775843307943,39946,0.055690809494826535,0.2315203955500618,0.22633046429870288,0.20632803976239544
05101,"Newton County, Arkansas",05,101,7753,0.13493412664683382,39542,0.05276116778051354,0.23454379799557465,0.19747194634335097,0.2676383335483039
05103,"Ouachita County, Arkansas",05,103,23597,0.1488939740655988,38279,0.07462843891641194,0.24593548387096775,0.22456244437852269,0.203881849387634
05105,"Perry County, Arkansas",05,105,10342,0.21490086120568797,44926,0.05353925353925354,0.23443760383074366,0.22065364532972345,0.19899439180042544
05107,"Phillips County, Arkansas",05,107,18151,0.07771160792736503,33724,0.14419551934826885,0.23874526409627814,0.2565147925734119,0.18781334361743154
05109,"Pike County, Arkansas",05,109,10714,0.22401847575057737,42983,0.03795105765242638,0.2498816399962125,0.21504573455292142,0.20132536867649803
05111,"Poinsett County, Arkansas",05,111,23747,0.1223394578861197,40700,0.047088103534096565,0.2166595472020504,0.238682780982861,0.17977007622015412
05113,"Polk County, Arkansas",05,113,19999,0.17334649555774925,39084,0.10505124450951683,0.22403904206077682,0.22951147557377868,0.22821141057052852
05115,"Pope County, Arkansas",05,115,63926,0.13058810146740985,46004,0.05704745166959578,0.1781962370262713,0.22730970184275567,0.15420955479773488
05117,"Prairie County, Arkansas",05,117,8138,0.23714285714285716,42754,0.06015625,0.22681829542614346,0.2057016465962153,0.2380191693290735
05119,"Pulaski County, Arkansas",05,119,393078,0.04587512131996118,52930,0.049764991477712926,0.15649791900008536,0.23233556698670493,0.15503793140292765
05121,"Randolph County, Arkansas",05,121,17934,0.14497624290184263,42844,0.04257940854326397,0.22804130730821606,0.23586483773837405,0.1987844318055091
05123,"St. Francis County, Arkansas",05,123,25477,0.13702251800528764,36053,0.05988664313977115,0.19555935098206662,0.2150174667347019,0.16367704203791655
05125,"Saline County, Arkansas",05,125,120990,0.1545911412236261,66876,0.039170850524432074,0.1659145230573802,0.23277130341350524,0.1789817340276056
05127,"Scott County, Arkansas",05,127,10269,0.2019685784592088,42635,0.058092175777063236,0.23059584476675812,0.2366345311130587,0.20936800077904372
05129,"Searcy County, Arkansas",05,129,7898,0.1939002221773379,35077,0.036558462023321775,0.23154662914161442,0.19688528741453531,0.2563940238034946
05131,"Sebastian County, Arkansas",05,131,127670,0.03444955975283141,47878,0.04937107940325674,0.19948284860274232,0.23971175687318869,0.16033523928879143
05133,"Sevier County, Arkansas",05,133,16947,0.2351846550243344,47872,0.048826291079812206,0.14379900213827512,0.2853012332566236,0.1403788281111701
05135,"Sharp County, Arkansas",05,135,17217,0.15463917525773196,35573,0.05195409429280397,0.2675907435686597,0.20677237613986177,0.2609630016843817
05137,"Stone County, Arkansas",05,137,12582,0.3187527067994803,36067,0.08222173627815438,0.244668911335578,0.19726593546336035,0.2707041805754252
05139,"Union County, Arkansas",05,139,39089,0.20034886618489908,45293,0.03851261620185923,0.16647736073106512,0.24073268694517638,0.1768784056895802
05143,"Washington County, Arkansas",05,143,236198,0.051072051072051074,52380,0.04402394929563351,0.10916340784507932,0.24328741140907206,0.11666906578379156
05145,"White County, Arkansas",05,145,78725,0.1916047635891994,44000,0.049352488273990386,0.17670215621365304,0.23358526516354397,0.16290885995554144
05149,"Yell County, Arkansas",05,149,21425,0.13095840501973485,47981,0.035619784245878285,0.17333017527238276,0.24014002333722287,0.17339556592765462
09003,"Hartford County, Connecticut",09,003,892153,0.005681116138208069,76259,0.0580208996748567,0.12072055475574782,0.2101029756106856,0.1712845218252923
09005,"Litchfield County, Connecticut",09,005,181143,0.003927027455240941,81590,0.057651971066198814,0.12600023355001586,0.18176247495072953,0.21298090458919197
09009,"New Haven County, Connecticut",09,009,855733,0.00482350063860431,71370,0.06420035042146462,0.11539393538213853,0.20218572849241528,0.173952623072851
09011,"New London County, Connecticut",09,011,266868,0.027372041760530968,75831,0.05288068499634267,0.12408480870880903,0.19487911626721824,0.18267083352069188
09015,"Windham County, Connecticut",09,015,116657,0.02546147672552167,67365,0.06926413856029198,0.14036567969103372,0.19827357123875977,0.16561372227984605
11001,"District of Columbia, District of Columbia",11,001,701974,0.0012406325973082033,90842,0.07119626250006077,0.11361025577299046,0.1795622060076299,0.12238629920766296
02016,"Aleutians West Census Area, Alaska",02,016,5708,0.011425732737208148,87443,0.040110998990918266,0.07933884297520662,0.17817098808689558,0.07533286615276805
02020,"Anchorage Municipality, Alaska",02,020,292090,0.04193823810369168,84813,0.0523490456291309,0.11186975164629752,0.242760792906296,0.11084597213187716
02060,"Bristol Bay Borough, Alaska",02,060,739,0.04822043628013777,79808,0.038202247191011236,0.15862068965517243,0.19350473612990526,0.11637347767253045
02063,"Chugach Census Area, Alaska",02,063,6495,0.17280194706419227,90776,0.028088355604035997,0.1121804985799937,0.21354888375673595,0.1342571208622017
02068,"Denali Borough, Alaska",02,068,2502,0.07752403846153846,76364,0.03660662405578152,0.16276202219482122,0.10391686650679456,0.10471622701838529
02070,"Dillingham Census Area, Alaska",02,070,4934,0.01421608448415922,57436,0.11604714415231188,0.1202441505595117,0.31252533441426833,0.11289014997973247
02100,"Haines Borough, Alaska",02,100,2547,0.04964539007092199,65014,0.09029126213592233,0.18961447678992918,0.33725952100510403,0.22968197879858657
02105,"Hoonah-Angoon Census Area, Alaska",02,105,2135,0.05545286506469501,59926,0.10847457627118644,0.17627754336615095,0.1297423887587822,0.2262295081967213
02122,"Kenai Peninsula Borough, Alaska",02,122,58809,0.05084583466326205,69245,0.08003281867681063,0.1538887926554651,0.2248635412946998,0.1739019537825843
02130,"Ketchikan Gateway Borough, Alaska",02,130,13833,0.03983195892329236,74678,0.05561497326203209,0.14838328657906394,0.2168726957276079,0.15369045037229812
02158,"Kusilvak Census Area, Alaska",02,158,8298,0.014871563767462822,37358,0.22550382209867964,0.1294529646177998,0.4051578693661123,0.05820679681851049
02170,"Matanuska-Susitna Borough, Alaska",02,170,107360,0.030296539578275977,76118,0.0986534990352497,0.1407681197978032,0.26738077496274215,0.11979321907600596
02180,"Nome Census Area, Alaska",02,180,10009,0.010019550342130987,62843,0.18074173369079535,0.09048106448311156,0.34588870016984713,0.07753022279948046
02188,"Northwest Arctic Borough, Alaska",02,188,7709,0.018599562363238512,63750,0.15978736710444028,0.09276606817590424,0.3560773122324556,0.07692307692307693
02195,"Petersburg Borough, Alaska",02,195,3278,0.08,68667,0.04316546762589928,0.21094466523998778,0.1705308114704088,0.2699816961561928
02220,"Sitka City and Borough, Alaska",02,220,8569,0.07755970678647435,81708,0.05360205831903945,0.12965230166503428,0.21297701015287665,0.16197922744777687
02230,"Skagway Municipality, Alaska",02,230,1300,0.07142857142857142,71875,0.09967141292442497,0.14692307692307693,0.13846153846153847,0.12923076923076923
02275,"Wrangell City and Borough, Alaska",02,275,2510,0.11026878015161957,58438,0.05991189427312775,0.1653954235246889,0.20916334661354583,0.2302788844621514
02282,"Yakutat City and Borough, Alaska",02,282,597,0.047961630695443645,59517,0.08256880733944955,0.07705192629815745,0.22780569514237856,0.1407035175879397
02290,"Yukon-Koyukuk Census Area, Alaska",02,290,5305,0.02278853222249449,41728,0.14994276993513925,0.15968139578987295,0.27860508953817154,0.14948162111215835
08003,"Alamosa County, Colorado",08,003,16153,0.1330042108320023,41121,0.06880733944954129,0.1762793958320056,0.2422460224106977,0.13879774654862873
08007,"Archuleta County, Colorado",08,007,13588,0.08631423446238261,55658,0.0426049908703591,0.1547822215626623,0.1750073594347954,0.257653812187224
08009,"Baca County, Colorado",08,009,3570,0.07729897823189694,34655,0.015432098765432098,0.18890166762507188,0.20896358543417368,0.2627450980392157
08013,"Boulder County, Colorado",08,013,324682,0.02420813978391392,87476,0.04523230708151822,0.08136574109970134,0.19030312736770133,0.14350348956825448
08014,"Broomfield County, Colorado",08,014,69444,0.02482433926596997,101206,0.03586305489142491,0.07773048413249942,0.22697425263521687,0.13805368354357467
08017,"Cheyenne County, Colorado",08,017,1999,0.09288537549407115,67763,0.017311608961303463,0.11638591117917305,0.3036518259129565,0.1775887943971986
08021,"Conejos County, Colorado",08,021,8130,0.19065162330186508,33611,0.09767050238563009,0.20593325092707046,0.25867158671586715,0.1900369003690037
08023,"Costilla County, Colorado",08,023,3810,0.1687335588124765,34732,0.09315068493150686,0.25144356955380576,0.16876640419947506,0.2627296587926509
29173,"Ralls County, Missouri",29,173,10258,0.14857582755966128,54194,0.05235294117647059,0.13659541086487548,0.21475921232209008,0.2142717878728797
29175,"Randolph County, Missouri",29,175,24769,0.14731481481481482,50440,0.04424778761061947,0.17139728427507667,0.21688400823610157,0.16363195930396868
29177,"Ray County, Missouri",29,177,22900,0.055907381753413816,65303,0.03357917570498915,0.12696381288614297,0.2272052401746725,0.1824890829694323
29179,"Reynolds County, Missouri",29,179,6274,0.20044653932026793,39552,0.07921511627906977,0.26964636542239684,0.18648390181702262,0.2335033471469557
29181,"Ripley County, Missouri",29,181,13484,0.23640198885038421,36066,0.04994531534815895,0.285288862418106,0.22649065559181253,0.20832097300504301
29183,"St. Charles County, Missouri",29,183,398472,0.0271618199953963,87644,0.029988948567634312,0.10155593836779064,0.23311048204139814,0.15200817121403762
29185,"St. Clair County, Missouri",29,185,9455,0.1980881571959639,39000,0.03458289334741288,0.21623390792057604,0.19830777366472765,0.27054468535166576
29186,"Ste. Genevieve County, Missouri",29,186,17887,0.121538109407187,61746,0.044848484848484846,0.15413832199546484,0.21389836193883827,0.19617599373846928
29187,"St. Francois County, Missouri",29,187,66653,0.14543830040702868,46307,0.04263442570792237,0.209015169117403,0.21049315109597466,0.16638410874229217
29189,"St. Louis County, Missouri",29,189,996179,0.0025136268011494746,68661,0.04531913024547305,0.11728370603588145,0.22052060924793637,0.1806833912379201
29195,"Saline County, Missouri",29,195,22932,0.07086845716526172,47585,0.02886994775914215,0.1746977240398293,0.22893772893772893,0.18149311006453864
29197,"Schuyler County, Missouri",29,197,4550,0.13238095238095238,44420,0.0166015625,0.16334661354581673,0.2562637362637363,0.19384615384615383
29199,"Scotland County, Missouri",29,199,4923,0.14249578414839797,47708,0.022417153996101363,0.1347107438016529,0.29128580134064597,0.18484663822872233
29201,"Scott County, Missouri",29,201,38538,0.10614557437705961,46310,0.03895390363166859,0.19791063628230093,0.23929627899735326,0.18171674710675179
29205,"Shelby County, Missouri",29,205,5975,0.10882444652323044,43809,0.01848622253226369,0.1419656786271451,0.2396652719665272,0.21372384937238495
29207,"Stoddard County, Missouri",29,207,29255,0.0931536780772032,42761,0.05333333333333334,0.2413828975657119,0.2181849256537344,0.2029054862416681
29211,"Sullivan County, Missouri",29,211,6163,0.1290805630428272,44056,0.021517140773158278,0.10411051212938005,0.224890475417816,0.19633295472983936
29213,"Taney County, Missouri",29,213,55563,0.13771411981031645,47860,0.04535573486606979,0.1717717935689918,0.21087774238252074,0.21728488382556738
29217,"Vernon County, Missouri",29,217,20560,0.1126863337850516,43910,0.03864421416234888,0.17301192842942345,0.24275291828793774,0.19367704280155643
29219,"Warren County, Missouri",29,219,35090,0.110977538753559,64735,0.04022824536376605,0.1541966358139668,0.23622114562553434,0.17760045597036192
29223,"Wayne County, Missouri",29,223,13058,0.22274239250954786,38018,0.0790794979079498,0.2962791057476599,0.20217491193138307,0.23947005667024046
29225,"Webster County, Missouri",29,225,39127,0.10606571756291748,55827,0.050909737450364485,0.14125830239004236,0.2711682469905692,0.1550336085056355
29229,"Wright County, Missouri",29,229,18256,0.14095040846853066,36711,0.06268530283778061,0.19859451084550686,0.2569566170026293,0.19790753724802804
12001,"Alachua County, Florida",12,001,268105,0.07426321501585886,50089,0.04981578770373581,0.11186367931809539,0.1797206318420022,0.1416161578486041
12003,"Baker County, Florida",12,003,28679,0.37664522513607124,62299,0.051074806534823734,0.16136700179253372,0.23302765089438265,0.14292688029568673
12007,"Bradford County, Florida",12,007,27723,0.31172588373564775,43580,0.05347136480197549,0.17313785964764036,0.19503661219925694,0.1799949500414818
12009,"Brevard County, Florida",12,009,594001,0.07685428009463813,59359,0.05124696085139837,0.16161254222148255,0.18293571896343608,0.23709556044518443
12013,"Calhoun County, Florida",12,013,14324,0.3695507487520799,38037,0.040335790335790336,0.24017857142857144,0.20092153029879922,0.1818626082099972
12015,"Charlotte County, Florida",12,015,185926,0.11283146131101392,52724,0.05829106174567081,0.22921765411212036,0.12027903574540409,0.40095521874294077
12019,"Clay County, Florida",12,019,215294,0.13085930330727158,68657,0.05430886928234371,0.1347858058677125,0.23345285981030592,0.1574312335689801
12021,"Collier County, Florida",12,021,379345,0.050808800630186675,70217,0.04393762533297417,0.11793339795437331,0.1713901593536227,0.3216702474001239
12027,"DeSoto County, Florida",12,027,37371,0.2961390213627752,36360,0.08760071009149256,0.1617804287884756,0.19301062321051082,0.22255224639426294
12029,"Dixie County, Florida",12,029,16740,0.4913148752500263,41674,0.03958970667626417,0.254221635883905,0.1812425328554361,0.22921146953405017
12033,"Escambia County, Florida",12,033,316691,0.06343011175380468,53023,0.06353280263519077,0.16009721197130186,0.2091786631132555,0.16877018923809012
12035,"Flagler County, Florida",12,035,112854,0.04831869130566495,57536,0.04041558221714382,0.14629044461257734,0.1690148333244723,0.30601485104648485
12039,"Gadsden County, Florida",12,039,45787,0.28055193708689147,41135,0.04784925561720595,0.19191541124730982,0.21724506956122916,0.17891541267171904
12041,"Gilchrist County, Florida",12,041,18245,0.5197844090968845,47381,0.04151838671411625,0.21378008494572912,0.21430528912030694,0.20213757193751714
12045,"Gulf County, Florida",12,045,15073,0.20293449059723084,50640,0.04586224403452361,0.2248525490829765,0.1448948450872421,0.22092483248192132
12047,"Hamilton County, Florida",12,047,14397,0.39684985447697313,38300,0.09959165154264973,0.20048094050587817,0.1909425574772522,0.17413350003472947
12051,"Hendry County, Florida",12,051,41472,0.3863514599517814,36978,0.06910407778549459,0.11596009975062344,0.26806037808641975,0.13505497685185186
12053,"Hernando County, Florida",12,053,190700,0.16131311174667562,50280,0.06853694549656544,0.196274502534334,0.18386470896696383,0.2752071316203461
12057,"Hillsborough County, Florida",12,057,1451358,0.06708999617412148,60566,0.0518354946394474,0.11756561776881178,0.2229966693262448,0.14250446822906546
12059,"Holmes County, Florida",12,059,19530,0.3708586495471741,39215,0.05481283422459893,0.22438063063063063,0.20040962621607783,0.1982078853046595
12063,"Jackson County, Florida",12,063,47409,0.3036805456870826,40754,0.059314285714285715,0.1977538698536537,0.1850070661688709,0.19854879875129194
12065,"Jefferson County, Florida",12,065,14278,0.4025573192239859,49081,0.05831608005521049,0.17943370498115024,0.16227762992015687,0.23063454265303263
12069,"Lake County, Florida",12,069,356115,0.18042649325686327,55792,0.061018128895497833,0.1699343625512128,0.19174704800415596,0.267304101203263
12071,"Lee County, Florida",12,071,756570,0.09794094484264253,59608,0.04950104964805918,0.13755192018252504,0.17609209987178978,0.28542236673407617
12075,"Levy County, Florida",12,075,40979,0.4439306358381503,38951,0.06416022066318883,0.20332031729659372,0.19529515117499208,0.24410063691158887
12079,"Madison County, Florida",12,079,18557,0.39219759926131115,35240,0.04375963020030817,0.15927590815210788,0.18311149431481383,0.2114565931993318
12081,"Manatee County, Florida",12,081,393847,0.15331862946245384,59963,0.05654012773753874,0.14930310198982047,0.1826978496725886,0.27540643955647753
12085,"Martin County, Florida",12,085,160420,0.09229966973752825,65821,0.04622912577167079,0.14896322005670187,0.16289739433985786,0.3118376761002369
12086,"Miami-Dade County, Florida",12,086,2705528,0.012486559269986729,53975,0.05049202812080119,0.10200437793431606,0.20404778660579376,0.16270502467540532
12089,"Nassau County, Florida",12,089,85762,0.18719015470466605,72998,0.047403555266645,0.1750717652479002,0.19822298920267717,0.22108859401599776
12091,"Okaloosa County, Florida",12,091,207430,0.04574548577738696,64373,0.04130886173687121,0.1541111502517665,0.2218290507641132,0.15960565009882852
12095,"Orange County, Florida",12,095,1373784,0.0361500730804031,61416,0.05507060716200918,0.11168776820489477,0.22136303814864636,0.11916720532485456
12097,"Osceola County, Florida",12,097,363666,0.07404200737534071,55538,0.05697412884508817,0.14604464714619372,0.24425984282280994,0.13085633520868048
12099,"Palm Beach County, Florida",12,099,1482057,0.026746368148389668,65015,0.06050007737108129,0.1240364958981938,0.19074435058840516,0.23995703269172508
12101,"Pasco County, Florida",12,101,539885,0.18667012112183431,53431,0.06014538162677027,0.16543634094886217,0.20283764134954665,0.226005538216472
12103,"Pinellas County, Florida",12,103,970985,0.08959118868907083,56419,0.0515390417540633,0.15886753596850234,0.16162144626333053,0.24838385762910858
53043,"Lincoln County, Washington",53,043,10732,0.18772563176895307,58584,0.035924232527759635,0.18908988128886375,0.21300782705926202,0.2568020872158032
53047,"Okanogan County, Washington",53,047,42080,0.1629959722341246,48528,0.05486187845303867,0.18137148637907363,0.22996673003802282,0.21863117870722434
53049,"Pacific County, Washington",53,049,22121,0.1655223148602256,50873,0.05411229498383814,0.2389089413807283,0.15745219474707292,0.3145427421906785
53053,"Pierce County, Washington",53,053,891862,0.05410905489175912,76438,0.04992071614129396,0.1305618969365848,0.23386577744090453,0.1375683682004615
53055,"San Juan County, Washington",53,055,16953,0.048835251192815045,64753,0.02121250156897201,0.11124267361316678,0.13000648852710434,0.3351619182445585
53059,"Skamania County, Washington",53,059,11906,0.1551288529560384,69296,0.05788737320741518,0.1423274627117216,0.1867125818914833,0.20577859902570134
53061,"Snohomish County, Washington",53,061,811572,0.047655130695023716,89273,0.041487395170776965,0.11650783469828581,0.22612534685770333,0.13481243808312757
53065,"Stevens County, Washington",53,065,45233,0.1896693085542498,54426,0.055809849445761874,0.19911494585158665,0.21356089580615922,0.23334733491035306
53067,"Thurston County, Washington",53,067,284698,0.08874486381158131,75867,0.061239223983873506,0.13639127884591165,0.21420241800082895,0.17250911492177676
53071,"Walla Walla County, Washington",53,071,60785,0.05914518917614893,60615,0.05506741133364163,0.15525280363302307,0.21108826190672042,0.1812947273175948
53073,"Whatcom County, Washington",53,073,224538,0.06079591836734694,65420,0.05191325317867114,0.13173588304083086,0.19371331355939753,0.1734183078142675
53077,"Yakima County, Washington",53,077,250649,0.11915527004946617,54917,0.06436221066388331,0.13402489961134673,0.2968972547267294,0.1379139753200691
54001,"Barbour County, West Virginia",54,001,16543,0.16691900075700228,38906,0.08401271244991018,0.16042748091603054,0.19627637067037418,0.20050776763585806
54005,"Boone County, West Virginia",54,005,21897,0.3037612793710355,45297,0.12385260077158441,0.2546813024628724,0.2134538977942184,0.19879435539114948
54007,"Braxton County, West Virginia",54,007,14032,0.2534283409518688,43819,0.1229634711027268,0.20352364938957526,0.19811858608893956,0.22947548460661346
54011,"Cabell County, West Virginia",54,011,93328,0.07904618040569703,41472,0.057149895307303855,0.18364631725882788,0.19787202125835762,0.18703925938625066
54013,"Calhoun County, West Virginia",54,013,7185,0.24009962640099627,38668,0.1063600431189364,0.24937168388718234,0.18580375782881003,0.24453723034098818
54015,"Clay County, West Virginia",54,015,8599,0.29082292115467473,35154,0.1278745644599303,0.2731205424997077,0.22374694731945574,0.20537271775787883
54019,"Fayette County, West Virginia",54,019,43087,0.11872380065207266,43722,0.07256368310352886,0.25869093854988207,0.20611785457330517,0.2105043284517372
54021,"Gilmer County, West Virginia",54,021,7970,0.25201893622946253,42883,0.1107188703465982,0.14647058823529413,0.14981179422835633,0.17038895859473024
54025,"Greenbrier County, West Virginia",54,025,34893,0.144877240236196,39807,0.0593876066397725,0.21211150272348606,0.1939930645115066,0.2321382512251741
54027,"Hampshire County, West Virginia",54,027,23304,0.16515982060226383,48528,0.06998264893001735,0.2446024223275408,0.18868005492619294,0.22730003432887058
54031,"Hardy County, West Virginia",54,031,13789,0.18129565321518382,46513,0.03589277601090413,0.14486525855790242,0.20552614402784827,0.22126332583943722
54033,"Harrison County, West Virginia",54,033,67620,0.08404526969515463,52134,0.05760332888240226,0.18531860510306272,0.21409346347234545,0.19433599526767228
54037,"Jefferson County, West Virginia",54,037,56922,0.07118122354751828,82551,0.05692853794119617,0.12789711701526285,0.2220406872562454,0.1623273953831559
54039,"Kanawha County, West Virginia",54,039,181014,0.10588158849456893,47122,0.057122434639335126,0.1817130599453671,0.20001215375606307,0.20528246433977482
54043,"Lincoln County, West Virginia",54,043,20617,0.31469232311084383,42064,0.05755782678859602,0.23322792507905618,0.22471746616869573,0.1920745016248727
54045,"Logan County, West Virginia",54,045,32593,0.22412668287764664,36250,0.14110692254969157,0.2860176106913133,0.20636332954928974,0.20139293713374037
54049,"Marion County, West Virginia",54,049,56233,0.08175647491562701,52856,0.05660377358490566,0.19973132724341752,0.19979371543399782,0.19623708498568457
54051,"Marshall County, West Virginia",54,051,30900,0.08946031746031746,48179,0.03688149053145999,0.18012401981692314,0.19446601941747574,0.22284789644012945
54055,"Mercer County, West Virginia",54,055,59370,0.19208851268037458,40716,0.06378132118451026,0.2507556974493088,0.20488462186289372,0.22065016001347482
54057,"Mineral County, West Virginia",54,057,27047,0.11037477148080439,51723,0.07380990543356307,0.1943315308595935,0.1993197027396754,0.21725145117757977
54061,"Monongalia County, West Virginia",54,061,106196,0.09279197282837925,54198,0.06601561811419203,0.13377339412785927,0.16276507589739728,0.1274153452107424
54063,"Monroe County, West Virginia",54,063,13344,0.20214997378080754,44828,0.09958803510657353,0.20598206886159873,0.20053956834532374,0.24730215827338128
54067,"Nicholas County, West Virginia",54,067,24857,0.22922374429223744,40318,0.0832,0.21055614020885616,0.20461037132397314,0.2266967051534779
54069,"Ohio County, West Virginia",54,069,41875,0.03649075759026913,48056,0.05862771401599841,0.15484745106578598,0.19238208955223882,0.2176955223880597
54071,"Pendleton County, West Virginia",54,071,6968,0.1979743932734569,46358,0.03616751269035533,0.1663032417502544,0.17063719862227325,0.2807118254879449
54073,"Pleasants County, West Virginia",54,073,7457,0.22959483264826777,55508,0.07628128724672228,0.18327094730780305,0.19713021322247554,0.18667024272495641
54075,"Pocahontas County, West Virginia",54,075,8382,0.1494278662777653,37642,0.06969875959834614,0.2403846153846154,0.17298973991887379,0.2563827248866619
54077,"Preston County, West Virginia",54,077,33610,0.17671133408145753,51992,0.09138972809667674,0.18411142133627686,0.18827729842308838,0.20026777744718835
54079,"Putnam County, West Virginia",54,079,56604,0.16231143351743468,63954,0.036972299274233386,0.1192100282132781,0.22362377217157797,0.1835382658469366
54081,"Raleigh County, West Virginia",54,081,74452,0.1592286196497247,43283,0.06933289624651696,0.2433102836633732,0.20679095256003868,0.20696556170418526
54083,"Randolph County, West Virginia",54,083,28763,0.18506061243080374,45206,0.07115584866365846,0.1590993397136286,0.19472933977679657,0.22035253624448076
54085,"Ritchie County, West Virginia",54,085,9747,0.21362176778773026,44328,0.05152722443559097,0.21763795771015987,0.20211347081153175,0.23278957627988098
54087,"Roane County, West Virginia",54,087,13831,0.23447163215918257,38895,0.1007137192704203,0.264506734619585,0.21502422095293183,0.21704865880991975
54089,"Summers County, West Virginia",54,089,12710,0.16539209332469215,37769,0.09780924983403408,0.29825004206629646,0.16435877261998427,0.2560188827694729
54091,"Taylor County, West Virginia",54,091,16817,0.12471715692799148,52958,0.1013017141384199,0.1995249406175772,0.19973835999286435,0.2007492418386157
54093,"Tucker County, West Virginia",54,093,6943,0.06791044776119402,47527,0.050821196157421755,0.21686390532544378,0.155984444764511,0.26127034423160017
54095,"Tyler County, West Virginia",54,095,8736,0.1669641086654769,47598,0.07634050287791579,0.19235654081514836,0.19574175824175824,0.22355769230769232
54097,"Upshur County, West Virginia",54,097,24451,0.20844257996853696,40802,0.05803906836964688,0.15829239090045827,0.20117786593595355,0.20461330824915136
54099,"Wayne County, West Virginia",54,099,39952,0.22706161626586852,43710,0.04917586159923716,0.24017994018747957,0.2052963556267521,0.20922607128554266
54101,"Webster County, West Virginia",54,101,8289,0.24793388429752067,33358,0.11842551747539871,0.21795650589235815,0.20002412836289057,0.23344191096634093
54103,"Wetzel County, West Virginia",54,103,15291,0.15806176003905772,44539,0.08087731322823852,0.18878357030015797,0.2029298280034007,0.23608658688117193
54105,"Wirt County, West Virginia",54,105,5764,0.24504504504504504,45315,0.041791044776119404,0.26665510062456627,0.2090562109646079,0.20038167938931298
54107,"Wood County, West Virginia",54,107,84387,0.07575456711675933,48711,0.05037068757862056,0.18470576996560947,0.2102338037849432,0.20358586038133836
54109,"Wyoming County, West Virginia",54,109,20890,0.3096288129364204,44095,0.11618022102578635,0.33105933221234685,0.20631881282910483,0.2173288654858784
55003,"Ashland County, Wisconsin",55,003,15524,0.07507507507507508,47869,0.05832902224521469,0.1722831765935214,0.22011079618654986,0.19473073950012884
08027,"Custer County, Colorado",08,027,4941,0.052508751458576426,60361,0.040694789081885854,0.17281199351701781,0.1483505363286784,0.34021453147136205
08029,"Delta County, Colorado",08,029,30758,0.1600942126514132,47968,0.06913968700836301,0.18545245112985737,0.1953963196566747,0.2587619481110605
08033,"Dolores County, Colorado",08,033,1896,0.20353443022547227,56786,0.03859649122807018,0.17563291139240506,0.14926160337552744,0.375
08035,"Douglas County, Colorado",08,035,344280,0.0022321783200673624,121393,0.034789854695067964,0.0701770254931883,0.2587515975368886,0.12014639247124434
08037,"Eagle County, Colorado",08,037,54960,0.052679071504138406,85877,0.03897134459955915,0.05676983474847074,0.21622998544395924,0.11444687045123726
08039,"Elbert County, Colorado",08,039,26230,0.03831877729257642,104231,0.01764041772509173,0.09312019580098665,0.21273351124666412,0.1614182234083111
08041,"El Paso County, Colorado",08,041,710499,0.02963064750594855,71517,0.05930595577735872,0.12423345300507115,0.24033109124713758,0.12817048299856862
08043,"Fremont County, Colorado",08,043,47725,0.1364112802595458,52364,0.05520920367632881,0.17271765949947127,0.15811419591409115,0.21508643268727082
08045,"Garfield County, Colorado",08,045,59605,0.09252387107534503,75435,0.039949309033854324,0.08300100123882091,0.25278080697928024,0.13015686603472862
08047,"Gilpin County, Colorado",08,047,6108,0.019875070982396367,90547,0.01935812531839022,0.08958436827289286,0.16191879502292075,0.1696136214800262
08049,"Grand County, Colorado",08,049,15536,0.05680878705562773,71769,0.04986847873739588,0.05667205169628433,0.17295314109165807,0.1744979402677652
08051,"Gunnison County, Colorado",08,051,17119,0.050352381761059696,60557,0.042213348545350825,0.08189326928709507,0.17115485717623694,0.1384426660435773
08053,"Hinsdale County, Colorado",08,053,781,0.07068607068607069,39038,0.051630434782608696,0.21895006402048656,0.14596670934699105,0.2599231754161332
08055,"Huerfano County, Colorado",08,055,6769,0.09497734138972809,40255,0.022807707432166733,0.22430188679245283,0.15585758605407002,0.3357955384842665
08057,"Jackson County, Colorado",08,057,1316,0.12689969604863222,46157,0.09956709956709957,0.12967200610221205,0.13601823708206687,0.3677811550151976
08059,"Jefferson County, Colorado",08,059,578795,0.009167791613573378,87793,0.039505665259924785,0.10261632023046413,0.1969851156281585,0.16462823624944928
08061,"Kiowa County, Colorado",08,061,1463,0.08678756476683938,39503,0.03212290502793296,0.12038970076548365,0.28161312371838687,0.20642515379357484
08063,"Kit Carson County, Colorado",08,063,7246,0.15631149845375317,50411,0.0367965367965368,0.15601423487544483,0.2513110681755451,0.19252001104057412
08065,"Lake County, Colorado",08,065,7845,0.1254416961130742,65858,0.03632927341453171,0.13877498718605843,0.16150414276609304,0.1409815168897387
08067,"La Plata County, Colorado",08,067,56138,0.13491058122205662,69291,0.03941350551520043,0.09467498157899466,0.18702126901564003,0.17399978624104884
08069,"Larimer County, Colorado",08,069,350523,0.03725195908232642,76366,0.05092832215315394,0.10130431533504636,0.19518262710292905,0.15643196024226655
08071,"Las Animas County, Colorado",08,071,14323,0.1072640074862557,44159,0.07854703508227259,0.22823717482923994,0.18285275431124765,0.24094114361516442
08073,"Lincoln County, Colorado",08,073,5608,0.1437371663244353,47042,0.029372496662216287,0.16803627089827147,0.2014978601997147,0.17528530670470757
08075,"Logan County, Colorado",08,075,22282,0.09028470145120195,49560,0.05222306589049186,0.15523647873755678,0.1797414953774347,0.17363791401130957
08077,"Mesa County, Colorado",08,077,152962,0.09331610734076334,57157,0.06883802356875963,0.15116355595335246,0.21556334252951714,0.19189079640695075
08081,"Moffat County, Colorado",08,081,13150,0.19670808455704372,54583,0.050472209320328226,0.1387434554973822,0.25809885931558935,0.14243346007604563
08083,"Montezuma County, Colorado",08,083,26266,0.1734860883797054,50717,0.04440379178446699,0.1729265675302775,0.21662986370212442,0.22424427015914108
08087,"Morgan County, Colorado",08,087,28617,0.11415022440511474,58468,0.0422738421584187,0.10519604717883328,0.25865744138099733,0.15434881364224062
08091,"Ouray County, Colorado",08,091,4890,0.0638363805392005,68893,0.04187192118226601,0.1132924335378323,0.14703476482617586,0.2809815950920245
08093,"Park County, Colorado",08,093,18345,0.042727143466515,76611,0.05864065180102916,0.11742403428759822,0.1543744889615699,0.2109566639411284
08097,"Pitkin County, Colorado",08,097,17980,0.03217661063415338,82455,0.03369860756364835,0.07167539850629807,0.16418242491657398,0.18692992213570633
08099,"Prowers County, Colorado",08,099,12035,0.12076806467913087,42648,0.04986595174262735,0.17633703329969727,0.2545076859160781,0.17872870793518902
08103,"Rio Blanco County, Colorado",08,103,6369,0.04932735426008968,54247,0.05791638108293352,0.1372611976240167,0.23802794787250744,0.15387030931072382
08105,"Rio Grande County, Colorado",08,105,11300,0.0977751756440281,43570,0.09352657004830918,0.20427212349667923,0.2279646017699115,0.20168141592920355
08109,"Saguache County, Colorado",08,109,6730,0.18404443322393335,45231,0.09797822706065319,0.14989549119140042,0.21649331352154533,0.23328380386329867
08113,"San Miguel County, Colorado",08,113,8110,0.02915926583777383,66898,0.030169944624785183,0.05114899925871016,0.17151664611590628,0.14414303329223183
08115,"Sedgwick County, Colorado",08,115,2306,0.06966864910790145,43875,0.06347746090156393,0.1621978021978022,0.26409366869037293,0.21335646140503037
08119,"Teller County, Colorado",08,119,24981,0.07995478522984174,61463,0.039217252396166136,0.14366287970348884,0.17189063688403186,0.21804571474320483
08121,"Washington County, Colorado",08,121,4869,0.0830550918196995,51181,0.02059202059202059,0.11320341580906502,0.2197576504415691,0.20517560073937152
08125,"Yuma County, Colorado",08,125,10013,0.09570442911195193,54393,0.04123314065510597,0.09074355083459787,0.26555477878757616,0.18106461599920104
10003,"New Castle County, Delaware",10,003,558306,0.01908652259612383,75275,0.061042274671549955,0.12095221106204516,0.215376513954713,0.15604166890558224
10005,"Sussex County, Delaware",10,005,230249,0.14911105914698525,64905,0.04838359730961163,0.14028443107187316,0.18604206750083604,0.2790022975126928
30003,"Big Horn County, Montana",30,003,13302,0.1913135593220339,48273,0.13373643962297707,0.08779118294256014,0.3368666365960006,0.12659750413471657
30005,"Blaine County, Montana",30,005,6698,0.10568820224719101,45361,0.1277988287977954,0.21315949060036385,0.2988951925948044,0.1554195282173783
30009,"Carbon County, Montana",30,009,10689,0.10455029675848425,61209,0.04547905806219665,0.164103048032462,0.17803349237533914,0.2563382917017495
30011,"Carter County, Montana",30,011,1305,0.2549019607843137,42300,0.022796352583586626,0.1327088212334114,0.19233716475095786,0.2628352490421456
30015,"Chouteau County, Montana",30,015,5731,0.13760217983651227,45707,0.04053030303030303,0.10874538096076017,0.2285813994067353,0.21113243761996162
30019,"Daniels County, Montana",30,019,1705,0.06525423728813559,56026,0.013574660633484163,0.15517241379310345,0.2099706744868035,0.26158357771261
30021,"Dawson County, Montana",30,021,8824,0.12435349673937486,51681,0.026436303080766027,0.1436950146627566,0.2090888485947416,0.19322302810516773
30025,"Fallon County, Montana",30,025,2975,0.20337922403003755,69792,0.0012845215157353885,0.15694444444444444,0.26218487394957984,0.17142857142857143
30027,"Fergus County, Montana",30,027,11167,0.11307001186641803,47618,0.030132510437465964,0.1433521794637972,0.20972508283334826,0.23721679949852242
30031,"Gallatin County, Montana",30,031,111401,0.06543686655819334,70124,0.023582972911450034,0.0852913618508775,0.19830163104460463,0.12513352662902488
30033,"Garfield County, Montana",30,033,1051,0.1203585147247119,43750,0.0,0.09990485252140818,0.22549952426260705,0.20742150333016174
30037,"Golden Valley County, Montana",30,037,814,0.18609406952965235,49028,0.021798365122615803,0.1855036855036855,0.17444717444717445,0.25552825552825553
30041,"Hill County, Montana",30,041,16422,0.12438758845944475,50912,0.06398198436879057,0.1414550361918783,0.2776762879064669,0.15004262574595056
30043,"Jefferson County, Montana",30,043,12069,0.09293244826239751,71779,0.03427488804684809,0.16150423906656594,0.20995940011599967,0.21186510895683155
30047,"Lake County, Montana",30,047,30383,0.1187562806644204,52169,0.058326716234750595,0.16141106326598212,0.23473653029654742,0.2199585294408057
30049,"Lewis and Clark County, Montana",30,049,68714,0.08705778673045449,66062,0.034801522566612286,0.1279898668551903,0.21468696335535697,0.1862211485286841
30053,"Lincoln County, Montana",30,053,19845,0.14779386418476387,39820,0.08219875302201297,0.22888809802226853,0.18442932728647016,0.2869740488788108
12107,"Putnam County, Florida",12,107,73784,0.41691335306824545,40068,0.08522531226278379,0.17374209513335168,0.21359644367342515,0.2290198417000976
12109,"St. Johns County, Florida",12,109,255410,0.06506296415886341,83803,0.05075416690485329,0.11350222607462275,0.21756391683959125,0.20165224540934185
12111,"St. Lucie County, Florida",12,111,320914,0.08136389868101764,55237,0.05397481495722388,0.15732975827543225,0.198395831905121,0.24173766180347384
12113,"Santa Rosa County, Florida",12,113,179587,0.09959875655615354,70663,0.055484416375548566,0.1609938693704315,0.2201161554010034,0.15969418721845122
12115,"Sarasota County, Florida",12,115,427766,0.0875137805724552,64644,0.04002722641840857,0.15320571498674115,0.1423535297335459,0.36698335071043514
12117,"Seminole County, Florida",12,117,466695,0.023996084821916668,70297,0.045658382354693536,0.10791376216440057,0.2101843816625419,0.15530699921790464
12119,"Sumter County, Florida",12,119,129938,0.1424678274034822,59618,0.046899521880360596,0.19392085674972231,0.07251150548723237,0.5778294263417938
12121,"Suwannee County, Florida",12,121,44290,0.52319309600863,46280,0.052326875974170566,0.21301775147928995,0.21451794987581846,0.20388349514563106
12123,"Taylor County, Florida",12,123,21709,0.36240344889527576,38295,0.07332339791356185,0.2294636419102557,0.19328389147358238,0.2000092127688977
12125,"Union County, Florida",12,125,15282,0.46506597447544884,55139,0.03015200598056317,0.15181132476362477,0.18518518518518517,0.15259782750948828
12127,"Volusia County, Florida",12,127,546107,0.08709485668996106,52407,0.04688505101334571,0.17618089113526875,0.1764489376623995,0.2449043868692399
12129,"Wakulla County, Florida",12,129,32855,0.24777144527254127,67480,0.032274993440041984,0.13388357067956566,0.20916146705219907,0.14874448333586973
12131,"Walton County, Florida",12,131,71049,0.1364916009471074,67390,0.049971657865688114,0.16888811704945078,0.203971906712269,0.1968500612253515
12133,"Washington County, Florida",12,133,25094,0.3845030574062243,37260,0.06397128681515887,0.20322407787800303,0.19379134454451263,0.17581892085757553
31001,"Adams County, Nebraska",31,001,31541,0.040008588605783,56007,0.023737102642094592,0.12272567390400665,0.23895881550997114,0.17818078057131986
31003,"Antelope County, Nebraska",31,003,6315,0.04702006588799042,52569,0.018524142119647737,0.140137577987522,0.23721298495645288,0.23515439429928742
31007,"Banner County, Nebraska",31,007,645,0.036458333333333336,53864,0.015151515151515152,0.13178294573643412,0.24806201550387597,0.26976744186046514
31009,"Blaine County, Nebraska",31,009,467,0.12464589235127478,55268,0.0,0.1734475374732334,0.18843683083511778,0.3147751605995717
31013,"Box Butte County, Nebraska",31,013,10845,0.04746136865342163,61904,0.04813412655489454,0.12635716959940096,0.24905486399262333,0.17999077916090364
31015,"Boyd County, Nebraska",31,015,1882,0.11730205278592376,53846,0.017471736896197326,0.17313915857605178,0.1769394261424017,0.3299681190223167
31019,"Buffalo County, Nebraska",31,019,49594,0.06532371313737834,63513,0.027695035460992907,0.11541763767938182,0.23400008065491792,0.14580392789450336
31021,"Burt County, Nebraska",31,021,6503,0.03891611415393485,51961,0.0436812270756919,0.15811632621238111,0.22343533753652162,0.24004305705059203
31025,"Cass County, Nebraska",31,025,26022,0.04721362229102167,73683,0.027138339339560197,0.11305602120775018,0.23914380139881639,0.17469833218046268
31027,"Cedar County, Nebraska",31,027,8483,0.038820992092020126,64703,0.017064099759352438,0.1007315025782468,0.25427325238712717,0.2152540374867382
31031,"Cherry County, Nebraska",31,031,5801,0.061486693178342,55431,0.0008915304606240713,0.1275191104933982,0.23289088088260645,0.20910187898638166
31033,"Cheyenne County, Nebraska",31,033,9428,0.04749550987826781,52270,0.02713022508038585,0.1526840244294439,0.2299533305048791,0.196754348748409
31037,"Colfax County, Nebraska",31,037,10681,0.11529356060606061,64269,0.01736370425690814,0.10336286558064209,0.3015635240146054,0.12480104859095591
31041,"Custer County, Nebraska",31,041,10788,0.03194493469819979,53891,0.018925739005046863,0.14213483146067415,0.2389692250648869,0.22135706340378197
31043,"Dakota County, Nebraska",31,043,20124,0.09342824456590823,61227,0.04093193238921882,0.12343075223460882,0.2902504472271914,0.13690121248260784
31047,"Dawson County, Nebraska",31,047,23638,0.08969391708640062,56731,0.03662915968398372,0.1307044181172747,0.2737541247144428,0.16139267281495898
31049,"Deuel County, Nebraska",31,049,1770,0.032411820781696854,48958,0.041019955654102,0.1853325753268903,0.19152542372881357,0.22542372881355932
31053,"Dodge County, Nebraska",31,053,36565,0.0495243757431629,58439,0.04530218916937258,0.13444024877832075,0.24206208122521536,0.1915219472172843
31055,"Douglas County, Nebraska",31,055,565739,0.009998480602356755,66600,0.04078350689979589,0.10486856537555178,0.2561552235218007,0.12999634106893815
31059,"Fillmore County, Nebraska",31,059,5542,0.011933174224343675,62151,0.008428860418071477,0.13966165413533835,0.19992782389029232,0.2327679538072898
31061,"Franklin County, Nebraska",31,061,2970,0.056173200702165006,50231,0.0034083162917518746,0.16127922971114167,0.1861952861952862,0.2734006734006734
31065,"Furnas County, Nebraska",31,065,4712,0.015241635687732341,53533,0.01266891891891892,0.18115160664222557,0.22219864176570459,0.2514855687606112
31067,"Gage County, Nebraska",31,067,21548,0.01137123745819398,51812,0.021041369472182596,0.15674556491459227,0.2272136625208836,0.20841841470206052
31071,"Garfield County, Nebraska",31,071,2081,0.13590604026845637,54659,0.0026642984014209592,0.12974839664528862,0.21672272945699184,0.26477654973570397
31073,"Gosper County, Nebraska",31,073,2001,0.09672727272727273,65086,0.013930348258706468,0.10122075279755849,0.18640679660169915,0.2798600699650175
31077,"Greeley County, Nebraska",31,077,2361,0.03193916349809886,46830,0.013111888111888112,0.1421232876712329,0.22744599745870395,0.25878864887759423
31079,"Hall County, Nebraska",31,079,61338,0.0515146670929582,58595,0.04041026272830874,0.1274778644112594,0.2747725716521569,0.1493853728520656
31083,"Harlan County, Nebraska",31,083,3380,0.23330479452054795,51534,0.012338425381903642,0.15892053973013492,0.22396449704142013,0.2529585798816568
31085,"Hayes County, Nebraska",31,085,889,0.05904761904761905,52396,0.0043859649122807015,0.16310461192350956,0.2125984251968504,0.2170978627671541
31089,"Holt County, Nebraska",31,089,10123,0.07218844984802432,60214,0.010929940870811682,0.13177438779606584,0.24617208337449373,0.21880865356119727
31091,"Hooker County, Nebraska",31,091,741,0.09598214285714286,48654,0.026785714285714284,0.1564245810055866,0.19838056680161945,0.25371120107962214
31095,"Jefferson County, Nebraska",31,095,7102,0.026133743274404306,48981,0.017300056721497446,0.19148328093741068,0.21120811039143902,0.24274852154322726
31097,"Johnson County, Nebraska",31,097,5118,0.035747021081576534,49382,0.024679170779861797,0.1615441357265798,0.18796404845642828,0.18249316139116842
31101,"Keith County, Nebraska",31,101,8048,0.2174785623061485,52169,0.037063953488372096,0.1432145090681676,0.2019135188866799,0.26851391650099404
31103,"Keya Paha County, Nebraska",31,103,875,0.13883677298311445,55250,0.0,0.10171428571428572,0.23657142857142857,0.23885714285714285
12105,"Polk County, Florida",12,105,705735,0.2151592170221826,51535,0.053925901344318475,0.1527273300858802,0.22120909406505274,0.202720567918553
31107,"Knox County, Nebraska",31,107,8400,0.06724731618391735,53653,0.03469527505135814,0.14945883497506993,0.24142857142857144,0.24892857142857142
31109,"Lancaster County, Nebraska",31,109,315976,0.014329618803585785,62464,0.03355186824822863,0.10468468294752269,0.22786857229663013,0.139070688913082
31113,"Logan County, Nebraska",31,113,896,0.13613861386138615,45990,0.0022675736961451248,0.09486607142857142,0.2857142857142857,0.19196428571428573
31115,"Loup County, Nebraska",31,115,690,0.20724346076458752,46111,0.0,0.16666666666666666,0.18840579710144928,0.2289855072463768
31119,"Madison County, Nebraska",31,119,35023,0.03972478255225237,52334,0.03224238496435515,0.10264900662251655,0.25303372069782715,0.15672558033292408
31121,"Merrick County, Nebraska",31,121,7826,0.05112154407929056,52254,0.017578125,0.16224265181924122,0.22156912854587274,0.21006900076667517
31125,"Nance County, Nebraska",31,125,3525,0.028342245989304814,53147,0.04229122055674518,0.15778748180494906,0.22099290780141845,0.21390070921985815
31129,"Nuckolls County, Nebraska",31,129,4204,0.026058631921824105,52975,0.01768346595932803,0.1486943907156673,0.2033777354900095,0.2695052331113226
31131,"Otoe County, Nebraska",31,131,15965,0.03193113980285992,64755,0.027068924397805866,0.15255098799161318,0.24177889132477295,0.19248355778264956
55005,"Barron County, Wisconsin",55,005,45182,0.05617003714403632,52346,0.028841041998936737,0.13380092322861112,0.216723473949803,0.21926873533708113
55009,"Brown County, Wisconsin",55,009,262559,0.013666745159128371,64728,0.027871609783446633,0.10525828942753519,0.23758088658168258,0.1480010207229613
55011,"Buffalo County, Wisconsin",55,011,13087,0.05844441189395049,58364,0.020982015415358265,0.13552550706822372,0.2038664323374341,0.22151753648658976
55015,"Calumet County, Wisconsin",55,015,50005,0.0180021010409703,76065,0.022240294180043845,0.08893570067208346,0.2376962303769623,0.14874512548745125
55017,"Chippewa County, Wisconsin",55,017,64175,0.03339621323272549,61215,0.026384741941380782,0.11317139702539455,0.22111414102064667,0.17788858589793533
55021,"Columbia County, Wisconsin",55,021,57331,0.030880273829898056,69262,0.028514927277366674,0.11439503656421535,0.21327030751251505,0.1781758559941393
55023,"Crawford County, Wisconsin",55,023,16155,0.13223691521280143,51218,0.025741239892183288,0.12976653696498056,0.19851439182915506,0.23379758588672236
55027,"Dodge County, Wisconsin",55,027,87569,0.036634863739391704,62591,0.04110276737716234,0.11658095999427297,0.19844922289851433,0.17709463394580274
55029,"Door County, Wisconsin",55,029,27621,0.06210038363171355,61765,0.03536774012093939,0.13428623785962984,0.1632815611310235,0.29763585677564175
55033,"Dunn County, Wisconsin",55,033,45029,0.09902536212374131,59588,0.033823110423704665,0.1225517627308338,0.19574052277421217,0.15554420484576606
55035,"Eau Claire County, Wisconsin",55,035,104132,0.02910916499696076,62508,0.038903234574612665,0.13339840729859287,0.2027042599777206,0.1542081204624899
55039,"Fond du Lac County, Wisconsin",55,039,102654,0.037363800785213286,64147,0.03554160352168579,0.12033063421112619,0.2138153408537417,0.18355836109649892
55041,"Forest County, Wisconsin",55,041,9003,0.10381034856029443,48394,0.04946181445412609,0.16045159083133767,0.19815617016550038,0.23336665555925803
55045,"Green County, Wisconsin",55,045,36790,0.039324097657948684,66212,0.03272568602734413,0.12253463173775889,0.22141886382169068,0.18640935036694753
55047,"Green Lake County, Wisconsin",55,047,18807,0.05624767571587951,57339,0.029770992366412213,0.14877629884070417,0.2219386398681342,0.2203434891263891
55051,"Iron County, Wisconsin",55,051,5679,0.042829012143091566,45588,0.055280213495996953,0.18895661527429186,0.1468568409931326,0.3083289311498503
55053,"Jackson County, Wisconsin",55,053,20556,0.10979526294660778,55228,0.051616161616161615,0.13603794010000517,0.2183304144775248,0.18860673282739832
55057,"Juneau County, Wisconsin",55,057,26603,0.19109535066981875,53928,0.03788054845456658,0.16725723613488871,0.20084201029959028,0.20411231815960607
55059,"Kenosha County, Wisconsin",55,059,168998,0.033835064659741364,66595,0.06431244665251362,0.12860989767219197,0.22840506988248382,0.14109042710564623
55063,"La Crosse County, Wisconsin",55,063,118168,0.03983820047355959,60307,0.0348980515124569,0.11336243793870912,0.19774389005483717,0.16310676325231874
55065,"Lafayette County, Wisconsin",55,065,16682,0.050102389078498295,61070,0.01751109035722624,0.12035419553038973,0.24223714182951683,0.1890061143747752
55069,"Lincoln County, Wisconsin",55,069,27687,0.0685671156525778,59183,0.038545403390307376,0.14217729737706128,0.18373243760609673,0.215516307292231
55071,"Manitowoc County, Wisconsin",55,071,78977,0.03180776812829666,58464,0.0240205336820185,0.1247278976513271,0.20613596363498235,0.20375552376008205
55075,"Marinette County, Wisconsin",55,075,40312,0.14610158524749273,52385,0.044352971443272445,0.17491649714960195,0.18907521333597935,0.23650525897995633
55077,"Marquette County, Wisconsin",55,077,15380,0.11478852114788521,53293,0.041689598238855256,0.183422669630017,0.194148244473342,0.24622886866059818
55079,"Milwaukee County, Wisconsin",55,079,949180,0.005988409529942048,52260,0.051156873065143785,0.12399679228787727,0.23985124001769947,0.13602267220126846
55081,"Monroe County, Wisconsin",55,081,46155,0.07945,60595,0.022809814864026928,0.1367946422651018,0.25264868378290545,0.16730581735456612
55083,"Oconto County, Wisconsin",55,083,37870,0.11887939533355242,64528,0.026207605344295993,0.13893393592981523,0.2011090573012939,0.2061790335357803
55087,"Outagamie County, Wisconsin",55,087,186829,0.012524345728695069,68441,0.03163638809096062,0.10321140490876936,0.23524720466308763,0.14845125756708005
55089,"Ozaukee County, Wisconsin",55,089,89179,0.0027569387376401664,84394,0.02746649543260766,0.08924866961306034,0.21343589858598996,0.19797261687168505
55093,"Pierce County, Wisconsin",55,093,42336,0.04903834667303787,73873,0.031231949830844128,0.1066406528825335,0.2067507558578987,0.14654195011337867
55095,"Polk County, Wisconsin",55,095,43549,0.080885912538325,61814,0.03940343290826457,0.1382847858883602,0.20877632092585363,0.20618154263014077
55099,"Price County, Wisconsin",55,099,13351,0.1172069825436409,49749,0.01806767723166437,0.15589440145653163,0.1701745187626395,0.2590068159688413
55101,"Racine County, Wisconsin",55,101,195859,0.0108343275847524,62556,0.039909297052154194,0.13372954575206178,0.23158496673627457,0.1649656130175279
55105,"Rock County, Wisconsin",55,105,162532,0.020280608562602845,59519,0.04544263076373168,0.1348437887428713,0.23181281224620381,0.16585041714862303
55107,"Rusk County, Wisconsin",55,107,14074,0.10302242443938901,48961,0.04113687359760658,0.1687706211447425,0.2042773909336365,0.24179337785988347
55111,"Sauk County, Wisconsin",55,111,64152,0.06312858312858313,62808,0.023110323944466663,0.12360170159130297,0.22770919067215364,0.18443696221473999
55113,"Sawyer County, Wisconsin",55,113,16477,0.038356662425013635,52022,0.050492138565767605,0.1536514599666646,0.18771621047520787,0.26139467136007766
55115,"Shawano County, Wisconsin",55,115,40813,0.06828267404685785,57322,0.03196837327346381,0.13886888055438265,0.21461299095876313,0.2120647832798373
55117,"Sheboygan County, Wisconsin",55,117,115152,0.01877109797264337,62101,0.0330985800953109,0.10086095413559142,0.2213682784493539,0.17938898152007782
55119,"Taylor County, Wisconsin",55,119,20320,0.0898186889818689,52860,0.03597122302158273,0.12236077301405932,0.23474409448818898,0.19261811023622047
55121,"Trempealeau County, Wisconsin",55,121,29525,0.06354489749602844,59606,0.024815516228041533,0.10243668391651531,0.250194750211685,0.1814055884843353
55123,"Vernon County, Wisconsin",55,123,30759,0.08692584491639031,54549,0.023303730017761988,0.10425420168067227,0.2603140544230957,0.19516239149517214
55125,"Vilas County, Wisconsin",55,125,21923,0.046577437858508604,50039,0.05641128225645129,0.16618330801454678,0.1654426857638097,0.3111344250330703
55127,"Walworth County, Wisconsin",55,127,103391,0.025458693792185568,66034,0.033774017274810504,0.11791842256372324,0.20738749020707797,0.17721078236983875
55129,"Washburn County, Wisconsin",55,129,15726,0.05876188337450408,51711,0.03597928041439171,0.16375321336760926,0.18784179066514053,0.26599262368052906
55131,"Washington County, Wisconsin",55,131,135529,0.013157204094129998,80839,0.029302680379830075,0.09848456751203519,0.21930361767592177,0.18027138103284168
55133,"Waukesha County, Wisconsin",55,133,402637,0.005326838749152685,88985,0.030253860951798783,0.09601817918193681,0.2149181520823968,0.18609566433288546
55135,"Waupaca County, Wisconsin",55,135,50997,0.04984520123839009,60106,0.023291233283803864,0.14260138397167685,0.20444339863129204,0.205600329431143
55137,"Waushara County, Wisconsin",55,137,24256,0.09741288278775079,54320,0.0413268080478521,0.16149095337508698,0.18304749340369394,0.24328001319261214
55139,"Winnebago County, Wisconsin",55,139,170924,0.017126395959117635,59947,0.029730498938196466,0.12332370290116769,0.20523741545950247,0.1619959748192179
55141,"Wood County, Wisconsin",55,141,72892,0.043379578403835786,55684,0.03962828455458235,0.15101538631682265,0.21618284585414038,0.20465894748394886
56001,"Albany County, Wyoming",56,001,38664,0.09513752961780159,51362,0.041089175096929456,0.09439850210641286,0.15970929029588246,0.11884440306228015
56003,"Big Horn County, Wyoming",56,003,11809,0.1510607168983175,51237,0.07305071915215745,0.15432633951794694,0.25480565670251504,0.21136421373528663
56005,"Campbell County, Wyoming",56,005,46958,0.20015733320222234,80887,0.04081715704228218,0.10430202689576273,0.27373397504152647,0.10002555475105414
56007,"Carbon County, Wyoming",56,007,15073,0.16369621977522988,62423,0.036690944070358666,0.11982981097858687,0.23107543289325283,0.16811517282558217
56009,"Converse County, Wyoming",56,009,13842,0.15767448811836796,73806,0.053681642026697285,0.13918722786647314,0.24866348793526946,0.16811154457448346
56011,"Crook County, Wyoming",56,011,7502,0.21272528672856364,66898,0.010005558643690939,0.10577311263625354,0.2447347374033591,0.20021327645961076
56013,"Fremont County, Wyoming",56,013,39711,0.1635143380109823,54291,0.07407998298234418,0.14961757859463332,0.2515172118556571,0.18460879856966583
30055,"McCone County, Montana",30,055,1826,0.15180935569285084,57045,0.01714898177920686,0.11572535991140642,0.20755750273822562,0.25958378970427165
30059,"Meagher County, Montana",30,059,1795,0.1332836932241251,46815,0.005668934240362812,0.16694867456288776,0.18384401114206128,0.3225626740947075
30061,"Mineral County, Montana",30,061,4330,0.21805111821086262,48672,0.06505376344086021,0.18327067669172933,0.18983833718244802,0.2840646651270208
30065,"Musselshell County, Montana",30,065,4682,0.14689680499449137,46328,0.06990088680229525,0.13972484952708514,0.19243912857753098,0.2742417770183682
30069,"Petroleum County, Montana",30,069,464,0.20469798657718122,40000,0.03488372093023256,0.09698275862068965,0.18318965517241378,0.19181034482758622
30071,"Phillips County, Montana",30,071,4032,0.12897751378871447,46686,0.05663345568956476,0.19594086695063895,0.234375,0.21924603174603174
30075,"Powder River County, Montana",30,075,1634,0.269825918762089,57755,0.006795016987542469,0.14685749844430615,0.1536107711138311,0.2631578947368421
30077,"Powell County, Montana",30,077,6843,0.10591133004926108,50332,0.012003000750187547,0.18271461716937354,0.13502849627356422,0.20458863071752156
30079,"Prairie County, Montana",30,079,1162,0.19548872180451127,42350,0.02333931777378815,0.1628721541155867,0.2314974182444062,0.3244406196213425
30081,"Ravalli County, Montana",30,081,43424,0.09558860599949584,55090,0.056594414959575415,0.1967713585272214,0.19072402358142962,0.25840549005158436
30083,"Richland County, Montana",30,083,11097,0.16530495914877447,64158,0.024676233811690585,0.13706407137064072,0.2563755970082004,0.15148238262593494
30085,"Roosevelt County, Montana",30,085,11091,0.11371318203766297,45458,0.10740740740740741,0.1116219198234645,0.3358579028040754,0.11477774772337931
30087,"Rosebud County, Montana",30,087,9065,0.21812484936129187,57769,0.05840957072484166,0.19048148559991104,0.27512410369553225,0.15157198014340872
30089,"Sanders County, Montana",30,089,11804,0.1592253104671792,42284,0.04950495049504951,0.21330824495381456,0.17570315147407659,0.30947136563876654
30091,"Sheridan County, Montana",30,091,3389,0.07292659675881792,54135,0.023090586145648313,0.16227544910179642,0.2112717615815875,0.22514015933903805
30093,"Silver Bow County, Montana",30,093,34895,0.06051507102436771,49359,0.05317534438477702,0.19378620326487625,0.20366814729903998,0.18893824330133258
30095,"Stillwater County, Montana",30,095,9562,0.13268874717136392,67448,0.042571490002150075,0.14234688517701438,0.21407655302238027,0.2289270027190964
30097,"Sweet Grass County, Montana",30,097,3676,0.09043805934997645,53790,0.011653718091009988,0.15976979994519047,0.20756256800870512,0.2766594124047878
30099,"Teton County, Montana",30,099,6127,0.07113543091655267,56649,0.013376717281272595,0.15328467153284672,0.24400195854414886,0.2245797290680594
30101,"Toole County, Montana",30,101,4812,0.11646418098031001,49725,0.029024943310657598,0.1859640831758034,0.19098088113050707,0.1824605153782211
30103,"Treasure County, Montana",30,103,614,0.1903765690376569,44671,0.01238390092879257,0.23941368078175895,0.11563517915309446,0.30130293159609123
30105,"Valley County, Montana",30,105,7424,0.053655539627278315,51087,0.060460139111824504,0.16068749147456007,0.2271012931034483,0.22898706896551724
30107,"Wheatland County, Montana",30,107,2138,0.09700889248181083,35265,0.015677491601343786,0.12754860123281175,0.20720299345182414,0.2558465855940131
30109,"Wibaux County, Montana",30,109,1037,0.12026359143327842,50972,0.003913894324853229,0.16372549019607843,0.25265188042430087,0.2507232401157184
30111,"Yellowstone County, Montana",30,111,160390,0.10239369036456897,62630,0.034304444549628436,0.12343619683069225,0.23418542303136106,0.17031610449529272
13001,"Appling County, Georgia",13,001,18428,0.3459346283587298,37924,0.038031035359959296,0.15052268683274023,0.2477208595615368,0.17158671586715868
13003,"Atkinson County, Georgia",13,003,8311,0.43520364568499004,35703,0.06435110393107162,0.15340086830680175,0.2674768379256407,0.12934664901937193
13005,"Bacon County, Georgia",13,005,11140,0.38431209794563187,36692,0.04305329299511287,0.19231885459998066,0.25556552962298024,0.15601436265709157
13007,"Baker County, Georgia",13,007,3090,0.25638240086909286,34034,0.1403361344537815,0.19644012944983819,0.16990291262135923,0.29838187702265373
13011,"Banks County, Georgia",13,011,18900,0.27770651616213443,50912,0.037324111614595756,0.18811566571337782,0.22873015873015873,0.16746031746031745
13013,"Barrow County, Georgia",13,013,81294,0.07246177159388345,62990,0.0482949752982287,0.13440747543732048,0.2599576844539572,0.125015376288533
13017,"Ben Hill County, Georgia",13,017,16889,0.23331253898939489,32077,0.061201413427561836,0.12102874432677761,0.24844573390964533,0.17129492569127835
13021,"Bibb County, Georgia",13,021,153026,0.030197610425161822,41317,0.07442543505396872,0.1609351946430598,0.24327238508488755,0.15609112177015672
13023,"Bleckley County, Georgia",13,023,12870,0.2303360240285339,46992,0.06727525302639413,0.18877305533279873,0.19658119658119658,0.17047397047397048
13027,"Brooks County, Georgia",13,027,15548,0.30292951260074197,37516,0.06787396937573616,0.14713120062168114,0.220478518137381,0.19114998713660922
13029,"Bryan County, Georgia",13,029,38321,0.14799025578562727,76121,0.06974480968858132,0.11670698230641698,0.2937814775188539,0.1080086636570027
13033,"Burke County, Georgia",13,033,22567,0.3532845271072418,45699,0.04431715405486886,0.12855415752473917,0.26002570124518104,0.1572207205211149
13035,"Butts County, Georgia",13,035,24463,0.11642169821296394,48282,0.05116231854634047,0.15472342783267154,0.20099742468217308,0.1561950701058742
13039,"Camden County, Georgia",13,039,53960,0.11859391113303143,60594,0.06581368854613968,0.12364847244789473,0.24245737583395108,0.13228317272053372
13045,"Carroll County, Georgia",13,045,118692,0.11505722225869275,59197,0.06239677324014673,0.1469694519393635,0.23755602736494455,0.13608330805783034
13047,"Catoosa County, Georgia",13,047,67181,0.11233591993618101,58932,0.03495426967309608,0.17293244357801604,0.22741548949851892,0.17686548280019648
13051,"Chatham County, Georgia",13,051,289649,0.03347751002107198,57739,0.07376044269664427,0.15086917002783617,0.2124847660444193,0.1542315008855546
13053,"Chattahoochee County, Georgia",13,053,10470,0.2053277461837773,45700,0.11770200840728631,0.12713310580204779,0.20945558739255013,0.030276981852913085
13057,"Cherokee County, Georgia",13,057,253780,0.038264066428616704,84817,0.03759582631410994,0.10684469497543732,0.2444164236740484,0.14049176452045078
13059,"Clarke County, Georgia",13,059,126952,0.041850632343036744,40363,0.05808661307990188,0.12507628052211542,0.17260066796899615,0.1093562921419119
13063,"Clayton County, Georgia",13,063,287560,0.028087025435881954,49460,0.07052480634322587,0.10976207174853123,0.2788287661705383,0.09378216719988872
13067,"Cobb County, Georgia",13,067,756653,0.010097938433976671,80830,0.04778706297731895,0.09095239806095252,0.23567870609116728,0.12307623177334921
13069,"Coffee County, Georgia",13,069,43070,0.33075903406143736,42526,0.04157382750937449,0.17696243604143266,0.24490364522869748,0.1402368237752496
13073,"Columbia County, Georgia",13,073,154257,0.05875232298433158,82251,0.047717477944851996,0.1245605156616237,0.253492548150165,0.13554004032231926
13075,"Cook County, Georgia",13,075,17217,0.2941255364806867,40943,0.04616393442622951,0.15916075650118203,0.2545739675901725,0.16094557704594295
13079,"Crawford County, Georgia",13,079,12267,0.3524818739542666,47917,0.08649468892261002,0.21292932628797887,0.20518464172169235,0.18456020216841934
13081,"Crisp County, Georgia",13,081,22509,0.20333024976873265,38272,0.11955252918287938,0.192646859313526,0.2398596117108712,0.18805811008929763
13085,"Dawson County, Georgia",13,085,25277,0.062166511391547385,72260,0.050728427344041836,0.14718787395293179,0.19954899711199905,0.199113818886735
13089,"DeKalb County, Georgia",13,089,755287,0.005909105365264128,65116,0.06681470695303968,0.10774762654109657,0.23161261877935144,0.12397141748765701
13091,"Dodge County, Georgia",13,091,20725,0.32437911809427267,42211,0.04602510460251046,0.1986490798851186,0.19310012062726176,0.18200241254523522
13095,"Dougherty County, Georgia",13,095,88696,0.04214729370008873,40947,0.10435221395231488,0.16506186648831284,0.23844367276991071,0.15767340128077928
13097,"Douglas County, Georgia",13,097,145063,0.038613824050680645,67651,0.06695288154181546,0.11592387711790697,0.2591494729875985,0.11646663863286985
13101,"Echols County, Georgia",13,101,3944,0.5586592178770949,44454,0.024252679075014102,0.12677484787018256,0.23985801217038538,0.1359026369168357
13105,"Elbert County, Georgia",13,105,19164,0.22056384742951907,39323,0.07032466754522583,0.2105402262395602,0.21780421623878105,0.2070027134209977
31133,"Pawnee County, Nebraska",31,133,2640,0.04044117647058824,46063,0.04417670682730924,0.16327314636957357,0.2159090909090909,0.2840909090909091
31135,"Perkins County, Nebraska",31,135,2889,0.018646408839779006,61389,0.007462686567164179,0.13256383350821965,0.2481827622014538,0.2336448598130841
31137,"Phelps County, Nebraska",31,137,9050,0.05834114339268978,58105,0.006002143622722401,0.13814222524668254,0.23878453038674033,0.2079558011049724
31139,"Pierce County, Nebraska",31,139,7132,0.0387431360585723,57629,0.033161953727506424,0.11867787434107423,0.24551318003365116,0.19265283230510374
31141,"Platte County, Nebraska",31,141,33250,0.0511011947603282,60878,0.023119100107399242,0.10789098735865645,0.2616842105263158,0.17596992481203008
31143,"Polk County, Nebraska",31,143,5208,0.08431085043988269,59837,0.056451612903225805,0.12088126340417235,0.22676651305683565,0.2217741935483871
31145,"Red Willow County, Nebraska",31,145,10725,0.059586466165413535,48140,0.04764434998228834,0.1495987772258311,0.23822843822843823,0.2026107226107226
31147,"Richardson County, Nebraska",31,147,7913,0.02856495125821809,44524,0.036314229249011856,0.15626206719011457,0.2121824845191457,0.24188044989258184
31149,"Rock County, Nebraska",31,149,1430,0.0627027027027027,51458,0.011734028683181226,0.12365975696926376,0.21678321678321677,0.24405594405594405
31151,"Saline County, Nebraska",31,151,14221,0.03504593399115345,52956,0.02384891094568514,0.11389782065023223,0.24562267069826313,0.1450671542085648
31153,"Sarpy County, Nebraska",31,153,183956,0.009131898864220079,83051,0.03170348274750081,0.09520015600189431,0.2735817260649286,0.11732696949270478
31155,"Saunders County, Nebraska",31,155,21356,0.040445306914513326,70414,0.019679874048806088,0.1313795568263045,0.24232065929949428,0.18467877879752762
31157,"Scotts Bluff County, Nebraska",31,157,35884,0.0494384765625,53433,0.04505723791800598,0.15325529321731243,0.24841154832237208,0.190363393155724
31159,"Seward County, Nebraska",31,159,17217,0.030977734753146177,71111,0.0241298313047192,0.10071432788240156,0.23279316954173201,0.1725620026717779
31161,"Sheridan County, Nebraska",31,161,5215,0.09009934909215485,45543,0.015945330296127564,0.18303571428571427,0.22377756471716204,0.2586768935762224
31163,"Sherman County, Nebraska",31,163,3015,0.12994350282485875,53158,0.033417402269861285,0.15574324324324323,0.2019900497512438,0.27495854063018244
31165,"Sioux County, Nebraska",31,165,1298,0.09741060419235512,47422,0.026033690658499236,0.10092449922958398,0.23959938366718028,0.20184899845916796
31167,"Stanton County, Nebraska",31,167,5946,0.06259259259259259,64808,0.022506082725060828,0.1230428863172226,0.25109317188025565,0.18028927009754456
31169,"Thayer County, Nebraska",31,169,5000,0.014508523757707652,53234,0.0171473109898675,0.13971193415637861,0.2262,0.2574
31171,"Thomas County, Nebraska",31,171,586,0.038860103626943004,59000,0.019801980198019802,0.13822525597269625,0.2150170648464164,0.25426621160409557
31173,"Thurston County, Nebraska",31,173,7218,0.03311529026982829,55574,0.11811505507955937,0.12823725981620718,0.35799390412856746,0.12108617345525076
31177,"Washington County, Nebraska",31,177,20546,0.050254747568318665,71505,0.02536959299142179,0.11896001962227128,0.2441837827314319,0.18027839968850384
31181,"Webster County, Nebraska",31,181,3497,0.030494216614090432,51684,0.019021739130434784,0.13793103448275862,0.2204746925936517,0.228195596225336
31183,"Wheeler County, Nebraska",31,183,689,0.17275747508305647,48438,0.0,0.17561683599419448,0.1320754716981132,0.3178519593613933
32001,"Churchill County, Nevada",32,001,24606,0.16789315889888254,56335,0.05932044302609349,0.15372105961398552,0.2270178005364545,0.19255466146468342
32003,"Clark County, Nevada",32,003,2228866,0.02787504178242453,61048,0.06992623360338561,0.12112122555007374,0.2318201273652162,0.14813676551214833
32007,"Elko County, Nevada",32,007,52537,0.19960528731411786,79375,0.042742230347349176,0.11142840604318212,0.2685916592116033,0.11671774178198223
32009,"Esmeralda County, Nevada",32,009,1030,0.44849785407725323,31845,0.029556650246305417,0.2119140625,0.13398058252427184,0.2543689320388349
32013,"Humboldt County, Nevada",32,013,16834,0.40210803689064556,66123,0.03793022711308827,0.12657161763821212,0.26464298443625994,0.15747891172626827
32015,"Lander County, Nevada",32,015,5565,0.5687885010266941,73797,0.09212481426448738,0.14298658934396521,0.2699011680143756,0.13423180592991915
32019,"Lyon County, Nevada",32,019,55667,0.18314554584968562,58814,0.07973907886934177,0.1658994494087914,0.2119029227369896,0.2115795713798121
32021,"Mineral County, Nevada",32,021,4487,0.16017797552836485,31500,0.12144102266124346,0.14395654142145767,0.15645197236460887,0.30042344550924893
32027,"Pershing County, Nevada",32,027,6591,0.43785084202085006,57074,0.0875943000838223,0.12555673382820784,0.1670459717796996,0.1605219238355333
32029,"Storey County, Nevada",32,029,4086,0.2143219908583037,64000,0.036608863198458574,0.213151364764268,0.1661771904062653,0.31620166421928536
32033,"White Pine County, Nevada",32,033,9570,0.1886293521375055,57353,0.02501302761855133,0.15121769383697814,0.1910135841170324,0.18150470219435735
32510,"Carson City, Nevada",32,510,55244,0.10272666998176695,58305,0.04608497835180157,0.16464758746726454,0.2041850698718413,0.20311708058793715
33003,"Carroll County, New Hampshire",33,003,48461,0.06555161344821761,66932,0.05542986425339366,0.16308102034871624,0.15546521945481934,0.28288727017601784
33005,"Cheshire County, New Hampshire",33,005,76040,0.061017897091722596,64686,0.03871881255798057,0.13736788995698127,0.1788269331930563,0.1994608100999474
33009,"Grafton County, New Hampshire",33,009,90331,0.0705939904795951,67476,0.028678694337261446,0.13717829596211756,0.16111855287774962,0.20582081455978568
33011,"Hillsborough County, New Hampshire",33,011,415305,0.022264679066904373,82099,0.04027608300940544,0.11817642020013239,0.20460625323557385,0.15700509264275653
33015,"Rockingham County, New Hampshire",33,015,308211,0.04953616139782041,93962,0.03385970578081673,0.10826821852420963,0.1939320789978294,0.17845891288759974
33017,"Strafford County, New Hampshire",33,017,130161,0.09674869966365858,72682,0.04069572224833792,0.12768369478285851,0.18416422737993715,0.15095151389433087
22001,"Acadia Parish, Louisiana",22,001,62371,0.15831950520440488,44412,0.09648135644084327,0.19656019656019655,0.25845344791649966,0.15419024867326162
22003,"Allen Parish, Louisiana",22,003,25572,0.16716746794871795,48328,0.08739240506329114,0.18639609169485155,0.22180509932738934,0.14594087282965743
22007,"Assumption Parish, Louisiana",22,007,22236,0.3557003855333211,44742,0.051211884284597345,0.21931818181818183,0.216495772620975,0.1815074653714697
22009,"Avoyelles Parish, Louisiana",22,009,40465,0.2031786941580756,35530,0.0635285350555797,0.23898960204692687,0.23536389472383543,0.16975163721734832
22013,"Bienville Parish, Louisiana",22,013,13391,0.3273163342590255,27815,0.05309181761399125,0.22911402098169845,0.22649540736315435,0.20401762377716376
22015,"Bossier Parish, Louisiana",22,015,126952,0.12014250955856795,55448,0.05373704788119992,0.12119854661291125,0.2479992438086836,0.14131325225281996
22019,"Calcasieu Parish, Louisiana",22,019,202858,0.1611016542272271,52866,0.0584611214777904,0.1361609478304627,0.24991866231551135,0.14744303897307476
22021,"Caldwell Parish, Louisiana",22,021,9959,0.36450199961912016,40690,0.09404045926735921,0.15561092079310704,0.23064564715332864,0.18606285771663822
22025,"Catahoula Parish, Louisiana",22,025,9586,0.31632247815726766,40973,0.07737056428155904,0.15078887149223172,0.21573127477571458,0.1695180471520968
22027,"Claiborne Parish, Louisiana",22,027,15854,0.2726582278481013,26849,0.040226628895184136,0.181171118285882,0.17680080736722595,0.193074303015012
22031,"De Soto Parish, Louisiana",22,031,27395,0.29800470374023214,44436,0.0911673769532882,0.19492897622727606,0.23989779156780433,0.17678408468698667
22033,"East Baton Rouge Parish, Louisiana",22,033,443158,0.028322864257242106,56076,0.0657674386318082,0.14266786058435302,0.22740196498765677,0.14221564317918214
22037,"East Feliciana Parish, Louisiana",22,037,19228,0.3228143992519869,54187,0.06725187597338242,0.16114762386248735,0.17677345537757438,0.18093405450384856
22039,"Evangeline Parish, Louisiana",22,039,33491,0.15117974549310711,31427,0.13317824949113113,0.2429251189581768,0.24484189782329582,0.15347406765996835
22043,"Grant Parish, Louisiana",22,043,22339,0.2696712619300106,51449,0.04099363680861478,0.17937757389355158,0.2052016652491159,0.14772371189399705
22045,"Iberia Parish, Louisiana",22,045,70763,0.1906938775510204,50602,0.08714799652648554,0.16179203476570317,0.2593163093707163,0.14956969037491344
22049,"Jackson Parish, Louisiana",22,049,15822,0.18449299153933577,41760,0.04390074613916363,0.23619673927935333,0.2086967513588674,0.20522057894071546
56015,"Goshen County, Wyoming",56,015,13301,0.12873258128732581,55955,0.04574854077930273,0.16782006920415224,0.20374407939252687,0.21975791293887678
56019,"Johnson County, Wyoming",56,019,8518,0.1240043057050592,56565,0.0281086231538828,0.14250089063056645,0.19805118572434843,0.255928621742193
56021,"Laramie County, Wyoming",56,021,99272,0.08526265368034489,69369,0.04920268779460435,0.14123903439901178,0.22991377226206786,0.15992424852929327
56023,"Lincoln County, Wyoming",56,023,19640,0.13516909224165008,71898,0.02715430861723447,0.13524023947193367,0.26934826883910384,0.17423625254582484
56027,"Niobrara County, Wyoming",56,027,2377,0.14701378254211334,46111,0.04961832061068702,0.15173067804646753,0.214135464871687,0.1804795961295751
56029,"Park County, Wyoming",56,029,29273,0.09080925252247923,63684,0.02435649045114863,0.11502629860084568,0.20493287329621152,0.23041710791514364
56033,"Sheridan County, Wyoming",56,033,30397,0.07440377333421909,59380,0.0360704571946639,0.1249833133093045,0.21265256439780242,0.21206040069743726
56035,"Sublette County, Wyoming",56,035,9865,0.1428807400066072,78655,0.0529110936270653,0.15671338614665853,0.22990369994931575,0.18945767866193614
56039,"Teton County, Wyoming",56,039,23356,0.028683553335711737,87053,0.01843439331094871,0.06322973901098901,0.1794827881486556,0.14904093166638124
56041,"Uinta County, Wyoming",56,041,20374,0.22132863280819653,72458,0.04457345272065335,0.15219222194699034,0.28752331402768233,0.14076764503779327
56045,"Weston County, Wyoming",56,045,6942,0.2125455054606553,53333,0.03896961690885073,0.14184075083257644,0.19317199654278305,0.2028233938346298
72001,"Adjuntas Municipio, Puerto Rico",72,001,17614,0.0,14253,0.29789569990850867,0.17707680920116153,0.1985352560463268,0.19518564778017486
72005,"Aguadilla Municipio, Puerto Rico",72,005,51552,0.001354170479083556,16065,0.17385802097143546,0.2327415783647003,0.18845049658597143,0.21669382371198015
72007,"Aguas Buenas Municipio, Puerto Rico",72,007,25298,0.0035761340109166195,20190,0.09678123295144572,0.31158413089233944,0.18863151237251957,0.19796031306822673
72011,"Añasco Municipio, Puerto Rico",72,011,26555,0.0032818378291843433,20167,0.0959833643427821,0.2529174062464595,0.17748070043306347,0.20625117680286198
72013,"Arecibo Municipio, Puerto Rico",72,013,83682,0.0011650485436893205,19266,0.1767836999435984,0.1991673284720718,0.18201046820104683,0.21726297172629716
72017,"Barceloneta Municipio, Puerto Rico",72,017,23913,0.0034249926607300128,17815,0.18615196078431373,0.17528663486484225,0.19533308242378622,0.1951658093923807
72019,"Barranquitas Municipio, Puerto Rico",72,019,28026,0.0051842251434919455,18924,0.17971687679716877,0.21784946236559138,0.21783344037679298,0.1600299721687005
72023,"Cabo Rojo Municipio, Puerto Rico",72,023,47977,0.03901205889386124,17261,0.1285394694790668,0.15756574821256847,0.17710569647956312,0.23098568063863933
72025,"Caguas Municipio, Puerto Rico",72,025,126734,0.0009907357516555715,25823,0.1278048780487805,0.23779878503338778,0.18624047217005696,0.20251866113276626
72027,"Camuy Municipio, Puerto Rico",72,027,31066,0.002564102564102564,18571,0.07337337337337338,0.16676371635610765,0.18154896027811757,0.20118457477628277
72031,"Carolina Municipio, Puerto Rico",72,031,150378,0.002419660724328708,29398,0.1431265405517774,0.20995892195170823,0.17912859593823566,0.22355663727406935
72033,"Cataño Municipio, Puerto Rico",72,033,23698,0.0038684719535783366,18647,0.16657437146970872,0.21571863890299645,0.19647227614144652,0.20056544856106
72037,"Ceiba Municipio, Puerto Rico",72,037,11207,0.004437869822485207,19092,0.10506666666666667,0.09560400285918513,0.17908450075845453,0.23583474614080485
72039,"Ciales Municipio, Puerto Rico",72,039,16188,0.0015025269771889087,17783,0.2154601751014307,0.28148377125193197,0.19465035829009142,0.20280454657771188
72043,"Coamo Municipio, Puerto Rico",72,043,38603,0.0011750154607297464,18319,0.06901615271659324,0.28624786014421333,0.19402637100743467,0.17939020283397664
72045,"Comerío Municipio, Puerto Rico",72,045,18942,0.0,14297,0.17207792207792208,0.2558778464627252,0.19696969696969696,0.18282124379685355
72049,"Culebra Municipio, Puerto Rico",72,049,1371,0.008707300736771601,25658,0.0328125,0.08898614150255288,0.2049598832968636,0.24434719183078046
72051,"Dorado Municipio, Puerto Rico",72,051,36475,0.007376119026604464,29852,0.18774292059966685,0.16423538478476274,0.20962302947224126,0.17453050034270048
72054,"Florida Municipio, Puerto Rico",72,054,11513,0.0,20221,0.18897277510867078,0.2044367116137451,0.19907930165899418,0.18535568487796403
72055,"Guánica Municipio, Puerto Rico",72,055,15825,0.0,12283,0.34847198641765703,0.3944071871441225,0.19462875197472354,0.24157977883096365
72057,"Guayama Municipio, Puerto Rico",72,057,40198,0.004902770891863604,17319,0.08766730401529636,0.2403649770563115,0.1953331011493109,0.1826459027812329
72061,"Guaynabo Municipio, Puerto Rico",72,061,85312,0.0013911660952948776,36073,0.09546749546749547,0.23189020939445387,0.16127860090022506,0.2227119279819955
72063,"Gurabo Municipio, Puerto Rico",72,063,46948,0.00046622763564310276,35367,0.15989551751480946,0.21973334476549772,0.1969199965919741,0.15962341313793985
72067,"Hormigueros Municipio, Puerto Rico",72,067,15731,0.0,19848,0.2053585753248837,0.26542187101707876,0.16356239272773504,0.2769690420189435
72069,"Humacao Municipio, Puerto Rico",72,069,51586,0.002948960302457467,21802,0.09495778332738733,0.09605411939018209,0.18332493312138953,0.22147481874927305
72073,"Jayuya Municipio, Puerto Rico",72,073,14239,0.0029013539651837525,16003,0.14455037361504766,0.21169014084507043,0.21314699065945641,0.1700259849708547
72075,"Juana Díaz Municipio, Puerto Rico",72,075,45414,0.0002671082856990224,20889,0.21359057537988732,0.22642804934771535,0.2099352622539305,0.17820495882327037
72079,"Lajas Municipio, Puerto Rico",72,079,22391,0.025763045618641286,14439,0.19498405334879676,0.22197359588274782,0.17408780313518823,0.24331204501808762
72081,"Lares Municipio, Puerto Rico",72,081,24945,0.00487012987012987,16841,0.1396483121550507,0.17542725546442567,0.18488675085187412,0.20697534576067347
72083,"Las Marías Municipio, Puerto Rico",72,083,8131,0.0010204081632653062,14765,0.06051502145922747,0.08185097648961313,0.20022137498462675,0.2073545689337105
72085,"Las Piedras Municipio, Puerto Rico",72,085,37233,0.0018501387604070306,22848,0.13047942500592372,0.10760463428402463,0.19498831681572798,0.18180109043053205
72087,"Loíza Municipio, Puerto Rico",72,087,25164,0.0006043861163874979,17363,0.256359102244389,0.19201082199411157,0.20096169130503894,0.18160864727388332
72089,"Luquillo Municipio, Puerto Rico",72,089,17924,0.0,21805,0.25517964857067926,0.2433608569515733,0.18684445436286543,0.21641374693148852
72091,"Manatí Municipio, Puerto Rico",72,091,38062,0.0018892367483536651,18885,0.18221844585200062,0.20574276222116752,0.19310598497188797,0.2167516157847722
72093,"Maricao Municipio, Puerto Rico",72,093,5900,0.0,15387,0.071334214002642,0.0759322033898305,0.17813559322033898,0.20372881355932204
72095,"Maunabo Municipio, Puerto Rico",72,095,10568,0.0,20561,0.25595044016954677,0.11673925392918008,0.18423542770628312,0.22568130204390613
72097,"Mayagüez Municipio, Puerto Rico",72,097,73336,0.0008069643468479483,14761,0.259048009848174,0.24902151970007003,0.17072106468855677,0.24056397949165484
72099,"Moca Municipio, Puerto Rico",72,099,35547,0.004184357885668575,16033,0.22878542197513704,0.19726182074805929,0.1979632599094157,0.17675190592736378
72101,"Morovis Municipio, Puerto Rico",72,101,30652,0.001933748108289894,21191,0.18061478322672353,0.2490283810705771,0.20259689416677543,0.16135978076471355
72103,"Naguabo Municipio, Puerto Rico",72,103,25931,0.0,19224,0.17169974115616912,0.09052639709574016,0.2146851259110717,0.18094172997570476
72105,"Naranjito Municipio, Puerto Rico",72,105,27719,0.002325130788606859,18778,0.18183879378755244,0.27763524012575436,0.19481222266315523,0.19416284858761138
72107,"Orocovis Municipio, Puerto Rico",72,107,20608,0.0007847533632286995,15805,0.2546142924751538,0.2415878279527943,0.2047748447204969,0.17100155279503104
72109,"Patillas Municipio, Puerto Rico",72,109,16591,0.0036067481093659103,17138,0.18847137517214244,0.12087381570213022,0.17997709601591225,0.22066180459285153
72111,"Peñuelas Municipio, Puerto Rico",72,111,19797,0.000462000462000462,17313,0.17971698113207546,0.15517502651916956,0.22129615598322977,0.16714653735414456
72113,"Ponce Municipio, Puerto Rico",72,113,135674,0.0021575300838701838,17263,0.11685066116705083,0.2062477893421835,0.19439981131241063,0.21870807966154163
72115,"Quebradillas Municipio, Puerto Rico",72,115,23261,0.005954095841736291,17425,0.051289159966731356,0.18564856614643793,0.19010360689566227,0.20282876918447187
13107,"Emanuel County, Georgia",13,107,22525,0.26389448248086994,38423,0.0796334678738955,0.19252370868244176,0.24874583795782465,0.16031076581576026
13111,"Fannin County, Georgia",13,111,25797,0.09913620502259596,46028,0.05792452830188679,0.2447443348024494,0.16436019692212273,0.2906927162073109
13113,"Fayette County, Georgia",13,113,113544,0.03309302325581395,93777,0.0415053955230536,0.11161525305069876,0.2308444303529909,0.1827573451701543
13117,"Forsyth County, Georgia",13,117,236605,0.039564104090990294,112834,0.03287404583222734,0.07345106864502676,0.27425878573994633,0.11929587286828258
13121,"Fulton County, Georgia",13,121,1051550,0.006535389079750508,72741,0.057938069594034795,0.09989794380284625,0.2179563501497789,0.11709476487090485
13123,"Gilmer County, Georgia",13,123,30986,0.1708022442015154,57376,0.031431550722478774,0.204460604486576,0.19134447815142322,0.2500806815981411
13127,"Glynn County, Georgia",13,127,85008,0.09373131582578301,56952,0.04763299885251105,0.14745918136455122,0.217967720685112,0.20265151515151514
13129,"Gordon County, Georgia",13,129,57756,0.12358117025956886,48662,0.03500455788514129,0.1531186630305573,0.2432993974651984,0.15042592977353003
13133,"Greene County, Georgia",13,133,17808,0.1353279175747969,57880,0.04402426978975589,0.14141643059490086,0.1862084456424079,0.2948674752920036
13135,"Gwinnett County, Georgia",13,135,926414,0.014065780936887758,72787,0.04045169789348057,0.07082315587756886,0.2696494223964664,0.10015932401712409
13139,"Hall County, Georgia",13,139,201434,0.10012878300064391,63651,0.03533714884527024,0.11719182419730433,0.25252936445684443,0.1496321375735973
13143,"Haralson County, Georgia",13,143,29608,0.16494845360824742,52021,0.0427266338721012,0.17169856377716372,0.23841529316400972,0.16134152931640097
13145,"Harris County, Georgia",13,145,34676,0.07798549107142858,79860,0.06250739207569486,0.16184613572101791,0.21403852808859153,0.18372938055139001
13147,"Hart County, Georgia",13,147,25981,0.24235098587293194,45874,0.06211461733768589,0.21016949152542372,0.20588122089219044,0.2265886609445364
13149,"Heard County, Georgia",13,149,11785,0.3274708468744026,50583,0.07358813462635481,0.2549626192317608,0.22766228256257956,0.16724649978786593
13151,"Henry County, Georgia",13,151,229994,0.03232535146736116,71110,0.057099692841880344,0.09633518839920785,0.2568675704583598,0.11688565788672747
13153,"Houston County, Georgia",13,153,155317,0.07158626520738409,65870,0.05486326992992255,0.12498917337917158,0.2553358614961659,0.1265669566113175
13155,"Irwin County, Georgia",13,155,9379,0.18844836025452766,41484,0.1201026119402985,0.13800562405364483,0.2127092440558695,0.19202473611259196
13157,"Jackson County, Georgia",13,157,70467,0.14026750469474572,68307,0.039442150550053415,0.14093873163740595,0.2533384421076532,0.14401067166191267
13159,"Jasper County, Georgia",13,159,14074,0.17638910266276744,52409,0.05121951219512195,0.18458127726525067,0.23603808441097057,0.17983515702714226
13161,"Jeff Davis County, Georgia",13,161,15063,0.30231134241542934,36987,0.05337653478854024,0.18339123463388562,0.2640908185620394,0.15395339573790082
13163,"Jefferson County, Georgia",13,163,15489,0.29713735205064684,37009,0.06656346749226007,0.15662810796436644,0.23571566918458262,0.1820646910710827
13165,"Jenkins County, Georgia",13,165,8787,0.3472739216115612,25712,0.03906705539358601,0.15769549272447653,0.21247297143507454,0.17150335723227494
13167,"Johnson County, Georgia",13,167,9717,0.3266295129634117,42421,0.1177629958117763,0.20278060359443878,0.18956468045693114,0.189873417721519
13169,"Jones County, Georgia",13,169,28622,0.23509655751469352,63046,0.03985480405955997,0.13639895458077275,0.2310809866536231,0.1774858500454196
13171,"Lamar County, Georgia",13,171,18834,0.15647953830010494,50088,0.08068021992072626,0.18925913943707537,0.20898375278751194,0.17595837315493257
13173,"Lanier County, Georgia",13,173,10534,0.3141891891891892,32158,0.04023994001499625,0.14514656658890354,0.2237516612872603,0.13033985190810707
13175,"Laurens County, Georgia",13,175,47404,0.27154893065456903,39476,0.05039436768831719,0.1450301430992684,0.24645599527466036,0.17475318538519957
13177,"Lee County, Georgia",13,177,29735,0.11166931077031553,68338,0.04691170374464557,0.11865945191132833,0.2635614595594417,0.1302169160921473
13179,"Liberty County, Georgia",13,179,62039,0.1550794650983687,50411,0.09295358312694735,0.14416686179506116,0.2804848563000693,0.09102338851367688
13181,"Lincoln County, Georgia",13,181,7929,0.3019751578090002,42036,0.04050029779630732,0.1934538970962812,0.19170134947660486,0.24000504477235465
13183,"Long County, Georgia",13,183,19236,0.4289772727272727,52099,0.12391781883964337,0.19574816026165168,0.2791640673736744,0.08889582033686837
13187,"Lumpkin County, Georgia",13,187,33009,0.19872167344567113,52872,0.04768557890900255,0.12597195861140023,0.1796782695628465,0.1782241206943561
13191,"McIntosh County, Georgia",13,191,14217,0.292596822759838,56262,0.04099984758420972,0.20618262297422718,0.16290356615319687,0.2665119223464866
13193,"Macon County, Georgia",13,193,13107,0.28716603835436816,31910,0.09195402298850575,0.1861310551667727,0.1892881666285191,0.17128252079041734
13197,"Marion County, Georgia",13,197,8450,0.3540828402366864,52450,0.06452529846503695,0.161942351393374,0.22662721893491125,0.2055621301775148
13199,"Meriwether County, Georgia",13,199,21080,0.20991340698716035,40769,0.05602464628023734,0.21599847451971207,0.21366223908918405,0.20393738140417458
13205,"Mitchell County, Georgia",13,205,22072,0.21307506053268765,39404,0.10873828720854217,0.1786742060887565,0.22046031170714026,0.16872055092424793
13209,"Montgomery County, Georgia",13,209,9069,0.3925,45230,0.07809110629067245,0.15009315323707498,0.2035505568419892,0.16782445694122836
13211,"Morgan County, Georgia",13,211,18832,0.15382659547419272,68669,0.0297945573841024,0.14079828556121082,0.2255734919286321,0.1990229396771453
13215,"Muscogee County, Georgia",13,215,195418,0.011880675669317272,47418,0.08579915987839123,0.17763079875373286,0.24745929238862335,0.13274621580407128
13217,"Newton County, Georgia",13,217,109835,0.04139718650124569,59178,0.06157292372562307,0.15121413816846455,0.26107342832430463,0.1298129011699367
13221,"Oglethorpe County, Georgia",13,221,15040,0.28959141067700567,52816,0.05213833157338965,0.13864247311827957,0.22021276595744682,0.18018617021276595
13223,"Paulding County, Georgia",13,223,164440,0.03345558482703996,74154,0.042688939845782786,0.11169711579642931,0.26246047190464605,0.10796035027973729
13227,"Pickens County, Georgia",13,227,32002,0.1521106775452288,68365,0.045746915200840114,0.19148332597869255,0.19951878007624524,0.21773639147553278
13231,"Pike County, Georgia",13,231,18565,0.11173974540311174,68138,0.050188501413760606,0.11685405523414474,0.23312685160247779,0.15766226770805278
13233,"Polk County, Georgia",13,233,42251,0.0919688360377248,46846,0.05350086128280474,0.15258952775003568,0.25504721781732975,0.1541501976284585
13237,"Putnam County, Georgia",13,237,21906,0.3107008289374529,52910,0.03454057679409792,0.20027758501040943,0.2006756139870355,0.23632794668127455
13239,"Quitman County, Georgia",13,239,2290,0.5439882697947214,34394,0.21388577827547592,0.2292576419213974,0.12925764192139738,0.31004366812227074
13243,"Randolph County, Georgia",13,243,6888,0.21643548809212249,29400,0.08765989465763732,0.16172347646451232,0.2629210220673635,0.2222706155632985
13247,"Rockdale County, Georgia",13,247,90155,0.04217614743930533,62505,0.06595199782426399,0.11232609936539559,0.24648660640008874,0.14340857412234484
13249,"Schley County, Georgia",13,249,5215,0.29959875167186806,49105,0.08034257748776509,0.16816874400767018,0.22761265580057527,0.15896452540747844
13253,"Seminole County, Georgia",13,253,8218,0.3302373581011352,35286,0.04778041341917994,0.21169504071058476,0.2083231929909954,0.23192990995376003
13255,"Spalding County, Georgia",13,255,66043,0.058610578141403906,48970,0.04311849731164025,0.1526100086281277,0.23586148418454644,0.18201777629726087
13259,"Stewart County, Georgia",13,259,6446,0.3495311167945439,34028,0.09187466808284653,0.2116945107398568,0.11542041576171269,0.1462922742786224
13261,"Sumter County, Georgia",13,261,29714,0.14578078835483174,37174,0.0648397723869422,0.13054315089832796,0.2262906374099751,0.1661506360638083
13265,"Taliaferro County, Georgia",13,265,1596,0.4181646168401135,37717,0.0420899854862119,0.18946047678795483,0.14285714285714285,0.29385964912280704
13269,"Taylor County, Georgia",13,269,8126,0.3701059917802293,28550,0.04790782292298363,0.21667292527224935,0.20132906719173024,0.20563622938715234
13271,"Telfair County, Georgia",13,271,15871,0.25363711227010705,32764,0.01539408866995074,0.15193761814744802,0.16419885325436331,0.181841093818915
13275,"Thomas County, Georgia",13,275,44545,0.18140698681551343,47133,0.062057240011334655,0.17975483841622888,0.23778201818385902,0.18019979795712202
22051,"Jefferson Parish, Louisiana",22,051,434903,0.01654505345324962,54825,0.05375368152588754,0.14887049119069004,0.22089523410967504,0.17133475740567436
22055,"Lafayette Parish, Louisiana",22,055,243692,0.09246545664628569,58761,0.05066762041010968,0.11812393589037237,0.23680711718070352,0.13211759105756446
22057,"Lafourche Parish, Louisiana",22,057,97980,0.17746478873239438,54530,0.07012427654897034,0.17429992687724646,0.2324249846907532,0.15474586650336802
22059,"LaSalle Parish, Louisiana",22,059,14950,0.2869192068659367,51141,0.04425363276089828,0.13707188005291784,0.23678929765886286,0.1646153846153846
22061,"Lincoln Parish, Louisiana",22,061,47118,0.1882433556849885,36496,0.046789585842675806,0.14306355265144163,0.20005093594804532,0.13629610764463687
22063,"Livingston Parish, Louisiana",22,063,140524,0.25407731279061696,67365,0.051458411040656474,0.12670864470230497,0.25631208903817143,0.13322279468275883
22065,"Madison Parish, Louisiana",22,065,11137,0.11701100598571153,32585,0.09809496730167756,0.21426249051696108,0.23893328544491335,0.1434856783693993
22067,"Morehouse Parish, Louisiana",22,067,25189,0.18489049944855837,33780,0.05765322494384426,0.14643237486687966,0.24137520346182859,0.188614077573544
22069,"Natchitoches Parish, Louisiana",22,069,38505,0.2341594939334232,30625,0.13086436348971636,0.13225421255141304,0.2328528762498377,0.16662771068692378
22071,"Orleans Parish, Louisiana",22,071,391249,0.004541382830239776,43258,0.08544374948900335,0.13705764765900738,0.19951233102193233,0.14790325342684582
22073,"Ouachita Parish, Louisiana",22,073,154679,0.1253755170161817,44934,0.05435521917193673,0.13487411749034234,0.24883791594204774,0.1480485392328629
22075,"Plaquemines Parish, Louisiana",22,075,23305,0.2975319481026241,65234,0.032444053552232975,0.14173369882712444,0.25917185153400557,0.13469212615318601
22077,"Pointe Coupee Parish, Louisiana",22,077,21883,0.2247403210576015,44201,0.054365733113673806,0.2723971500804413,0.2206278846593246,0.20719279806242288
22079,"Rapides Parish, Louisiana",22,079,130376,0.15441226692165835,48013,0.05832679381759869,0.1725184493886802,0.24797508743940602,0.1616555194207523
22081,"Red River Parish, Louisiana",22,081,8462,0.29858156028368793,33817,0.042134831460674156,0.23014625891454127,0.23599621838808793,0.18955329709288585
22083,"Richland Parish, Louisiana",22,083,20251,0.20983824506979837,40491,0.065659569406447,0.15791649441918149,0.23184040294306454,0.17663325267888005
22085,"Sabine Parish, Louisiana",22,085,23915,0.450758820051245,39755,0.0863481228668942,0.20166426084741446,0.23453899226426927,0.20606314028852185
22087,"St. Bernard Parish, Louisiana",22,087,46694,0.0588886945367617,47873,0.08969679955081415,0.16489625304345953,0.2652803358033152,0.1139975157407804
22089,"St. Charles Parish, Louisiana",22,089,52856,0.09127174853407671,68113,0.06074283747083349,0.12640352557961296,0.24390797638867867,0.13578401695171788
22091,"St. Helena Parish, Louisiana",22,091,10227,0.35666418466120625,45063,0.1732790049324469,0.2244654400795624,0.20993448714187934,0.19468074704214336
22093,"St. James Parish, Louisiana",22,093,21142,0.15075545607162844,53209,0.04893350062735257,0.14233140563016775,0.22571185318323717,0.1732570239334027
22095,"St. John the Baptist Parish, Louisiana",22,095,43055,0.12473383391236131,55429,0.08527479091995221,0.1414531828144517,0.2490070839623737,0.1414934386250145
22097,"St. Landry Parish, Louisiana",22,097,82786,0.1731878199946106,40859,0.052021206096752814,0.1142382081815292,0.26782306187036453,0.16011161307467447
22099,"St. Martin Parish, Louisiana",22,099,53607,0.2583428498921457,48884,0.072992700729927,0.1529762016215103,0.24097599194135094,0.1519204581491223
22103,"St. Tammany Parish, Louisiana",22,103,258447,0.06688398849472675,70730,0.05344896491087843,0.15805177159727632,0.23928310253166027,0.1699071763262874
22105,"Tangipahoa Parish, Louisiana",22,105,133753,0.20152704210880618,48745,0.07103144967222637,0.19523099850968703,0.24507113859128393,0.14503599919254148
22109,"Terrebonne Parish, Louisiana",22,109,111297,0.16067272647433364,52224,0.06334186355611102,0.17016497208024883,0.25360971095357465,0.14688625928821084
22113,"Vermilion Parish, Louisiana",22,113,59787,0.1865590795322948,52219,0.07357667584940313,0.17143484428831993,0.254520213424323,0.15344472878719453
22115,"Vernon Parish, Louisiana",22,115,49315,0.209978930380598,50267,0.07528650856688983,0.18455352190793123,0.2482409003345838,0.12105850147014093
22119,"Webster Parish, Louisiana",22,119,38813,0.20836071374412374,30324,0.048826291079812206,0.15621448769787785,0.2259294566253575,0.19560456548063793
22121,"West Baton Rouge Parish, Louisiana",22,121,26395,0.2307624348440675,67813,0.07915770058407624,0.13924695372801002,0.23993180526614888,0.13794279219549158
22125,"West Feliciana Parish, Louisiana",22,125,15441,0.24899817850637523,59688,0.08261425375519335,0.10500631047538915,0.1635904410336118,0.1538112816527427
22127,"Winn Parish, Louisiana",22,127,14165,0.22073304157549234,37764,0.05645472061657033,0.2184029185245237,0.20593010942463819,0.18658665725379456
36001,"Albany County, New York",36,001,306165,0.013307931330230727,68327,0.04585313809286909,0.110379942829919,0.1844593601489393,0.169421717047997
36005,"Bronx County, New York",36,005,1427056,0.0017527941601022806,41895,0.10056302022307774,0.15689962271022667,0.24854035160498256,0.12904679283784237
36007,"Broome County, New York",36,007,192042,0.0452855027151555,52237,0.07634552895119165,0.15561388868349055,0.19359827537726124,0.1910050926359859
36011,"Cayuga County, New York",36,011,76958,0.1029328593358649,57985,0.04797999946807096,0.14186804050646712,0.19678266067205488,0.18950596429221134
36013,"Chautauqua County, New York",36,013,127584,0.06392633321508809,48315,0.05481143243700321,0.1635015878588641,0.20370892901931276,0.20102050413844996
36017,"Chenango County, New York",36,017,47527,0.21194515454334187,51756,0.06517980636237898,0.18691947166595654,0.207355818797736,0.20539903633723988
36019,"Clinton County, New York",36,019,80320,0.13255997603681616,59510,0.044860501196455335,0.16359766817803276,0.17951942231075696,0.16860059760956175
36023,"Cortland County, New York",36,023,47618,0.0670479669326156,59194,0.056051666400893,0.12922410314139463,0.18896215716745768,0.16285858288882354
36025,"Delaware County, New York",36,025,44676,0.12291297748545409,49945,0.042660638707195074,0.17728556899084644,0.16733816814396993,0.24503088906795595
36029,"Erie County, New York",36,029,918873,0.014319025943198636,59464,0.04794873589696272,0.13387517572969138,0.20302261574776928,0.17974083469641616
36033,"Franklin County, New York",36,033,50389,0.0989355525449971,52905,0.0695447039396084,0.16429069666056326,0.1934549207168231,0.1708706265256306
36035,"Fulton County, New York",36,035,53452,0.10010978454782489,51663,0.03982557017713117,0.16753022452504318,0.2019943126543441,0.19516575619247176
36039,"Greene County, New York",36,039,47335,0.07042963759833255,56681,0.037230116257612106,0.13025370883140858,0.1649308122953417,0.22197105735713532
36041,"Hamilton County, New York",36,041,4454,0.10854529228023203,60625,0.0210727969348659,0.21172491544532132,0.1347103726986978,0.3082622361921868
36045,"Jefferson County, New York",36,045,111454,0.12580049568356094,54726,0.05752845600052839,0.14489202952104235,0.24054766989071724,0.13610099233764603
36047,"Kings County, New York",36,047,2576771,0.0012863990299907166,63973,0.06524200374523205,0.09999586353731557,0.22830162245694322,0.140004292193602
36051,"Livingston County, New York",36,051,63218,0.10119198579761603,60248,0.04023308344518283,0.12103021232504975,0.1771647315637951,0.17854092188933532
36053,"Madison County, New York",36,053,70990,0.08248664340199499,61176,0.03881663570101472,0.12476593088577427,0.19153401887589802,0.18349063248344838
36057,"Montgomery County, New York",36,057,49294,0.06226358961281822,50146,0.05987061857849563,0.15905109338609616,0.22941940195561325,0.18637156651925182
36059,"Nassau County, New York",36,059,1355683,0.0022884890900561664,120036,0.041477021436209224,0.08473494699980016,0.21578495857807467,0.1781854607603695
36063,"Niagara County, New York",36,063,210145,0.03419568525646764,57252,0.05239904988123516,0.14067215099852,0.20035213780960764,0.19126793404554
36065,"Oneida County, New York",36,065,229074,0.0574536075631288,59113,0.04406826954378459,0.137040414620052,0.21249028698149944,0.18748963217126344
36069,"Ontario County, New York",36,069,109774,0.06875207466854119,64795,0.03550566542332324,0.13144185448230872,0.2012134020806384,0.20001093155027602
36071,"Orange County, New York",36,071,382077,0.020587256696057227,80816,0.04808315684833816,0.1170849547520401,0.2552600653794916,0.13983307029734843
36075,"Oswego County, New York",36,075,117630,0.13661162169089378,59070,0.06583270586624683,0.14751952640448956,0.2109325852248576,0.1639972796055428
72119,"Río Grande Municipio, Puerto Rico",72,119,48828,0.0032745371987425776,23738,0.20574844791906186,0.24109747770489767,0.18372655033996887,0.2014622757434259
72121,"Sabana Grande Municipio, Puerto Rico",72,121,22140,0.0022174997690104408,18290,0.18404514556880852,0.31882807176924827,0.18902439024390244,0.22971996386630533
72125,"San Germán Municipio, Puerto Rico",72,125,30811,0.0,16561,0.0749305029062421,0.10883224273203763,0.18360325857648244,0.24643796046866379
72127,"San Juan Municipio, Puerto Rico",72,127,326953,0.001341564389850227,23642,0.16145401249930866,0.19915646570277493,0.17546864534046178,0.22650044501809127
72129,"San Lorenzo Municipio, Puerto Rico",72,129,36586,0.0,19385,0.08884263114071607,0.1565512708150745,0.18400481058328322,0.18971737823211066
72133,"Santa Isabel Municipio, Puerto Rico",72,133,21474,0.006508298080052067,20000,0.06495450881031901,0.2576478268979668,0.21160473130297103,0.16326720685480114
72135,"Toa Alta Municipio, Puerto Rico",72,135,72450,0.005950576106731352,27626,0.10262795727111869,0.1385437135028921,0.19986197377501724,0.14311939268461008
72139,"Trujillo Alto Municipio, Puerto Rico",72,139,65011,0.002544704264099037,32611,0.04716880531759855,0.19218034410199283,0.18952177323837505,0.191521434834105
72141,"Utuado Municipio, Puerto Rico",72,141,28041,0.005757009345794393,15021,0.3332966185703271,0.20126347348133342,0.18915159944367177,0.2189294247708712
72145,"Vega Baja Municipio, Puerto Rico",72,145,51089,0.004781780605422053,20126,0.18060255430629843,0.2228380503144654,0.1899821879465247,0.20260721486034175
72147,"Vieques Municipio, Puerto Rico",72,147,8508,0.005263157894736842,14040,0.13118916631400762,0.07604607428302775,0.1908791725434885,0.22143864598025387
72149,"Villalba Municipio, Puerto Rico",72,149,21899,0.002042351929485112,19355,0.20044242349760355,0.2483477143381678,0.20800036531348465,0.1773140326042285
72153,"Yauco Municipio, Puerto Rico",72,153,34501,0.0011317338162064282,14813,0.17549576389535426,0.2964515471720083,0.18219761746036348,0.22318193675545636
48001,"Anderson County, Texas",48,001,57917,0.24216289548912254,45847,0.03401120250290155,0.15226587462310426,0.19173990365523075,0.14470708082255643
48005,"Angelina County, Texas",48,005,87119,0.20079812333162564,49684,0.06696120744694435,0.18755137026512927,0.25478942595759824,0.1616639309450292
48007,"Aransas County, Texas",48,007,24220,0.17268755000307712,47924,0.09324508467977419,0.1756224327269679,0.20090834021469858,0.2708092485549133
48011,"Armstrong County, Texas",48,011,1950,0.12048192771084337,69386,0.0054288816503800215,0.09220985691573927,0.23384615384615384,0.20923076923076922
48013,"Atascosa County, Texas",48,013,50194,0.32895160424938297,59251,0.07211493609478496,0.11187645594023617,0.27070964657130336,0.14768697453878948
48017,"Bailey County, Texas",48,017,6916,0.10347403810235338,55038,0.0303129074315515,0.11238977731280825,0.28441295546558704,0.1341816078658184
48019,"Bandera County, Texas",48,019,22770,0.2670998916937432,60361,0.07110675808031341,0.2053903345724907,0.1671058410188845,0.2721124286341678
48023,"Baylor County, Texas",48,023,3560,0.09111880046136102,40946,0.01798800799467022,0.19896640826873385,0.22359550561797753,0.2497191011235955
48025,"Bee County, Texas",48,025,32609,0.1318660822531008,45287,0.0833557407905351,0.16404115094036328,0.21273268116164248,0.12269618816891043
48029,"Bexar County, Texas",48,029,1978826,0.024480951795622357,58288,0.05741842731873078,0.14453096329510046,0.25532158966983454,0.1209889095857847
48031,"Blanco County, Texas",48,031,11733,0.1534110387384299,70397,0.049164045687800036,0.1730504981106149,0.17719253387880338,0.25679706809852554
48035,"Bosque County, Texas",48,035,18428,0.16335924713584288,57337,0.04259510033238951,0.19072876954527873,0.21120034729759063,0.24951161276318645
48039,"Brazoria County, Texas",48,039,368062,0.1005076651704407,83325,0.04756822855872381,0.09427873272665993,0.2632409757051801,0.1182409485358445
48041,"Brazos County, Texas",48,041,226370,0.06207054262721739,50289,0.04367888692966988,0.08741564327353654,0.20602553341873922,0.09192914255422538
48045,"Briscoe County, Texas",48,045,1348,0.10642570281124498,37875,0.03125,0.17729970326409494,0.16691394658753708,0.25445103857566764
48047,"Brooks County, Texas",48,047,7100,0.10392544478960745,25058,0.011378848728246318,0.23560848984577798,0.23408450704225353,0.1784507042253521
48051,"Burleson County, Texas",48,051,18237,0.2852667962842947,60058,0.03940032214099864,0.15377379371403277,0.21944398749794375,0.21291879146789494
48053,"Burnet County, Texas",48,053,47548,0.1589321678022025,59919,0.03207530335474661,0.17681653526528873,0.21006141162614622,0.2274122991503323
48057,"Calhoun County, Texas",48,057,21470,0.15879579852783063,57170,0.04302183897272471,0.15119400876077435,0.24261760596180718,0.17787610619469027
48059,"Callahan County, Texas",48,059,13959,0.1945392491467577,51955,0.04226705091258405,0.2070728896571593,0.21935668744179382,0.20495737517014112
48063,"Camp County, Texas",48,063,12938,0.17234262125902994,49539,0.0645218945487042,0.160294687863513,0.26263719276549696,0.18426341010975422
48065,"Carson County, Texas",48,065,5957,0.09400789379260854,74246,0.015894039735099338,0.10290148448043185,0.23300318952492866,0.20329024676850763
48069,"Castro County, Texas",48,069,7561,0.0994023277760302,49900,0.014954306286347273,0.1060646540208389,0.2896442269541066,0.16029625710884804
48071,"Chambers County, Texas",48,071,42571,0.16487499232139566,95989,0.07064349459840301,0.10564279632958093,0.2822343849099152,0.1175917878367903
48075,"Childress County, Texas",48,075,7219,0.07972027972027972,43564,0.07803650094398994,0.14617292700212614,0.18672946391466963,0.13270536085330378
48077,"Clay County, Texas",48,077,10444,0.164453717754173,63125,0.02764789591380362,0.1927234124686354,0.20155112983531215,0.2323822290310226
48081,"Coke County, Texas",48,081,3298,0.24972087830294007,45072,0.022926500337154418,0.17773620205799812,0.21406913280776227,0.27865372953305034
48083,"Coleman County, Texas",48,083,8281,0.15828375698575806,46948,0.05790172642762284,0.1811567842851946,0.21688201907982127,0.2462263011713561
48087,"Collingsworth County, Texas",48,087,2939,0.08043626448534424,41202,0.058368495077355836,0.17066388599235316,0.254168084382443,0.17897243960530793
48089,"Colorado County, Texas",48,089,21357,0.17833565783356578,52663,0.03882776132035548,0.12756458966565348,0.23551997003324437,0.21978742332724632
48091,"Comal County, Texas",48,091,148921,0.0945417978602397,80781,0.04029523796235576,0.1429306783162315,0.22562969628192128,0.18257331068150226
48093,"Comanche County, Texas",48,093,13597,0.1498851196107582,54889,0.061441013460015834,0.1886609474076837,0.22321100242700595,0.24020004412738105
48095,"Concho County, Texas",48,095,3018,0.20433996383363473,53333,0.013597033374536464,0.17575462512171372,0.17528164347249833,0.22432074221338635
48097,"Cooke County, Texas",48,097,40428,0.11721417638054869,62733,0.040408503952472134,0.13393214571657325,0.23830018798852282,0.18415454635401207
48099,"Coryell County, Texas",48,099,75576,0.06369284571598646,54712,0.0665561345333965,0.18346924288855415,0.22782364771885255,0.10159309833809675
72117,"Rincón Municipio, Puerto Rico",72,117,13849,0.00404298329609533,20145,0.07043084792445406,0.26377440347071585,0.16535489927070546,0.2492598743591595
48101,"Cottle County, Texas",48,101,1624,0.02909090909090909,40250,0.08076923076923077,0.22352216748768472,0.28448275862068967,0.21428571428571427
48103,"Crane County, Texas",48,103,4739,0.26128266033254155,54596,0.0288506281991624,0.05881085738905644,0.3129352184005064,0.13884785819793205
48105,"Crockett County, Texas",48,105,3393,0.15180845644421803,46695,0.0,0.09603841536614646,0.23342175066312998,0.17359269083407014
48107,"Crosby County, Texas",48,107,5753,0.11240976280508766,42470,0.05255420801176038,0.18745595489781536,0.260559707978446,0.18390405006083782
48109,"Culberson County, Texas",48,109,2183,0.19864995178399228,34853,0.09268292682926829,0.21854912764003673,0.27072835547411817,0.15300045808520385
48111,"Dallam County, Texas",48,111,7272,0.1527777777777778,58956,0.030524041058887088,0.13866998479192588,0.32425742574257427,0.11441144114411442
48113,"Dallas County, Texas",48,113,2622634,0.01506694311124689,61870,0.05021422599217609,0.09762167674400389,0.26149969839481985,0.107319969160775
48115,"Dawson County, Texas",48,115,12849,0.06536453297234578,40469,0.07277902012604189,0.2016012954300108,0.258385866604405,0.14756012141022648
48117,"Deaf Smith County, Texas",48,117,18617,0.10156801808164995,49790,0.03286978508217446,0.1006787944610372,0.31143578449803944,0.12864586130955577
48119,"Delta County, Texas",48,119,5277,0.10697115384615384,49868,0.045572916666666664,0.2105465004793864,0.23119196513170362,0.20162971385256775
39083,"Knox County, Ohio",39,083,61776,0.03444148422719024,61590,0.042056382558292714,0.13318716560040578,0.22785547785547786,0.17982711732711731
39089,"Licking County, Ohio",39,089,175409,0.04485176112847369,67736,0.03728570941685696,0.1546440927324345,0.2316243750320679,0.16402237057391583
39095,"Lucas County, Ohio",39,095,430319,0.02121462183057774,49946,0.07170929767999332,0.15324735134271475,0.2301269523307128,0.16246087205073445
39099,"Mahoning County, Ohio",39,099,228452,0.015194263738633505,47092,0.0791960401979901,0.15954492279940347,0.2011144573039413,0.20941379370721203
39105,"Meigs County, Ohio",39,105,22974,0.28521785618818496,43445,0.08326189455636519,0.2297962052002811,0.2234700095760425,0.19661356315835293
39111,"Monroe County, Ohio",39,111,13827,0.15743713215623328,46241,0.047416089504528504,0.20051132213294376,0.2060461416070008,0.23794026180661026
39117,"Morrow County, Ohio",39,117,35148,0.10120666806165865,61769,0.026619733802661975,0.1588637860435816,0.2264709229543644,0.17540116080573576
39123,"Ottawa County, Ohio",39,123,40557,0.11965034965034965,59306,0.036995228077376985,0.15568190319443406,0.18477698054589836,0.25339645437285796
39129,"Pickaway County, Ohio",39,129,58112,0.07070894656205023,61629,0.044354993291163505,0.16005647303598297,0.21467166850220265,0.15609512665198239
13281,"Towns County, Georgia",13,281,11815,0.13134724399951755,51257,0.0415150866680933,0.15464626493595804,0.12264071096064325,0.34219212865002113
13283,"Treutlen County, Georgia",13,283,6787,0.32878081279147237,32072,0.08882197967632668,0.20553913178777033,0.2378075733019007,0.17238838956829233
13287,"Turner County, Georgia",13,287,7920,0.20884146341463414,34514,0.0739404869251578,0.1796477495107632,0.24381313131313131,0.18952020202020203
13291,"Union County, Georgia",13,291,23999,0.14453203961997171,49703,0.04787175234936429,0.19261822376009227,0.15942330930455437,0.3313888078669945
13293,"Upson County, Georgia",13,293,26329,0.15394747674322878,39221,0.04332923185094041,0.17316855847828613,0.22496106954308936,0.182802233278894
13297,"Walton County, Georgia",13,297,93284,0.07898341639707382,65491,0.0476937148830524,0.12512173480208627,0.24579777882595086,0.15643625916555895
13299,"Ware County, Georgia",13,299,35745,0.20763367869477195,37041,0.0418368077942546,0.1377558688268358,0.2409847531123234,0.1696740802909498
13303,"Washington County, Georgia",13,303,20316,0.3193572416728743,36402,0.05083430345362825,0.17638420537365387,0.2143630635951959,0.18113801929513684
13307,"Webster County, Georgia",13,307,2587,0.4479166666666667,31629,0.06287425149700598,0.17305458768873402,0.22265172013915732,0.24932354078082722
13309,"Wheeler County, Georgia",13,309,7897,0.3260952380952381,28864,0.07183051969546508,0.09902786779001944,0.16791186526529062,0.14663796378371532
13313,"Whitfield County, Georgia",13,313,104122,0.14621234715180437,50055,0.059536102947017236,0.10737494552321922,0.2593111926394038,0.13913486102840897
13315,"Wilcox County, Georgia",13,315,8701,0.3403349418109566,39216,0.05898585719213522,0.11980257253963505,0.18664521319388577,0.1676818756464774
13319,"Wilkinson County, Georgia",13,319,8945,0.3018068257863038,36896,0.07527801539777587,0.14242184854982506,0.22694242593627725,0.1927333705980995
15001,"Hawaii County, Hawaii",15,001,201350,0.0036784618162123126,65401,0.06325018265316773,0.1440858814571394,0.21482989818723616,0.2092128135088155
15003,"Honolulu County, Hawaii",15,003,979682,0.0019926981643366556,87722,0.041810091165326205,0.11235847401153846,0.21134204772569057,0.17785363005546698
15005,"Kalawao County, Hawaii",15,005,436,0.0027548209366391185,76465,0.0,0.1368909512761021,0.0022935779816513763,0.020642201834862386
15007,"Kauai County, Hawaii",15,007,71949,0.003998592495441605,82818,0.03545967720562902,0.09729205876569566,0.21741789322992675,0.20048923543065228
15009,"Maui County, Hawaii",15,009,166657,0.00286938192697355,84363,0.051376333623722945,0.09649994546313914,0.21780663278470153,0.18245858259779066
16001,"Ada County, Idaho",16,001,469473,0.033818593813463305,69952,0.03684762654078154,0.10094707953269073,0.2357664871036247,0.14461321524347512
16003,"Adams County, Idaho",16,003,4200,0.08894678079642725,50309,0.11547085201793722,0.18994011976047903,0.16333333333333333,0.30142857142857143
16005,"Bannock County, Idaho",16,005,86742,0.08303907380607815,51977,0.05438564837487435,0.1558188488602875,0.2608309700029974,0.14316017615457333
16007,"Bear Lake County, Idaho",16,007,6054,0.046690734055354996,52829,0.03726937269372694,0.12830314110021607,0.26494879418566236,0.20597951767426495
16009,"Benewah County, Idaho",16,009,9231,0.17221052631578948,47983,0.06444960041247744,0.19829564077351688,0.2265193370165746,0.22586935326616833
16011,"Bingham County, Idaho",16,011,46246,0.13447765611127552,58260,0.05465099815942234,0.16266579691237226,0.30709682999610777,0.1396228863036803
16013,"Blaine County, Idaho",16,013,22729,0.03807253752496296,64627,0.01877227722772277,0.10341334507817661,0.21606757886400635,0.18601786264243916
16015,"Boise County, Idaho",16,015,7625,0.15346270251023678,51760,0.01920838183934808,0.15182212866728062,0.15777049180327868,0.2575737704918033
16017,"Bonner County, Idaho",16,017,44688,0.11853670124317048,51594,0.04009701723604087,0.16001711172152924,0.19723415682062298,0.24776226279985678
16019,"Bonneville County, Idaho",16,019,116970,0.04397036630539169,61435,0.03894504220555737,0.13067127131448306,0.30740360776267417,0.13137556638454304
16021,"Boundary County, Idaho",16,021,12156,0.07452966714905933,45319,0.027049349576708653,0.15440079562406764,0.23346495557749258,0.22351102336294834
16023,"Butte County, Idaho",16,023,2603,0.12229102167182662,37404,0.035037878787878785,0.16744730679156908,0.21475220898962735,0.2208989627353054
16025,"Camas County, Idaho",16,025,1069,0.0892018779342723,36908,0.023952095808383235,0.2011225444340505,0.225444340505145,0.17118802619270346
16027,"Canyon County, Idaho",16,027,223890,0.06966025305465827,56916,0.048230569336168205,0.14515933273097514,0.2832641029076779,0.13764348564026976
16029,"Caribou County, Idaho",16,029,7028,0.12059089538739826,58099,0.03837001784651993,0.12095498346037682,0.2840068298235629,0.16690381331815596
16031,"Cassia County, Idaho",16,031,23847,0.10556687033265445,52256,0.03389199255121043,0.14036206017338093,0.3174403488908458,0.1385499224221076
16033,"Clark County, Idaho",16,033,885,0.1925133689839572,36429,0.0339943342776204,0.10621468926553672,0.2576271186440678,0.1401129943502825
16037,"Custer County, Idaho",16,037,4193,0.1752767527675277,44757,0.03995229576624926,0.2696360153256705,0.18125447173861198,0.33198187455282613
16041,"Franklin County, Idaho",16,041,13736,0.05910020449897751,59934,0.004942602040816327,0.13492990654205608,0.31996214327315087,0.1391962725684333
16043,"Fremont County, Idaho",16,043,13111,0.11662449114314007,56825,0.06422664085870139,0.16224611708482675,0.25528182442224084,0.1736709633132484
16047,"Gooding County, Idaho",16,047,15280,0.19638284250960308,50057,0.06396794694667035,0.1348595487139004,0.2725130890052356,0.1736910994764398
16049,"Idaho County, Idaho",16,049,16511,0.14870566769300947,44951,0.04579114402297114,0.22375690607734808,0.19411301556538066,0.2779359215068742
16053,"Jerome County, Idaho",16,053,24074,0.10069848661233993,55521,0.046537162162162166,0.11675720852486418,0.3064301736313035,0.1276896236603805
16057,"Latah County, Idaho",16,057,40052,0.09957973383142657,51312,0.05326250470101542,0.12213950923628343,0.18441026665335064,0.1384949565564766
16059,"Lemhi County, Idaho",16,059,7929,0.17718940936863545,38819,0.03873447664104081,0.19203866208826148,0.1793416572077185,0.300794551645857
16063,"Lincoln County, Idaho",16,063,5342,0.25508684863523573,52363,0.03519061583577713,0.14104745698619778,0.29314863347061026,0.13309621864470236
16065,"Madison County, Idaho",16,065,39725,0.04822888283378746,44419,0.07408847836655323,0.08829033889731917,0.26935179358086847,0.06673379483952172
16069,"Nez Perce County, Idaho",16,069,40468,0.1,57099,0.03436060928090684,0.18307210031347962,0.2121676386280518,0.19803301373925078
16073,"Owyhee County, Idaho",16,073,11724,0.20863599677159,48601,0.027093596059113302,0.18286599002236367,0.2584442169907881,0.18338451040600479
13277,"Tift County, Georgia",13,277,40590,0.22795252225519289,44827,0.028236176596656667,0.13446449097905944,0.2472530179847253,0.14754865730475486
16075,"Payette County, Idaho",16,075,23705,0.11233595800524934,52788,0.046473029045643155,0.1649252463472647,0.2620966040919637,0.18198692259017085
16079,"Shoshone County, Idaho",16,079,12700,0.10761265043380912,40483,0.08560660445082556,0.26131654446923813,0.20173228346456692,0.23094488188976378
16081,"Teton County, Idaho",16,081,11776,0.09060514877967235,73274,0.052095808383233536,0.06487771739130435,0.24549932065217392,0.11608355978260869
16085,"Valley County, Idaho",16,085,11085,0.08659596523403237,63115,0.0074875207986688855,0.1338546876420842,0.1693279206134416,0.2783040144339197
16087,"Washington County, Idaho",16,087,10128,0.15460385438972163,42126,0.05866921058907704,0.17737430167597765,0.2295616113744076,0.25355450236966826
17003,"Alexander County, Illinois",17,003,6011,0.11197982345523329,34709,0.07695961995249406,0.23148618878156244,0.2260855098985194,0.22492097820662119
17007,"Boone County, Illinois",17,007,53293,0.04372727725484337,70396,0.07513139894880841,0.12487236697802821,0.2472745013416396,0.15609930009569736
17009,"Brown County, Illinois",17,009,6599,0.12061939690301549,60694,0.03107937841243175,0.19607843137254902,0.1792695863009547,0.14850734959842402
17013,"Calhoun County, Illinois",17,013,4782,0.11740331491712708,66602,0.044276966556759306,0.18516156462585034,0.205771643663739,0.23776662484316186
17015,"Carroll County, Illinois",17,015,14398,0.04081391222051343,52813,0.057756982014914464,0.14636782934563275,0.1889845811918322,0.2533685234060286
17019,"Champaign County, Illinois",17,019,210006,0.03911228770588926,53936,0.04770458712198374,0.09140391381354428,0.18872794110644459,0.12789158404997952
17023,"Clark County, Illinois",17,023,15602,0.08834057785732549,59481,0.03958625973694292,0.16150399376582894,0.22490706319702602,0.1978592488142546
36077,"Otsego County, New York",36,077,59593,0.11230031948881788,56171,0.05747711088504578,0.14090059473237043,0.15938113536824794,0.21113217995402145
36081,"Queens County, New York",36,081,2270976,0.002029394419454434,72028,0.05963097537289819,0.09694983118651762,0.20136144107203247,0.15831695271108104
36083,"Rensselaer County, New York",36,083,159013,0.025487706652468908,72510,0.05077379069576729,0.1409829807539367,0.19531736398910782,0.17009930005722804
36087,"Rockland County, New York",36,087,325213,0.010964068992037217,94840,0.05417821628641765,0.08690958248135443,0.28259325426720333,0.15738915726001113
36089,"St. Lawrence County, New York",36,089,108352,0.103997899789979,52071,0.06841806841806841,0.16238222968909594,0.20087308033077378,0.17384081512108682
36091,"Saratoga County, New York",36,091,229313,0.07165646690051497,85224,0.0324533727385279,0.11128553601114752,0.19960054597864055,0.1811759472860239
36093,"Schenectady County, New York",36,093,155086,0.007841453816985047,66488,0.06960701808073853,0.13444451692869724,0.21619617502546973,0.17207226957945915
36095,"Schoharie County, New York",36,095,31189,0.12781611817715166,58926,0.05293276108726753,0.1629543920547681,0.1769213504761294,0.21799352335759403
36097,"Schuyler County, New York",36,097,17845,0.18798213560698335,53291,0.057008488185363616,0.16558349816332296,0.19086578873634072,0.21232838330064444
36099,"Seneca County, New York",36,099,34295,0.1195685294655372,54865,0.03803368342551737,0.1656210392902408,0.19997084123050007,0.19168975069252078
36101,"Steuben County, New York",36,101,95843,0.14319352761230075,55349,0.05701971770283375,0.15250891895885668,0.21593647945076844,0.19402564610874035
36103,"Suffolk County, New York",36,103,1481364,0.010689939736895028,105362,0.04549080077453814,0.0958999153808271,0.2117953453708879,0.16922511955198047
36105,"Sullivan County, New York",36,105,75329,0.09592669622885845,60433,0.07271248703064973,0.1589959301849171,0.2125608995207689,0.18923654900503126
36107,"Tioga County, New York",36,107,48431,0.14434451287049754,61965,0.056533556345389924,0.15330502830502832,0.20844087464640415,0.2017096487786748
36109,"Tompkins County, New York",36,109,102237,0.07689861196301596,61361,0.04059961351569389,0.10058780598457502,0.1473928225593474,0.14319669004372193
36111,"Ulster County, New York",36,111,178371,0.06546642927423511,65306,0.05366176227475616,0.14426634493852694,0.17681125295031144,0.1978180309579472
36113,"Warren County, New York",36,113,64187,0.04531518731772975,64658,0.040598417702694664,0.14904679376083188,0.18134513219187687,0.2230825556576877
36115,"Washington County, New York",36,115,61304,0.05253365807455517,59613,0.05582019456558202,0.15905384760629623,0.188160642046196,0.1941961372830484
36117,"Wayne County, New York",36,117,90103,0.06651990811638592,62003,0.03670660762351307,0.1516331967671883,0.21418820682996126,0.18819573155166863
36119,"Westchester County, New York",36,119,968738,0.002168396157474456,99489,0.0573999890248587,0.0954090647707669,0.21977872242030352,0.17121037886404786
36121,"Wyoming County, New York",36,121,40027,0.08389353445920096,58746,0.04667207792207792,0.13157336163438577,0.18994678591950434,0.18085292427611363
36123,"Yates County, New York",36,123,24981,0.10201882319132122,55307,0.038313841857217666,0.11272859981347066,0.22517113005884473,0.20651695288419197
37001,"Alamance County, North Carolina",37,001,166144,0.11743216486795505,51580,0.05245198401091937,0.13564181203253609,0.22195806047765793,0.16772799499229585
37003,"Alexander County, North Carolina",37,003,37271,0.2872173176925868,51329,0.057805410855318436,0.17652942157026172,0.2017117866437713,0.20232888841190202
37005,"Alleghany County, North Carolina",37,005,11085,0.17636297109403587,37158,0.034112444725205304,0.19440648628951443,0.17194406856111863,0.2748759585024808
37009,"Ashe County, North Carolina",37,009,27009,0.19243061396131203,43030,0.04419932119716137,0.16283503420432882,0.17634862453256323,0.2535821392869044
37011,"Avery County, North Carolina",37,011,17510,0.13583875708587026,42695,0.056803548433252256,0.1848947862216861,0.14403198172472872,0.2209594517418618
37015,"Bertie County, North Carolina",37,015,19081,0.35556685307574987,35042,0.0999094085673612,0.2517037454238243,0.1702740946491274,0.2278706566741785
37017,"Bladen County, North Carolina",37,017,33209,0.3467903154153709,37188,0.04954614220877458,0.18024563750228004,0.20623927248637416,0.21975970369478154
37021,"Buncombe County, North Carolina",37,021,259576,0.13566162450743613,55032,0.03157950311495935,0.1333596470316976,0.18506333405245476,0.1998489844977964
37023,"Burke County, North Carolina",37,023,90148,0.23590945328920349,43915,0.06636947810210324,0.20526148176793066,0.1869481297422017,0.20125793140169498
37027,"Caldwell County, North Carolina",37,027,82056,0.19256774464070445,46094,0.06450033499974231,0.1887568499476633,0.2026908452763966,0.20149653894901043
37029,"Camden County, North Carolina",37,029,10654,0.17025213971778858,63834,0.08677938480342229,0.15826383623957543,0.22714473437206684,0.1758963769476253
37033,"Caswell County, North Carolina",37,033,22619,0.22366842056678668,47938,0.05794336212090781,0.19078306829245675,0.18656881382908175,0.21495203147796102
37035,"Catawba County, North Carolina",37,035,158507,0.13873023637226833,54690,0.060347856640899505,0.1355130957766041,0.22152964853287235,0.17758206262184004
37039,"Cherokee County, North Carolina",37,039,28413,0.19743117277259917,40793,0.04877629884070416,0.19485372624386077,0.1633055291591877,0.2970119311582726
37041,"Chowan County, North Carolina",37,041,13995,0.24160065555859056,44050,0.05295587010824313,0.177229020979021,0.2,0.24851732761700607
37043,"Clay County, North Carolina",37,043,11150,0.16957639734740831,42160,0.03490136570561457,0.20514666186791433,0.1673542600896861,0.3104932735426009
37047,"Columbus County, North Carolina",37,047,55659,0.2999886281793715,38487,0.057313265924234656,0.19482980820256235,0.20986722722291093,0.20018325877216622
37049,"Craven County, North Carolina",37,049,102290,0.14073402618209416,53894,0.06144057848523266,0.15758877796031848,0.21631635545996677,0.1926483527226513
37053,"Currituck County, North Carolina",37,053,27210,0.12104838208806906,73741,0.032911944202266785,0.1307060141949944,0.22216097023153253,0.16416758544652701
37055,"Dare County, North Carolina",37,055,36698,0.04984717342245837,65420,0.056193538508651046,0.11726464779460172,0.1880211455665159,0.21398986320780425
37059,"Davie County, North Carolina",37,059,42543,0.18422991893883567,62028,0.0402767835838702,0.1596437622871219,0.21204428460616317,0.20682603483534306
37061,"Duplin County, North Carolina",37,061,58965,0.33005304835857613,43422,0.05940999218779063,0.19311298056413495,0.24022725345543966,0.1850928516916815
37065,"Edgecombe County, North Carolina",37,065,52069,0.2408347659217207,40489,0.08852023319615912,0.16062005277044855,0.2256236916399393,0.1973535116864161
37067,"Forsyth County, North Carolina",37,067,378499,0.035283182922075974,53583,0.04963096445605024,0.10993052390888958,0.23035992169067818,0.15939011727904168
37071,"Gaston County, North Carolina",37,071,222119,0.0963076562616484,53474,0.06005521073903002,0.15076395739477116,0.2257663684781581,0.16084621306596913
37073,"Gates County, North Carolina",37,073,11519,0.34579955784819455,45871,0.0959436932765327,0.21408622796299528,0.20175362444656655,0.2049657088288914
37077,"Granville County, North Carolina",37,077,59823,0.19908894944482858,56924,0.0471321521114924,0.1504155757437312,0.2056232552697123,0.17028567607776274
37079,"Greene County, North Carolina",37,079,20987,0.3958333333333333,43563,0.056299966220020266,0.21279569892473119,0.2025539619764616,0.16343450707580884
37083,"Halifax County, North Carolina",37,083,50678,0.22174700419989982,35904,0.0649473736718711,0.1922734987472723,0.21368246576423694,0.20780220213899522
37085,"Harnett County, North Carolina",37,085,134328,0.19348575127067827,54565,0.06585395418102478,0.14819021244486624,0.2605785837651123,0.12567744625096777
37089,"Henderson County, North Carolina",37,089,116298,0.15365317203931542,58928,0.030210943469993423,0.14757613640309755,0.19010645066983095,0.25817296944057505
37091,"Hertford County, North Carolina",37,091,23752,0.24755822689706988,42588,0.08336734693877551,0.2207623899539706,0.18756315257662512,0.2017514314584035
37093,"Hoke County, North Carolina",37,093,54590,0.22057640433486347,51140,0.07867020789449583,0.18264912142463163,0.27336508518043595,0.10020150210661294
37097,"Iredell County, North Carolina",37,097,178853,0.13360398841560983,62551,0.04777759643109733,0.1227066349351022,0.22953486941790185,0.15876725579106865
37099,"Jackson County, North Carolina",37,099,43435,0.16985637277956658,46820,0.05804515716464165,0.1426951733074182,0.16663980660757455,0.19850351099343846
48121,"Denton County, Texas",48,121,861690,0.03151108024972586,90354,0.03861111452608976,0.08479845626072041,0.24659912497533915,0.10270747020390164
48123,"DeWitt County, Texas",48,123,20217,0.16135307467848264,53815,0.06747536012130402,0.17101449275362318,0.22565167927981403,0.19577583222040856
48125,"Dickens County, Texas",48,125,2182,0.0946441672780631,41141,0.06329113924050633,0.2144230769230769,0.2076076993583868,0.24243813015582036
48127,"Dimmit County, Texas",48,127,10232,0.24292770543331837,25996,0.07945578231292517,0.19580903429870514,0.2845973416731822,0.17259577795152461
48129,"Donley County, Texas",48,129,3317,0.18,51875,0.016170763260025874,0.08987380732533087,0.2010853180584866,0.23032861018993067
48131,"Duval County, Texas",48,131,11194,0.11876229654802362,45349,0.08825410360264337,0.2147474936756301,0.25656601750938,0.17321779524745398
48135,"Ector County, Texas",48,135,162067,0.13904150114107006,63096,0.06577968455510366,0.10328524744970863,0.3030289941814188,0.09578137436985938
48137,"Edwards County, Texas",48,137,1944,0.2689987937273824,40643,0.0,0.2125129265770424,0.21296296296296297,0.2412551440329218
48141,"El Paso County, Texas",48,141,836915,0.05411162047300438,48292,0.06211950185969912,0.134992523438038,0.2718495904602021,0.12181165351320027
48143,"Erath County, Texas",48,143,42226,0.15394636847247856,55383,0.04958522753901673,0.13167293908957978,0.20724198361199261,0.13906124188888364
48147,"Fannin County, Texas",48,147,35046,0.1404890178201409,57898,0.04655603845647307,0.15728100998165365,0.21169320321862695,0.18618387262455058
48149,"Fayette County, Texas",48,149,25247,0.1404710920770878,62872,0.04085226272231027,0.15244344255696,0.20267754584703132,0.2539311601378382
48153,"Floyd County, Texas",48,153,5782,0.03809844908968307,52714,0.028246371125931737,0.13204592901878914,0.2687651331719128,0.187824282255275
48155,"Foard County, Texas",48,155,1207,0.11821471652593486,39306,0.08922558922558922,0.18088737201365188,0.17812758906379453,0.3396851698425849
48159,"Franklin County, Texas",48,159,10767,0.09227871939736347,59632,0.0644061375260466,0.15653395784543325,0.23859942416643448,0.21844524937308443
48161,"Freestone County, Texas",48,161,19744,0.2536330371144799,52232,0.033346834075874174,0.19893869880050855,0.22670178282009726,0.19874392220421394
48165,"Gaines County, Texas",48,165,21077,0.2186010760953113,62994,0.03813464549317826,0.129255268427577,0.3576884755895052,0.08986098590881055
48169,"Garza County, Texas",48,169,6028,0.1463191586648377,58938,0.0892672858617131,0.1673601479426722,0.13835434638354346,0.15295288652952888
48171,"Gillespie County, Texas",48,171,26668,0.129293387804509,61445,0.04287169840896622,0.13006833712984053,0.19979001049947503,0.29323533823308834
48175,"Goliad County, Texas",48,175,7578,0.18544973544973545,50000,0.04231974921630094,0.16526498464824457,0.21192926893639483,0.2388493006070203
48177,"Gonzales County, Texas",48,177,20828,0.23585322723253757,58210,0.0255632582322357,0.17172749391727493,0.26987708853466486,0.16713078548108315
48181,"Grayson County, Texas",48,181,133527,0.10657456519057605,58296,0.04371634850709741,0.15422227596318072,0.23734525601563727,0.17797149640147686
48183,"Gregg County, Texas",48,183,123633,0.07478567054500919,52027,0.040836429620668795,0.1353279992089455,0.2578356911180672,0.15406080900730387
48187,"Guadalupe County, Texas",48,187,163030,0.13623173904342606,75774,0.04499835680157747,0.12876857418772,0.25059191559835614,0.13967367969085445
48189,"Hale County, Texas",48,189,33463,0.08107906142579585,47500,0.042399730367374454,0.11117408142061018,0.2715835400292861,0.1337297911125721
48193,"Hamilton County, Texas",48,193,8434,0.061606160616061605,46893,0.023936170212765957,0.216048632218845,0.20867915579796065,0.25005928385107895
48195,"Hansford County, Texas",48,195,5431,0.06959863364645602,46507,0.1096646942800789,0.13123016613776367,0.2958939421837599,0.16516295341557724
48199,"Hardin County, Texas",48,199,57356,0.27027995699096014,61221,0.039398138982379725,0.16736953083816553,0.24628635190738546,0.16878792105446683
48201,"Harris County, Texas",48,201,4680609,0.026195689773782473,63022,0.061756905704657326,0.09419190297987501,0.26683514901586525,0.10498420184211071
48205,"Hartley County, Texas",48,205,5588,0.17033542976939203,53722,0.004462072384729797,0.14222112292851843,0.2147458840372226,0.14727988546886184
48207,"Haskell County, Texas",48,207,5711,0.14545454545454545,48955,0.07253463732681337,0.21036585365853658,0.1849063211346524,0.23533531780773945
48211,"Hemphill County, Texas",48,211,3901,0.16571100917431192,59605,0.06600314300680984,0.1802897051215727,0.29043834914124583,0.1507305819020764
48213,"Henderson County, Texas",48,213,81969,0.2792154594959279,49469,0.06310122672314888,0.18475952992297057,0.21338554819504935,0.22271834474008467
48217,"Hill County, Texas",48,217,36109,0.16381254189773906,55615,0.06231524181151708,0.17859056428188713,0.23251820875681964,0.2061535905175995
48219,"Hockley County, Texas",48,219,22986,0.16152044293015333,47010,0.06553556446350331,0.1478585547990336,0.26207256590968414,0.14469677194814234
48223,"Hopkins County, Texas",48,223,36708,0.1268052587267664,54600,0.043623780349444065,0.15537089694393066,0.2459409393047837,0.18728887435981256
48225,"Houston County, Texas",48,225,22942,0.22653337851575736,40838,0.030106753028667388,0.205301010913846,0.1951006886932264,0.22007671519483915
48229,"Hudspeth County, Texas",48,229,4687,0.4244514106583072,31505,0.08652575957727873,0.23952569169960475,0.2378920418177939,0.1384681032643482
48231,"Hunt County, Texas",48,231,96202,0.16196647341220913,57467,0.048618543191001416,0.15137191607101683,0.23842539656140205,0.16014220078584646
48235,"Irion County, Texas",48,235,1553,0.1310734463276836,53778,0.056022408963585436,0.12783906554185595,0.22601416613007083,0.18158403090792016
48237,"Jack County, Texas",48,237,8888,0.168542015800814,54087,0.03325344517675255,0.16193914388860237,0.2085958595859586,0.1782178217821782
48241,"Jasper County, Texas",48,241,35562,0.2739568345323741,42756,0.10058687047905009,0.1669747025528474,0.2383724199988752,0.2002418311681008
48243,"Jeff Davis County, Texas",48,243,2245,0.2089467723669309,-666666666,0.005270092226613966,0.1652930402930403,0.14610244988864143,0.3821826280623608
48247,"Jim Hogg County, Texas",48,247,5187,0.11729957805907174,35736,0.08110599078341015,0.21982925882809468,0.3458646616541353,0.1391941391941392
48249,"Jim Wells County, Texas",48,249,40796,0.1268206472058017,45857,0.03677124725698357,0.16213140708490006,0.279120502010001,0.15405922149230317
48253,"Jones County, Texas",48,253,19874,0.12035724411681316,52471,0.05985851623435516,0.1800420331594925,0.17500251584985407,0.15472476602596358
48255,"Karnes County, Texas",48,255,15547,0.15833745670460167,52896,0.035405041370021165,0.13336562525228063,0.21676207628481378,0.14195664758474305
48257,"Kaufman County, Texas",48,257,129792,0.1350373593114537,72179,0.05324973237498088,0.11824053850279434,0.2784686267258383,0.11762666420118344
48259,"Kendall County, Texas",48,259,45491,0.04930858806404658,98692,0.043313555454130535,0.12798206875124832,0.23378250642984327,0.1923237563474094
48261,"Kenedy County, Texas",48,261,391,0.049773755656108594,40083,0.0,0.1585677749360614,0.309462915601023,0.2813299232736573
48263,"Kent County, Texas",48,263,704,0.13733075435203096,61706,0.05,0.17404580152671756,0.2940340909090909,0.3039772727272727
48265,"Kerr County, Texas",48,265,52195,0.19882239070817873,57196,0.04291075896580484,0.17343740875557198,0.1917616629945397,0.2742791455120222
48267,"Kimble County, Texas",48,267,4375,0.18806509945750452,46602,0.03194444444444444,0.21191900598251265,0.18125714285714287,0.2850285714285714
48269,"King County, Texas",48,269,279,0.07947019867549669,39286,0.09345794392523364,0.13620071684587814,0.1863799283154122,0.1111111111111111
48271,"Kinney County, Texas",48,271,3674,0.16865671641791044,39972,0.01122754491017964,0.26277584204413473,0.12574850299401197,0.2928688078388677
48273,"Kleberg County, Texas",48,273,30725,0.06754320060105184,47301,0.0602834328465578,0.13675984370303576,0.24393816110659072,0.1339625711960944
48275,"Knox County, Texas",48,275,3679,0.04532019704433497,50719,0.04497041420118343,0.20011258091753448,0.2549605871160642,0.18483283500951345
48277,"Lamar County, Texas",48,277,49705,0.07510851931424563,48036,0.03856152512998267,0.19471652103231052,0.23806458102806557,0.19332059148978975
48279,"Lamb County, Texas",48,279,13018,0.0827154391168232,44935,0.04170348118042057,0.1682913514778133,0.2767706252880627,0.16853587340605317
48281,"Lampasas County, Texas",48,281,21152,0.16227931070937732,64808,0.07129759464998382,0.21912542047092745,0.21042927382753404,0.2005484114977307
48283,"La Salle County, Texas",48,283,7551,0.23994304022783908,47162,0.028314457028647568,0.14953555657073245,0.20831677923453848,0.15759502052708252
39133,"Portage County, Ohio",39,133,162476,0.07134524821060818,59485,0.058027928120534256,0.1317613393537358,0.18654447426081391,0.16482434328762402
39139,"Richland County, Ohio",39,139,121043,0.04009307651110824,49186,0.057085316733797145,0.1694339095024206,0.21703857306907462,0.19498855778524987
39145,"Scioto County, Ohio",39,145,75441,0.13830710483684333,41866,0.06942835729372487,0.2322559330433346,0.21724261343301388,0.18169165307989024
39151,"Stark County, Ohio",39,151,371516,0.017952633312374622,55045,0.051454617434009906,0.13307015558930096,0.21487365281710613,0.19440347118293694
39157,"Tuscarawas County, Ohio",39,157,92165,0.0920565507988173,54451,0.055180278971839636,0.14829397764787172,0.22980524060109586,0.19529105408777736
39163,"Vinton County, Ohio",39,163,13045,0.3085140306122449,45034,0.057557643040136636,0.20555341303509447,0.22284400153315448,0.17500958221540822
40033,"Cotton County, Oklahoma",40,033,5783,0.11289245156980628,49583,0.045647969052224374,0.21450044208664898,0.2261801832958672,0.1952273906277019
40039,"Custer County, Oklahoma",40,039,28929,0.10362530605797331,51351,0.02783553558253404,0.12405776681930257,0.24815928652908845,0.1336720937467593
40045,"Ellis County, Oklahoma",40,045,3936,0.10322011468901632,48264,0.06107717934480844,0.1970126191089364,0.22815040650406504,0.23145325203252032
40051,"Grady County, Oklahoma",40,051,55315,0.1311847678937945,64507,0.044251576243480965,0.17961492836937676,0.2388502214589171,0.16348187652535479
40057,"Harmon County, Oklahoma",40,057,2663,0.04898758981058132,53087,0.06861198738170347,0.2115459124370399,0.24859181374389785,0.19076229815996995
40063,"Hughes County, Oklahoma",40,063,13265,0.15088615679386874,38020,0.08146453089244851,0.18533142905149963,0.2400301545420279,0.18831511496419148
40069,"Johnston County, Oklahoma",40,069,11028,0.18448275862068966,44238,0.06461675579322639,0.241723979825768,0.2369423286180631,0.19504896626768226
40075,"Kiowa County, Oklahoma",40,075,8816,0.059742288168684106,34747,0.03233376792698826,0.1997218036397357,0.23706896551724138,0.1939655172413793
40081,"Lincoln County, Oklahoma",40,081,34936,0.2119484222121428,51206,0.04001329345297441,0.20091535832222931,0.23855049232882986,0.18513853904282115
40087,"McClain County, Oklahoma",40,087,39921,0.12789311923728283,70005,0.03376834408165338,0.14087678024841263,0.2556799679366749,0.15392900979434382
40093,"Major County, Oklahoma",40,093,7654,0.123202170963365,56781,0.02813528883567794,0.1733774834437086,0.26038672589495687,0.2010713352495427
40099,"Murray County, Oklahoma",40,099,13972,0.14913429361268732,53696,0.036075949367088606,0.22559269621557945,0.2320354995705697,0.1904523332379044
40105,"Nowata County, Oklahoma",40,105,10243,0.1814276948251176,42051,0.0615848406546081,0.16468489892984542,0.22737479254124768,0.19535292394806208
40109,"Oklahoma County, Oklahoma",40,109,792668,0.02975883717116822,55519,0.04692574643099244,0.13680100332948586,0.2550613876175145,0.13691356280309033
40115,"Ottawa County, Oklahoma",40,115,31283,0.1230572705982542,40662,0.04895629974470641,0.20487203606993415,0.24924080171339066,0.18233545376082858
40121,"Pittsburg County, Oklahoma",40,121,43955,0.1294942240297668,47511,0.06634544106745738,0.24221650956869467,0.22361506085769536,0.19588215220111477
40127,"Pushmataha County, Oklahoma",40,127,11055,0.17495545115826988,38325,0.08076119749361801,0.28893760847720834,0.2198100407055631,0.22903663500678426
40133,"Seminole County, Oklahoma",40,133,24624,0.16076154699906087,38588,0.08575742325113236,0.24072543997356027,0.24788823911630928,0.18039311241065628
40139,"Texas County, Oklahoma",40,139,20633,0.23168963016678754,50702,0.02680161184518789,0.07934496539623745,0.29186255028352637,0.11113265157756991
40145,"Wagoner County, Oklahoma",40,145,80264,0.13941002409932582,64958,0.053354728713268476,0.1802243425412983,0.24227549088009567,0.16449466759693013
40151,"Woods County, Oklahoma",40,151,8914,0.06941923774954628,51985,0.05133423790140208,0.17579663444325097,0.2221225039264079,0.1702939196769127
41003,"Benton County, Oregon",41,003,92168,0.06111642084054452,65142,0.06086504470783947,0.11121747454529632,0.16204105546393544,0.16029424529120737
41049,"Morrow County, Oregon",41,049,11425,0.33858267716535434,56572,0.03612053482338855,0.17310556285589138,0.2764989059080963,0.150109409190372
41053,"Polk County, Oregon",41,053,84730,0.07199435097629867,65665,0.05631378335177671,0.13851776264268256,0.22601203823911248,0.17846099374483654
41059,"Umatilla County, Oregon",41,059,77319,0.15672807759911464,57973,0.06916086731466038,0.1706574979875295,0.25282272145268303,0.15560211590941425
41065,"Wasco County, Oregon",41,065,26274,0.18212090163934427,54725,0.06600079904115062,0.18273993808049535,0.22387150795463195,0.2014539088071858
41071,"Yamhill County, Oregon",41,071,106087,0.09614216281895505,67296,0.03325005948132286,0.15229391441971782,0.22149745020596304,0.172198290082668
44005,"Newport County, Rhode Island",44,005,82731,0.018374425799193777,84282,0.05800219739974364,0.11574659717654202,0.16743421450242352,0.2222866881821808
42001,"Adams County, Pennsylvania",42,001,102627,0.06777189888301,68411,0.03851503759398496,0.13672144731390692,0.20134077776803375,0.20349420717744843
42007,"Beaver County, Pennsylvania",42,007,164781,0.03784537675751065,59014,0.05055264065864772,0.15845452040535163,0.1936813103452461,0.2145332289523671
42013,"Blair County, Pennsylvania",42,013,122495,0.071875,50856,0.04677165620718237,0.16761863825355233,0.20343687497448876,0.20712682150291847
42019,"Butler County, Pennsylvania",42,019,187798,0.07685539676122988,72642,0.04583995760466349,0.1283365732040257,0.2000926527439057,0.18764843076071097
42025,"Carbon County, Pennsylvania",42,025,63964,0.0408995605594968,57601,0.05119940494638319,0.17089370066258758,0.1916390469639172,0.20946157213432556
42031,"Clarion County, Pennsylvania",42,031,38633,0.1112192274009925,49695,0.05969508267124758,0.15579008013408055,0.18846581937721638,0.19638650894313153
42037,"Columbia County, Pennsylvania",42,037,65390,0.08422720221789498,52219,0.04462235462049277,0.13824799220091918,0.17666309833307844,0.1944639853188561
42043,"Dauphin County, Pennsylvania",42,043,277071,0.02494514470586351,63123,0.0435853626738577,0.12885665747218822,0.22488459636699618,0.16935009438014084
42049,"Erie County, Pennsylvania",42,049,272046,0.05281507733548223,52863,0.05412508943028203,0.15525607890711535,0.21318085911941362,0.17927115267270977
42055,"Franklin County, Pennsylvania",42,055,154954,0.07555312424021396,63420,0.039187040221340196,0.15238547816973383,0.22327271319230224,0.1947158511558269
42061,"Huntingdon County, Pennsylvania",42,061,45145,0.12997755973071676,53597,0.05377049180327869,0.16381250611605833,0.18077306456971978,0.20903754568612248
42067,"Juniata County, Pennsylvania",42,067,24657,0.10269165852358532,53502,0.02832741417216303,0.13547040039302383,0.22460153303321573,0.2021332684430385
42073,"Lawrence County, Pennsylvania",42,073,86148,0.07343224338649951,50080,0.06367298578199052,0.17263897208226162,0.19944746250638437,0.21999349955889863
42079,"Luzerne County, Pennsylvania",42,079,317547,0.028894731587180086,53194,0.06047516198704104,0.15750234796332335,0.19794550098095715,0.19863831180896058
42087,"Mifflin County, Pennsylvania",42,087,46179,0.08695056825961933,52641,0.035046625712644185,0.14826027817998333,0.2233699300547868,0.21637540873557246
42129,"Westmoreland County, Pennsylvania",42,129,350722,0.05206570433051269,61398,0.04667918577502382,0.15329506710974924,0.18332753576907065,0.2272740233005058
45003,"Aiken County, South Carolina",45,003,169947,0.19168620982913692,53385,0.07305947709087203,0.14759694725616476,0.21663224417024132,0.19294838979211165
45009,"Bamberg County, South Carolina",45,009,14236,0.2558651976668827,42830,0.07047387606318348,0.18306554813024314,0.1971761730823265,0.21698510817645406
45015,"Berkeley County, South Carolina",45,015,222103,0.17173192387045924,65443,0.043179414874867816,0.13790462219787666,0.23842991765081967,0.13860686258177513
45021,"Cherokee County, South Carolina",45,021,57110,0.2761499493414387,37787,0.06497063025877123,0.15756561564206448,0.23048502889161268,0.16590789704079845
45027,"Clarendon County, South Carolina",45,027,33865,0.38759213759213756,43881,0.1147985347985348,0.2322487033835515,0.19193857965451055,0.23570057581573897
45035,"Dorchester County, South Carolina",45,035,161309,0.12834242005045163,63501,0.05706360713610288,0.1341997635859087,0.24541718069047605,0.1392606736139955
45041,"Florence County, South Carolina",45,041,138237,0.18528841295454174,49645,0.05014607905272758,0.13640424752837788,0.23675282305026873,0.16905748822674102
45047,"Greenwood County, South Carolina",45,047,70672,0.1249167960949634,41081,0.06083973309832557,0.1417363640289634,0.2263272583201268,0.18611331220285263
17025,"Clay County, Illinois",17,025,13217,0.20303781773093615,52167,0.056232427366447985,0.19460412355330728,0.2281909661799198,0.20466066429598245
17029,"Coles County, Illinois",17,029,51065,0.04940164388228781,46411,0.06823415793774608,0.16533666825472448,0.17963380005874865,0.17056692450798003
17031,"Cook County, Illinois",17,031,5169517,0.007731673890567567,67886,0.07040424214308376,0.10369711078173978,0.2183231044602426,0.1465684318283507
17035,"Cumberland County, Illinois",17,035,10787,0.10903873744619799,59271,0.02293894446360814,0.14603263927968485,0.22527115972930378,0.19885046815611385
17037,"DeKalb County, Illinois",17,037,104588,0.020317614256273486,62353,0.06572138273649349,0.10949130020317178,0.21478563506329598,0.12563582820208818
17041,"Douglas County, Illinois",17,041,19551,0.0508914865981816,59620,0.032150439793751893,0.12405898731566464,0.2484271904250422,0.1798884967520843
17045,"Edgar County, Illinois",17,045,17272,0.0626486915146709,48543,0.04532611255003532,0.16765867169544463,0.19806623436776286,0.2234251968503937
17047,"Edwards County, Illinois",17,047,6431,0.19132334581772784,53801,0.07702265372168285,0.1718969555035129,0.22920230135282227,0.21225314881044938
17051,"Fayette County, Illinois",17,051,21418,0.1279819471308833,45634,0.04402652462224155,0.17588217553031066,0.20669530301615463,0.1914744607339621
17053,"Ford County, Illinois",17,053,13155,0.037726913970007894,50582,0.04431137724550898,0.14563258911084997,0.22614975294564804,0.19049790954009882
17057,"Fulton County, Illinois",17,057,34654,0.033598531211750306,52243,0.06827080965012,0.14663193152214365,0.19665839441334335,0.2069313787730132
17059,"Gallatin County, Illinois",17,059,4983,0.21902332361516036,43092,0.08707865168539326,0.21372667068031306,0.20991370660244832,0.2376078667469396
17063,"Grundy County, Illinois",17,063,50798,0.03836498839577512,75767,0.044049720229824625,0.08683068017366136,0.2523327690066538,0.13937556596716405
17067,"Hancock County, Illinois",17,067,17820,0.052660034602076126,55818,0.055941626129256426,0.16345990124297632,0.209652076318743,0.23647586980920315
17069,"Hardin County, Illinois",17,069,3890,0.20153387302939924,50847,0.06324110671936758,0.278391167192429,0.1416452442159383,0.24884318766066837
17073,"Henry County, Illinois",17,073,49032,0.01732226632984482,60000,0.04224711669629201,0.13369614700161403,0.2227524881709904,0.20572279327785936
17075,"Iroquois County, Illinois",17,075,27437,0.047062305756992745,54445,0.05674237313544712,0.16517972827897678,0.21700623245981704,0.21489229872070562
17079,"Jasper County, Illinois",17,079,9547,0.12568933823529413,55911,0.043789473684210524,0.19599578503688092,0.22698229810411646,0.19639677385566146
17081,"Jefferson County, Illinois",17,081,37774,0.1671657565615642,51662,0.061977795582007555,0.18671675684768285,0.22187218721872187,0.19113676073489702
17083,"Jersey County, Illinois",17,083,21776,0.0609251968503937,67845,0.04287011807447775,0.14332399626517273,0.20270022042615723,0.19346987509184424
17085,"Jo Daviess County, Illinois",17,085,21429,0.02929388617649202,59223,0.02358964981256286,0.143213009964279,0.18969620607587848,0.2799477343786458
17087,"Johnson County, Illinois",17,087,12391,0.21635555555555555,55363,0.03696253457379935,0.15392195506503745,0.18182551852150755,0.21426842062787507
17089,"Kane County, Illinois",17,089,531756,0.00752241139772109,83374,0.05015239192112138,0.08560299500705977,0.25510384462046504,0.1370666245420832
17091,"Kankakee County, Illinois",17,091,109924,0.06250821899793978,59370,0.05447282861124013,0.13442896162214713,0.22830319129580437,0.16699719806411703
17093,"Kendall County, Illinois",17,093,127583,2.3597149464344707e-05,96854,0.04082520260376647,0.07762901502294299,0.2849439188606633,0.10379125745593065
17095,"Knox County, Illinois",17,095,50052,0.041649225617413146,44464,0.0522567475618054,0.15368322955055705,0.1983936705825941,0.2135578997842244
17097,"Lake County, Illinois",17,097,699682,0.01685802909917977,92654,0.05346272058942683,0.09322242435427597,0.24183843517483658,0.14258906188811488
17099,"LaSalle County, Illinois",17,099,108998,0.0351755786113328,60069,0.05990775074613367,0.13383148965113315,0.214563569973761,0.18837960329547332
17101,"Lawrence County, Illinois",17,101,15830,0.15024390243902438,53087,0.04567093127045522,0.18662519440124417,0.18856601389766267,0.17511054958938724
17103,"Lee County, Illinois",17,103,34204,0.04348402492377038,59986,0.03338040826807036,0.16758144760070615,0.19661443106069465,0.19503566834288388
17105,"Livingston County, Illinois",17,105,35757,0.05275749181566356,58676,0.04941652774470112,0.1554138237911599,0.21612551388539308,0.19408787090639595
17107,"Logan County, Illinois",17,107,28818,0.038621262458471764,58122,0.05711908004236647,0.15337303904394878,0.1917898535637449,0.18231660767575822
17109,"McDonough County, Illinois",17,109,30107,0.04419121734296832,43591,0.09136987227140636,0.1410679415527574,0.17085727571661075,0.17793204238217025
17111,"McHenry County, Illinois",17,111,307291,0.0069049621530698066,90014,0.04727107971839494,0.09408860552558444,0.2350443065368006,0.1459561132607203
17113,"McLean County, Illinois",17,113,172164,0.03805456048498209,68037,0.0332248576956196,0.09641681623394466,0.21520759276039125,0.13208917079064147
17115,"Macon County, Illinois",17,115,104688,0.024521483599396394,53725,0.07719467180227893,0.14849840754997168,0.22274759284731774,0.19875248357022773
17117,"Macoupin County, Illinois",17,117,45243,0.08369700032155818,56264,0.05547009742227194,0.15181820211174857,0.21218752072143757,0.19976570961253676
17119,"Madison County, Illinois",17,119,264403,0.027728564265418688,64045,0.054456029613461736,0.14765980208611929,0.21836741640601656,0.17256990276207154
17123,"Marshall County, Illinois",17,123,11562,0.024328433857070453,57303,0.04401114206128134,0.1527568811399239,0.20515481750562187,0.23118837571354436
17125,"Mason County, Illinois",17,125,13486,0.06675206376316539,50883,0.06058270386927701,0.1809351705443867,0.20621385140145335,0.22430668841761828
17129,"Menard County, Illinois",17,129,12261,0.04322816803207251,77550,0.04865953819928715,0.14834710743801652,0.22363591876682162,0.1951716825707528
17131,"Mercer County, Illinois",17,131,15503,0.03391199031085991,57182,0.04065359477124183,0.13236929922135707,0.2144101141714507,0.2144746178159066
17135,"Montgomery County, Illinois",17,135,28598,0.06119493979576284,54886,0.04465161923454367,0.1596756588180259,0.20057346667599132,0.20015385691307083
17137,"Morgan County, Illinois",17,137,34012,0.08547229585569277,53002,0.05517715428357183,0.1710567477945317,0.1906974009173233,0.2001940491591203
17141,"Ogle County, Illinois",17,141,50793,0.024331114735310973,63643,0.06167182189636079,0.13615480996797996,0.2254050755025299,0.1858130057291359
17145,"Perry County, Illinois",17,145,21092,0.11334855719327382,51616,0.05721747388414055,0.20460081190798377,0.19249004361843353,0.18741703015361275
17147,"Piatt County, Illinois",17,147,16412,0.030531271015467383,73668,0.03732303732303732,0.12878973105134475,0.22355593468194004,0.19497928345113333
17151,"Pope County, Illinois",17,151,4177,0.18683812405446293,43140,0.06797706797706797,0.26366799204771374,0.14699545128082356,0.3064400287287527
17153,"Pulaski County, Illinois",17,153,5414,0.18906101802086628,37308,0.06526207605344296,0.22195438531429632,0.21352050240118212,0.2227558182489841
17157,"Randolph County, Illinois",17,157,31973,0.12529567772919503,55319,0.04402606806661839,0.16851433413359695,0.19156788540330905,0.1890032214681137
17159,"Richland County, Illinois",17,159,15677,0.11096345514950166,55032,0.04723799690242643,0.1749434937035841,0.2305925878675767,0.2064808317917969
17163,"St. Clair County, Illinois",17,163,261186,0.048956208857716094,57473,0.05444829689804555,0.14242256745579063,0.23479053241751088,0.15734763731593576
17167,"Sangamon County, Illinois",17,167,195963,0.044925613363493995,61743,0.04959453256490029,0.13805872008169032,0.22263386455606415,0.1785796298280798
17169,"Schuyler County, Illinois",17,169,6897,0.10904872389791183,51376,0.07166123778501629,0.2106033977738723,0.17166884152530085,0.2309699869508482
17173,"Shelby County, Illinois",17,173,21623,0.10688746706812194,59134,0.03969057924302422,0.1424573187797369,0.21523377884659853,0.22485316561069232
17175,"Stark County, Illinois",17,175,5393,0.044134288947566956,53828,0.031752254018032146,0.13109180204004534,0.2139810865937326,0.22047098090116818
17179,"Tazewell County, Illinois",17,179,132524,0.017627797288814237,66220,0.04193175691288608,0.12377785116857781,0.22661555642751502,0.18776221665509643
17181,"Union County, Illinois",17,181,16829,0.1490822824322637,51655,0.052299245024021966,0.1705617302493241,0.21254976528611325,0.20880622734565335
17185,"Wabash County, Illinois",17,185,11390,0.1365353480841878,48878,0.04394812680115274,0.1868258178603006,0.218612818261633,0.208955223880597
37103,"Jones County, North Carolina",37,103,9453,0.32940706727889796,38324,0.08411677387431965,0.24762717286978778,0.18650163969110337,0.23315349624457843
37105,"Lee County, North Carolina",37,105,61083,0.14736115061146549,52294,0.05623598412972227,0.16764539054419272,0.24149108589951376,0.16426829068644302
37109,"Lincoln County, North Carolina",37,109,84580,0.20008184422316191,59592,0.05220705134199944,0.14572217987804878,0.21117285410262474,0.1771340742492315
37111,"McDowell County, North Carolina",37,111,45402,0.3065618750871971,47085,0.056762988765147425,0.20573420283337082,0.20014536804546054,0.20543147878948065
37115,"Madison County, North Carolina",37,115,21608,0.2608656365772115,46190,0.03390514631685167,0.17468413664014976,0.17868382080710848,0.22292669381710478
37117,"Martin County, North Carolina",37,117,22644,0.24076949620427882,39909,0.09866363377878874,0.2031638819765375,0.20411588058646882,0.22977389153859742
37121,"Mitchell County, North Carolina",37,121,14959,0.14326096788783355,48841,0.04537470725995316,0.19558783965563625,0.18343472157229762,0.24988301357042583
37123,"Montgomery County, North Carolina",37,123,27223,0.22654476283978647,45147,0.03503040203285235,0.17542385825568962,0.2176835763876134,0.205083936377328
37125,"Moore County, North Carolina",37,125,99263,0.13209591067224966,63324,0.04614851599491858,0.15410613821479555,0.21337255573577266,0.24128829473217614
37127,"Nash County, North Carolina",37,127,94287,0.18792832005927024,49949,0.07236059069869959,0.1648026987247666,0.219330342465027,0.18270811458631625
37129,"New Hanover County, North Carolina",37,129,231448,0.03007292817679558,56689,0.051859755341058536,0.12334297473719165,0.18453389098199163,0.17743942483840863
37131,"Northampton County, North Carolina",37,131,19672,0.2095515733516248,38969,0.07845359526507996,0.19643141628166322,0.17537616917446117,0.2589467263115087
37133,"Onslow County, North Carolina",37,133,198377,0.14199907784714694,51560,0.07959855863971624,0.16061804261320708,0.24258356563512906,0.09194110204307959
37135,"Orange County, North Carolina",37,135,146354,0.07392402488430831,74803,0.04027590581146436,0.08409682046214133,0.1947401505937658,0.14075460868852235
37137,"Pamlico County, North Carolina",37,137,12673,0.25038600102933606,48531,0.04627681952040387,0.20223967909075716,0.14984612956679555,0.29992898287698255
37139,"Pasquotank County, North Carolina",37,139,39775,0.1311997222061462,54439,0.06678025722765747,0.1524788296673046,0.22049025769956002,0.16935260842237587
37141,"Pender County, North Carolina",37,141,61891,0.23689996955448056,60044,0.07536055250863295,0.16832797960062257,0.2223748202485014,0.17778029115703414
37143,"Perquimans County, North Carolina",37,143,13513,0.2080602426439827,51036,0.05310049893086244,0.17515092792725648,0.18892917930881373,0.278176570709687
37145,"Person County, North Carolina",37,145,39561,0.2226827430293896,57323,0.06054668364847653,0.19998468723681187,0.2094992543161194,0.19643082834104295
37147,"Pitt County, North Carolina",37,147,179961,0.11752538782630366,49337,0.08104623721702649,0.14224710411728114,0.21347958724390284,0.13210640083129122
37149,"Polk County, North Carolina",37,149,20682,0.13086650258847493,52125,0.03656985372058512,0.19529757531227038,0.16221835412435934,0.3102697998259356
37151,"Randolph County, North Carolina",37,151,143460,0.21463220041487155,48984,0.045387400434467776,0.17019914151009782,0.22593057298201588,0.17714345462149728
37153,"Richmond County, North Carolina",37,153,44759,0.2277841561423651,39051,0.08224344844477101,0.1738619338481042,0.22699345383051453,0.17721575549051588
37155,"Robeson County, North Carolina",37,155,131656,0.36881837254608124,35362,0.07353335632448174,0.16386596629930705,0.2500987421765814,0.15212371635170444
37157,"Rockingham County, North Carolina",37,157,91051,0.18691377556786076,45697,0.06349730124684752,0.1616330162967907,0.2029631744846295,0.20377590581102897
37159,"Rowan County, North Carolina",37,159,140978,0.17092116289563591,51054,0.06973560240254387,0.16162882882882884,0.2228716537332066,0.17487125650810764
37161,"Rutherford County, North Carolina",37,161,66741,0.1866481062583377,43183,0.06749168053244592,0.2037693372476841,0.20483660718299096,0.21475554756446563
37163,"Sampson County, North Carolina",37,163,63284,0.3742155280616819,42914,0.06774047345117316,0.15152291579925056,0.24476961001200936,0.17919221288161305
37165,"Scotland County, North Carolina",37,165,34921,0.26585413543635533,35936,0.11728263191625721,0.16922153892305386,0.22731307809054724,0.17845995246413332
37169,"Stokes County, North Carolina",37,169,45688,0.24268927161822748,51668,0.04802132273220094,0.17903978416152502,0.18823323410961304,0.20550253895990195
37171,"Surry County, North Carolina",37,171,71904,0.23460427667084804,44979,0.04605899419729207,0.2014316654009507,0.2124638406764575,0.2041332888295505
37175,"Transylvania County, North Carolina",37,175,34039,0.14747873633049818,51509,0.054005460478124795,0.15212401252049484,0.15664384970181264,0.3017127412673698
37177,"Tyrrell County, North Carolina",37,177,3978,0.2807174887892377,38250,0.039769082745349585,0.20728291316526612,0.13499245852187028,0.2264957264957265
37181,"Vance County, North Carolina",37,181,44614,0.2322846367606193,41827,0.07982464591964544,0.18864850185570745,0.23710046173846774,0.18245393822566908
37183,"Wake County, North Carolina",37,183,1091662,0.027114461649913973,83567,0.04191993015549662,0.08497072314703784,0.23899522013223873,0.11645820776027745
37187,"Washington County, North Carolina",37,187,11788,0.24496124031007752,30941,0.07295850066934405,0.22678725236864772,0.20139124533423822,0.24474041398031895
37189,"Watauga County, North Carolina",37,189,55669,0.07606047262586232,46453,0.08734215782524797,0.11196186073389194,0.12867125330075985,0.16003520810504948
37193,"Wilkes County, North Carolina",37,193,68341,0.23877138783269963,44980,0.0528990602825545,0.18802773086836724,0.2040210122766714,0.21512708330284894
37195,"Wilson County, North Carolina",37,195,81579,0.1415281294726412,44594,0.08608201761242248,0.1525583588776232,0.22982630333786883,0.18154181836011718
37199,"Yancey County, North Carolina",37,199,17870,0.19778172138420586,44554,0.07355538733282867,0.18196712050166658,0.18371572467823166,0.25747062115277003
34001,"Atlantic County, New Jersey",34,001,264650,0.027383398717230212,63680,0.08662220021553607,0.14209960505649674,0.21258265633856036,0.18101643680332516
34005,"Burlington County, New Jersey",34,005,446301,0.01169181184184935,90329,0.054185863201244314,0.11721983273873493,0.20847141279091913,0.1701116511054199
34007,"Camden County, New Jersey",34,007,506721,0.0065503983088238855,70957,0.06652069765701026,0.1366116948706288,0.22775057674736196,0.15667596172252582
34011,"Cumberland County, New Jersey",34,011,150085,0.05179840811189307,55709,0.07988111568358482,0.14741918947604024,0.24011726688210014,0.15217376819802111
34013,"Essex County, New Jersey",34,013,798698,0.0006124660395433202,63959,0.07971455521096775,0.11364939405380736,0.23792221841046302,0.13691532969908526
34017,"Hudson County, New Jersey",34,017,671923,0.001226450567716588,75062,0.05427296906301609,0.08949206839611676,0.2044356272965801,0.11964019686779587
34019,"Hunterdon County, New Jersey",34,019,125063,0.005055812201360112,117858,0.03910182523818556,0.08702207063592102,0.19314265610132494,0.1864180453051662
34023,"Middlesex County, New Jersey",34,023,825015,0.007199735668263671,91731,0.058240353645818914,0.09686802126735314,0.21773664721247493,0.15065786682666377
34025,"Monmouth County, New Jersey",34,025,620821,0.010252281676383505,103523,0.05070151355784144,0.10255732879964863,0.21195964698359107,0.17679975387430516
34029,"Ocean County, New Jersey",34,029,602018,0.022168534236040635,72679,0.05337188431809629,0.12873407581937682,0.24079014248743394,0.22592347737110852
34031,"Passaic County, New Jersey",34,031,502763,0.0016420639219934994,73562,0.06253670783061999,0.08623962325352298,0.2384642465734352,0.14613048295121162
34035,"Somerset County, New Jersey",34,035,330151,0.002163820914312692,116510,0.044314932323865026,0.07806349478007872,0.2191330633558584,0.157782348077092
34037,"Sussex County, New Jersey",34,037,140996,0.017026179350956922,96222,0.0525158891652222,0.10796766330957878,0.1973814859996028,0.17364322392124598
34041,"Warren County, New Jersey",34,041,105730,0.012711864406779662,83497,0.057967051746530864,0.1230518459206726,0.19720987420788802,0.18097039629244302
18001,"Adams County, Indiana",18,001,35544,0.03346338535414166,52712,0.030153268689396308,0.11347840947932095,0.31442718883637183,0.15335921674544226
18005,"Bartholomew County, Indiana",18,005,83280,0.06157192575406033,66978,0.04395343311950582,0.14145802740324517,0.23939721421709895,0.16085494716618637
18007,"Benton County, Indiana",18,007,8695,0.029614500893540976,52656,0.03343465045592705,0.18512933534392761,0.24991374353076481,0.17665324899367452
48287,"Lee County, Texas",48,287,17174,0.21368069815195073,56696,0.024883359253499222,0.12249163879598662,0.2194596483055782,0.18929777570746478
48289,"Leon County, Texas",48,289,17325,0.3605263157894737,43392,0.05859154929577465,0.18121194549144679,0.22585858585858587,0.24594516594516594
48291,"Liberty County, Texas",48,291,86173,0.2892329784909312,50917,0.07543446244477173,0.16763700797367423,0.2657096770450141,0.12969259512840448
48293,"Limestone County, Texas",48,293,23364,0.20202489318224037,45781,0.05927362862377411,0.1656613146456134,0.22406266050333848,0.192090395480226
48295,"Lipscomb County, Texas",48,295,3301,0.06130790190735695,63182,0.05608028335301062,0.18270999386879216,0.2862768857921842,0.16479854589518328
48297,"Live Oak County, Texas",48,297,12175,0.21138211382113822,50212,0.029485714285714285,0.19671675013912077,0.20008213552361395,0.20780287474332648
48299,"Llano County, Texas",48,299,21452,0.11630904053096204,58941,0.06533241315850012,0.2500235294117647,0.14903039343650942,0.37176020883833677
48303,"Lubbock County, Texas",48,303,308392,0.04712009424018848,53425,0.04317639952951648,0.1296624930165303,0.23842058159744742,0.12429310747360502
48307,"McCulloch County, Texas",48,307,7970,0.08350634371395617,48618,0.04923928077455048,0.18812260536398467,0.22020075282308657,0.22797992471769135
48309,"McLennan County, Texas",48,309,254045,0.05602150537634409,50210,0.04569857058164811,0.13532233991044668,0.24590918931685332,0.1443405695841288
48313,"Madison County, Texas",48,313,14329,0.2430503380916604,60499,0.0571969696969697,0.16725186263595102,0.2148091283411264,0.15458161769837392
48315,"Marion County, Texas",48,315,9987,0.32470551766893985,39093,0.10909090909090909,0.21962095875139354,0.1815359967958346,0.26224091318714327
48319,"Mason County, Texas",48,319,4248,0.094010889292196,61434,0.05257985257985258,0.15050719509318236,0.2391713747645951,0.266713747645951
48321,"Matagorda County, Texas",48,321,36791,0.15425585878056203,48733,0.06415982617093191,0.16631358846672353,0.25913946345573646,0.1660460438694246
48325,"Medina County, Texas",48,325,50869,0.25739186226808536,62701,0.032994813232794316,0.17499793097740626,0.2303170889932965,0.16725314041950892
48327,"Menard County, Texas",48,327,2108,0.1615553121577218,43826,0.04507042253521127,0.24528301886792453,0.1793168880455408,0.3387096774193548
48331,"Milam County, Texas",48,331,24797,0.1446360153256705,48253,0.0653790351831701,0.15287332646755922,0.2415614792111949,0.2078073960559745
48333,"Mills County, Texas",48,333,4877,0.08753861997940268,50198,0.023277467411545624,0.21720703538885358,0.1792085298339143,0.2938281730572073
48337,"Montague County, Texas",48,337,19640,0.1496353913466213,57511,0.06225636321944508,0.1911506254522899,0.22494908350305498,0.2224032586558045
48339,"Montgomery County, Texas",48,339,590188,0.13398539349460417,83274,0.04637097458850217,0.10013340684322654,0.26307549458816515,0.13137508726033062
48343,"Morris County, Texas",48,343,12357,0.10436652332120411,43995,0.07401255075673681,0.19283723979675463,0.23088128186453022,0.21518167840090638
48345,"Motley County, Texas",48,345,1362,0.06402048655569782,45417,0.04595879556259905,0.18722466960352424,0.21071953010279001,0.3039647577092511
48349,"Navarro County, Texas",48,349,49475,0.17481824190350298,47574,0.04930195802967776,0.17330648640874444,0.2649418898433552,0.17030823648307225
48351,"Newton County, Texas",48,351,13788,0.3662523642258849,40690,0.11009174311926606,0.166984592809978,0.19894110821003771,0.2077168552364375
48355,"Nueces County, Texas",48,355,362151,0.031778489739098,56784,0.058054868579973544,0.12698590664977408,0.24573451405629143,0.14483737446534733
48357,"Ochiltree County, Texas",48,357,9907,0.1577552986512524,53431,0.03810330228619814,0.11551356293812862,0.3134147572423539,0.10103966892096497
48361,"Orange County, Texas",48,361,83776,0.1785761423329726,63488,0.044745899979752986,0.16710019267822737,0.24918831168831168,0.1565126050420168
48363,"Palo Pinto County, Texas",48,363,28792,0.16466950135291844,55986,0.05844057532172597,0.1775357242925189,0.2325993331480967,0.1938385662684079
48367,"Parker County, Texas",48,367,138447,0.1650059078377314,84189,0.04745259880450587,0.12259736467496442,0.2470114917621906,0.15553244201752295
48369,"Parmer County, Texas",48,369,9639,0.09596625362509886,58558,0.014383855732073852,0.1305849115831328,0.28664799253034545,0.14213092644465194
48373,"Polk County, Texas",48,373,50155,0.2477520566290415,50351,0.0911501012243324,0.22371504116597518,0.20193400458578406,0.1870999900309042
48375,"Potter County, Texas",48,375,118323,0.06802327898911786,43652,0.034455605277815125,0.12329307193290563,0.273801374204508,0.12568139753048857
48379,"Rains County, Texas",48,379,12001,0.19387001477104873,52612,0.03948852952237683,0.20142378559463986,0.19206732772268978,0.2402299808349304
48381,"Randall County, Texas",48,381,136005,0.061772345024247596,68186,0.03599781001916233,0.10923087181690881,0.24021910959155912,0.15039888239402963
48385,"Real County, Texas",48,385,3429,0.2740546611755897,38659,0.009931245225362872,0.2749924947463224,0.22572178477690288,0.29717118693496647
48387,"Red River County, Texas",48,387,12115,0.15756181713628523,37135,0.051446321102698506,0.1742996141586982,0.1987618654560462,0.2530747007841519
48391,"Refugio County, Texas",48,391,7015,0.09476510067114094,51054,0.06329944244014431,0.20668028004667444,0.23221667854597292,0.21938702779757663
48393,"Roberts County, Texas",48,393,784,0.14382022471910114,61964,0.013297872340425532,0.1326530612244898,0.23469387755102042,0.24872448979591838
48397,"Rockwall County, Texas",48,397,101175,0.03484721054107093,105956,0.037328316086547506,0.07791820081600159,0.26992834198171484,0.12150234741784037
48399,"Runnels County, Texas",48,399,10280,0.0682554814108675,48489,0.027501082719792118,0.1838840924878436,0.2392023346303502,0.207295719844358
48403,"Sabine County, Texas",48,403,10470,0.3970377448638318,38917,0.09312517118597645,0.2769052895269294,0.18471824259789876,0.30592168099331424
48405,"San Augustine County, Texas",48,405,8260,0.2886126850667154,41568,0.11137796457520265,0.2804331590739358,0.1967312348668281,0.2682808716707022
48409,"San Patricio County, Texas",48,409,66969,0.09364093257015217,56111,0.049951226075549124,0.1766270267003128,0.2687960100942227,0.14854634233749944
48411,"San Saba County, Texas",48,411,6004,0.11913696060037524,45169,0.022044088176352707,0.1836887392442948,0.1980346435709527,0.2343437708194537
48415,"Scurry County, Texas",48,415,16918,0.07675225537820958,50277,0.03494080277216286,0.15080241699694627,0.24736966544508807,0.1507861449343894
48417,"Shackelford County, Texas",48,417,3291,0.15549295774647887,48212,0.0848822800495663,0.19718309859154928,0.2336675782436949,0.19690063810391978
48421,"Sherman County, Texas",48,421,3046,0.09377236936292055,57130,0.020887728459530026,0.14938721430937396,0.23079448456992777,0.15594221930400526
48423,"Smith County, Texas",48,423,230184,0.10912842123746186,59450,0.05465730306494638,0.13098410384958142,0.24506481771104854,0.16565443297535884
48285,"Lavaca County, Texas",48,285,20072,0.1509290138161029,54211,0.03319457786316576,0.14591815960912052,0.23619968114786768,0.23316062176165803
48425,"Somervell County, Texas",48,425,8958,0.14204102830433654,64394,0.049031933618305254,0.14085470085470086,0.22315248939495422,0.19133735208751954
48427,"Starr County, Texas",48,427,64032,0.09473949156808457,30931,0.1313896108788187,0.16415489519850082,0.3291166916541729,0.1133027236381809
48429,"Stephens County, Texas",48,429,9358,0.09362389023405973,44940,0.08603556485355648,0.20249916322659825,0.22558238939944433,0.19673007052789057
48431,"Sterling County, Texas",48,431,1274,0.23693379790940766,53194,0.009983361064891847,0.04600484261501211,0.30612244897959184,0.10596546310832025
48433,"Stonewall County, Texas",48,433,1412,0.12425328554360812,58309,0.03626220362622036,0.15300146412884333,0.2705382436260623,0.2046742209631728
48435,"Sutton County, Texas",48,435,3793,0.1534090909090909,61190,0.0625,0.0791843220338983,0.27735301871869233,0.1682045873978381
48437,"Swisher County, Texas",48,437,7403,0.08362150267211568,36337,0.07423580786026202,0.17028824833702882,0.24854788599216535,0.19073348642442253
48439,"Tarrant County, Texas",48,439,2077153,0.01884720412208908,70306,0.04965433945112184,0.10006801935592172,0.26291996785985433,0.11317221215769854
48441,"Taylor County, Texas",48,441,137521,0.04620764875954363,55568,0.030202097492910834,0.15157187897896077,0.24748220271813032,0.14469062906756058
48443,"Terrell County, Texas",48,443,903,0.064343163538874,42823,0.0,0.20930232558139536,0.12956810631229235,0.3433001107419712
48445,"Terry County, Texas",48,445,12408,0.10176809210526316,44052,0.07802075611564122,0.1543945057811006,0.27490328820116056,0.15070921985815602
48447,"Throckmorton County, Texas",48,447,1500,0.12086874409820586,41875,0.04781420765027322,0.19533333333333333,0.20333333333333334,0.25666666666666665
45053,"Jasper County, South Carolina",45,053,29558,0.2950792872323034,45924,0.0763945326930181,0.14743192002757669,0.20089315921239598,0.1962920359970228
45061,"Lee County, South Carolina",45,061,17144,0.3004495825305074,32851,0.07299843014128729,0.1874722345624167,0.1924871675221652,0.18612925804946337
45067,"Marion County, South Carolina",45,067,30954,0.32117467277921735,30791,0.08372814899526221,0.15720495685460326,0.23066485753052918,0.19654971893777864
45073,"Oconee County, South Carolina",45,073,78314,0.2144994359150439,49691,0.06059139937957139,0.20056642636457261,0.1993640983732155,0.23233393773782465
45079,"Richland County, South Carolina",45,079,414660,0.05153325868884674,54441,0.06112921820070879,0.13968951061836832,0.2145902667245454,0.127485168571842
45085,"Sumter County, South Carolina",45,085,106675,0.22491370936072588,46570,0.08507814172554057,0.17047955974842768,0.24021560815561285,0.1640215608155613
46003,"Aurora County, South Dakota",46,003,2757,0.10252486610558531,65132,0.00335345405767941,0.12648524338827136,0.2716721073630758,0.18171926006528835
46009,"Bon Homme County, South Dakota",46,009,6914,0.040417649040080834,50195,0.04188853390131345,0.131171702284451,0.19120624819207405,0.2069713624529939
46015,"Brule County, South Dakota",46,015,5233,0.10381026438569207,57181,0.016494845360824743,0.15243179122182682,0.2539652207146952,0.18268679533728263
46061,"Hanson County, South Dakota",46,061,3423,0.0256198347107438,63750,0.02318840579710145,0.0977465613110916,0.3064563248612328,0.15366637452527024
46067,"Hutchinson County, South Dakota",46,067,7308,0.025301559282141808,61290,0.02250130821559393,0.1299816927193353,0.24863163656267104,0.22947454844006568
46073,"Jerauld County, South Dakota",46,073,2009,0.06097560975609756,49265,0.0031088082901554403,0.1597964376590331,0.21254355400696864,0.3081134892981583
46081,"Lawrence County, South Dakota",46,081,25806,0.13156412783330987,52146,0.026700251889168764,0.1498178684736203,0.17588932806324112,0.2182050685887003
46087,"McCook County, South Dakota",46,087,5543,0.03465931469082316,66208,0.02467443454420836,0.10367210682492582,0.2762042215406819,0.18636117625834386
46093,"Meade County, South Dakota",46,093,28149,0.147005890052356,62275,0.025103209481954988,0.12901905328966953,0.2283917723542577,0.1533269387900103
46099,"Minnehaha County, South Dakota",46,099,191682,0.043022713409164304,63699,0.025897768152450682,0.10319157948240078,0.2527780386264751,0.13090952723782098
46103,"Pennington County, South Dakota",46,103,112504,0.11889958958104759,58278,0.040540306520045026,0.14366245924630713,0.23053402545687265,0.18050024888003982
46111,"Sanborn County, South Dakota",46,111,2372,0.07929883138564274,55398,0.015861027190332326,0.13571736320551486,0.24494097807757167,0.19688026981450252
46119,"Sully County, South Dakota",46,119,1278,0.19153936545240893,60508,0.005722460658082976,0.107981220657277,0.19170579029733958,0.2605633802816901
46125,"Turner County, South Dakota",46,125,8325,0.04476873608706406,63062,0.023604176123467997,0.1250459727841118,0.24444444444444444,0.2076876876876877
46135,"Yankton County, South Dakota",46,135,22746,0.05079613167920289,61878,0.022494376405898527,0.14163050072331887,0.21159764354172161,0.18957179284269762
47003,"Bedford County, Tennessee",47,003,48937,0.13579736365986042,52973,0.044148236193063635,0.15002472595400973,0.25496045936612377,0.14866052271287575
47009,"Blount County, Tennessee",47,009,131641,0.1168724279835391,60301,0.04756105081401085,0.13805801259675798,0.20168488540804158,0.2022014418000471
47015,"Cannon County, Tennessee",47,015,14374,0.17680454176804541,52518,0.030153846153846153,0.18886932018316308,0.2135800751356616,0.18046472798107693
47021,"Cheatham County, Tennessee",47,021,40539,0.12607084270004254,63988,0.04316375577023747,0.15580856523580558,0.21988702237351687,0.14955968326796418
47027,"Clay County, Tennessee",47,027,7640,0.27455919395465994,32064,0.0528156698146205,0.19378816033979293,0.20628272251308902,0.2400523560209424
47033,"Crockett County, Tennessee",47,033,14310,0.1330325190602147,47581,0.04233374384236453,0.1676128299744536,0.23717679944095038,0.18881900768693222
47039,"Decatur County, Tennessee",47,039,11663,0.22210997257901574,40389,0.0796888141295206,0.16266853440728418,0.20852267855611764,0.24461973763182715
47087,"Jackson County, Tennessee",47,087,11767,0.27893225206960637,35880,0.07593180015860428,0.23958423559982678,0.181864536415399,0.22529106824169287
47093,"Knox County, Tennessee",47,093,466184,0.03980521263324198,59250,0.04232329072709453,0.11987570785286614,0.21036329003140392,0.15804274706982652
47099,"Lawrence County, Tennessee",47,099,43780,0.13546231375985976,43734,0.0821020728473237,0.1872703321084379,0.24972590223846505,0.17606212882594793
47105,"Loudon County, Tennessee",47,105,53169,0.07899799085196427,61664,0.03599498327759197,0.13134509350664114,0.1938535612857116,0.2630856326054656
47111,"Macon County, Tennessee",47,111,24208,0.22744199369808077,38080,0.04359769605671245,0.18446683459277918,0.24975214805023133,0.15651850627891606
47117,"Marshall County, Tennessee",47,117,33708,0.12348457350272232,55299,0.0636213336599106,0.1598596617488305,0.2329120683517266,0.16108935564257743
47123,"Monroe County, Tennessee",47,123,46413,0.23098565131764043,45576,0.06923714759535655,0.2315865258748582,0.21364703854523517,0.21153556115743433
47129,"Morgan County, Tennessee",47,129,21538,0.28293760353395914,41701,0.07707104385739934,0.24119878198621722,0.19249698207818738,0.17982171046522424
47135,"Perry County, Tennessee",47,135,8020,0.3336893826105533,48716,0.08795411089866156,0.21714794555400077,0.23117206982543642,0.20498753117206983
47141,"Putnam County, Tennessee",47,141,78542,0.08739534350269526,45160,0.05856176106590831,0.14543391653021492,0.20879274782918694,0.16723536451834686
47147,"Robertson County, Tennessee",47,147,70982,0.08751897087518971,66088,0.046651371135146946,0.13769471294564456,0.2392437519371108,0.14695274858414809
47155,"Sevier County, Tennessee",47,155,98007,0.11576485961383057,51734,0.047902133252451726,0.18145942381403785,0.20619955717448754,0.19628189823175896
47161,"Stewart County, Tennessee",47,161,13553,0.2121476315024702,49537,0.06049465240641711,0.19278281051134236,0.21249907769497528,0.19759462849553605
47167,"Tipton County, Tennessee",47,167,61562,0.09829970338806032,62474,0.05268430871277551,0.17475343212568767,0.24388421428803483,0.14453721451544785
47173,"Union County, Tennessee",47,173,19678,0.28270264572572995,45143,0.06675423931215667,0.20224719101123595,0.2172985059457262,0.18070942168919607
47179,"Washington County, Tennessee",47,179,128874,0.0878936457270723,48923,0.048030331634258384,0.17066815705784188,0.1911789810202213,0.18179772490960164
47185,"White County, Tennessee",47,185,27087,0.16894368543818727,44282,0.04880599616524316,0.17621277392770182,0.21944106028722266,0.20249566212574296
49001,"Beaver County, Utah",49,001,6594,0.02801582069874753,66705,0.03560631508229761,0.12914565184166285,0.3246891113133151,0.14664846830451925
49007,"Carbon County, Utah",49,007,20401,0.0838073953677367,50328,0.06651860077734592,0.15722274459345773,0.26219302975344344,0.17293269937748149
49013,"Duchesne County, Utah",49,013,19950,0.15353535353535352,61655,0.0742597342037771,0.13597878200550853,0.3373934837092732,0.11929824561403508
50001,"Addison County, Vermont",50,001,36947,0.07708937816464698,70262,0.038761918451439795,0.15481673252486713,0.16675237502368256,0.20053048962026687
50007,"Chittenden County, Vermont",50,007,163414,0.04376951461822311,76316,0.03602139261744967,0.11466233854394875,0.17779382427454196,0.15086834665328552
50013,"Grand Isle County, Vermont",50,013,7075,0.09845922585494175,81667,0.04590604026845638,0.11162988115449915,0.17215547703180212,0.20692579505300354
50019,"Orleans County, Vermont",50,019,26843,0.09297077738914589,54390,0.04182815356489945,0.16747917546351387,0.196736579368923,0.22843944417539022
50025,"Windham County, Vermont",50,025,42628,0.05490935083501202,54188,0.04387688277668631,0.17062240663900416,0.17899033499108566,0.22701041568921834
51003,"Albemarle County, Virginia",51,003,108819,0.03443278901265275,84643,0.03390138439736928,0.08967666899278902,0.20091160551006718,0.1856017791010761
51009,"Amherst County, Virginia",51,009,31782,0.10542951464493924,57368,0.048579169554533425,0.15471781723799577,0.19548801208231073,0.2083254672456107
51015,"Augusta County, Virginia",51,015,75754,0.08581553783643418,65076,0.029170612907590314,0.13427502652001563,0.1914090345064287,0.21006151490350344
51021,"Bland County, Virginia",51,021,6334,0.28793774319066145,50365,0.04320469798657718,0.1862453531598513,0.16182507104515315,0.2295547837069782
51027,"Buchanan County, Virginia",51,027,21374,0.3275653227201938,34302,0.06456367924528301,0.3024240654205608,0.17062786563114063,0.2225133339571442
17187,"Warren County, Illinois",17,187,16981,0.024469608225953402,54291,0.08480239658946884,0.1355507868383405,0.21789058359342794,0.19097815205229374
17191,"Wayne County, Illinois",17,191,16309,0.22579032862676496,50205,0.03732338043188483,0.17584784883363083,0.22582623091544546,0.2160156968544975
17195,"Whiteside County, Illinois",17,195,55583,0.021640664318067437,57172,0.037336948556353514,0.15027961548302204,0.22037313567097855,0.207059712502024
17197,"Will County, Illinois",17,197,689704,0.013076665878342561,90800,0.049011235894521055,0.09029619190211516,0.24909091436326308,0.13062560170739912
17201,"Winnebago County, Illinois",17,201,283635,0.014470617248593907,55310,0.07775854699357443,0.142495588785713,0.2344245244768805,0.17471398099670352
17203,"Woodford County, Illinois",17,203,38503,0.020608,74777,0.036318356334959015,0.10365644689320644,0.24161753629587304,0.17759655091811027
19003,"Adams County, Iowa",19,003,3633,0.03928393833913476,52287,0.03571428571428571,0.14301707248810525,0.2056151940545004,0.23011285439031104
19005,"Allamakee County, Iowa",19,005,13761,0.15506653019447286,55523,0.028138837308955864,0.1141735200414907,0.23123319526197225,0.22607368650534118
19009,"Audubon County, Iowa",19,009,5528,0.007697456492637216,49245,0.013121546961325966,0.13075642685407804,0.2076700434153401,0.2467438494934877
19013,"Black Hawk County, Iowa",19,013,131813,0.032876759413614724,54774,0.05338968911628942,0.13102814474439978,0.21668575937123047,0.16485475635938793
19015,"Boone County, Iowa",19,015,26381,0.0365315802612965,67442,0.022423071615841037,0.12977921378567583,0.21473787953451348,0.18122891474925135
19019,"Buchanan County, Iowa",19,019,21141,0.052781740370898715,67252,0.029085620796218868,0.12519113149847094,0.2660706683695189,0.17998202544818126
19023,"Butler County, Iowa",19,023,14508,0.021164021164021163,56473,0.03799036476256022,0.11544932006168512,0.2257375241246209,0.22532395919492693
19025,"Calhoun County, Iowa",19,025,9656,0.01389976507439311,55285,0.024401265250790782,0.12260879292985792,0.2131317315658658,0.22835542667771333
19029,"Cass County, Iowa",19,029,12990,0.014886829712896855,52005,0.01873752111810782,0.12794163790398494,0.2195535026943803,0.22886836027713625
19031,"Cedar County, Iowa",19,031,18475,0.0423338185346919,69259,0.027979687344419,0.10529202083904579,0.22273342354533152,0.19485791610284167
19035,"Cherokee County, Iowa",19,035,11281,0.013603069410533658,56302,0.024212271973466003,0.10823658469695585,0.21611559258930946,0.23863132701001685
19037,"Chickasaw County, Iowa",19,037,11970,0.021571378463696948,61239,0.021872132150504743,0.13568773234200743,0.2314954051796157,0.20568086883876358
19041,"Clay County, Iowa",19,041,16138,0.014954172696575013,51259,0.04605341246290801,0.15406373750707147,0.22487297062833064,0.20993927376378732
19045,"Clinton County, Iowa",19,045,46734,0.022564891019263816,52221,0.043668701884788955,0.14095945741624727,0.22546753969272906,0.1964308640390294
19047,"Crawford County, Iowa",19,047,16998,0.0544708545557442,54849,0.05174875089221984,0.1514827360789208,0.24726438404518178,0.1703141546064243
19051,"Davis County, Iowa",19,051,8977,0.06218767351471405,67627,0.02994152046783626,0.11633412242137302,0.29297092569900857,0.17489138910549182
19053,"Decatur County, Iowa",19,053,7908,0.06955618998183234,48154,0.04024357956049775,0.14694558521560575,0.21648963075366717,0.2028325746079919
19057,"Des Moines County, Iowa",19,057,39227,0.04281953473378821,51784,0.04235821199470522,0.16779805384198435,0.22652764677390572,0.2067198613200092
19059,"Dickinson County, Iowa",19,059,17260,0.06968963553530752,60975,0.018924091005741016,0.14670255720053835,0.18986095017381227,0.26025492468134415
19061,"Dubuque County, Iowa",19,061,97193,0.03716460330459078,64493,0.04070618194257045,0.11156951607021931,0.22806169168561521,0.17754365026287902
19063,"Emmet County, Iowa",19,063,9322,0.039492828933693616,56708,0.030036779730281977,0.1665377389766825,0.2065007509118215,0.21111349495816348
19065,"Fayette County, Iowa",19,065,19604,0.05694357693108474,49834,0.023019493985897966,0.15809128630705394,0.21276270148949195,0.21398694144052235
19067,"Floyd County, Iowa",19,067,15713,0.013472460705322943,51768,0.02601482970968958,0.15845796802475504,0.22535480175650735,0.22128174123337363
19069,"Franklin County, Iowa",19,069,10091,0.02703260420965745,55630,0.044915782907049284,0.07999196060697418,0.23159250817560204,0.21652958081458726
19071,"Fremont County, Iowa",19,071,6895,0.03832752613240418,59688,0.03835063437139562,0.13181148748159058,0.2133430021754895,0.22189992748368384
19073,"Greene County, Iowa",19,073,8923,0.025736911570611528,51098,0.04294871794871795,0.17106903979140686,0.2222346744368486,0.22537263252269416
19075,"Grundy County, Iowa",19,075,12262,0.03794522999821013,71760,0.023954908407703146,0.10088407832768735,0.2295710324580003,0.20779644429946176
19077,"Guthrie County, Iowa",19,077,10702,0.03295006006521366,62644,0.038013268782499554,0.12118068653338362,0.22631283872173424,0.22668660063539525
19079,"Hamilton County, Iowa",19,079,14905,0.025559105431309903,60248,0.030564784053156147,0.11459819305753685,0.22569607514256962,0.20623951694062395
19081,"Hancock County, Iowa",19,081,10709,0.029015350056158743,61957,0.020586721564590838,0.1390810042633823,0.21617331216733587,0.22299000840414604
19083,"Hardin County, Iowa",19,083,16924,0.024655193457829856,54930,0.026800279655092053,0.12572474824534635,0.2128929331127393,0.21838808792247696
19085,"Harrison County, Iowa",19,085,14043,0.055287406757349715,64154,0.024920466595970307,0.1278968713789108,0.22644734031189917,0.19554226304920602
19087,"Henry County, Iowa",19,087,19889,0.04931669637551991,54490,0.04793814432989691,0.14282657537177704,0.21670269998491629,0.18698778219116094
19089,"Howard County, Iowa",19,089,9201,0.014625228519195612,56709,0.023933402705515087,0.09258232620024393,0.24932072600804261,0.2036735137485056
19091,"Humboldt County, Iowa",19,091,9518,0.026154819658299938,55707,0.037152345371523454,0.1433124402422182,0.23607900819499894,0.20739651187224206
19093,"Ida County, Iowa",19,093,6862,0.024057971014492755,54219,0.02258610954263128,0.12184998517640083,0.24132905858350334,0.21844943165257943
19095,"Iowa County, Iowa",19,095,16155,0.05178037510192987,62660,0.03377453217708809,0.11880191291215705,0.22915506035283195,0.18817703497369234
19097,"Jackson County, Iowa",19,097,19348,0.08928013334722366,59042,0.0533544116194052,0.11692516580500287,0.22136654951416168,0.2077734132726897
19101,"Jefferson County, Iowa",19,101,18153,0.10869281897562882,47401,0.07320855022704618,0.13050725040280015,0.19715749462898693,0.2223323968490057
19103,"Johnson County, Iowa",19,103,150819,0.04093927674458021,63062,0.037207478403284776,0.07578316644549,0.1992719750164104,0.11611932183610818
19107,"Keokuk County, Iowa",19,107,10163,0.0305327868852459,52012,0.03830806065442937,0.16444488658973339,0.22818065531831153,0.21784906031683557
19111,"Lee County, Iowa",19,111,33946,0.04927625500461965,52072,0.05174305216967333,0.15213873538301834,0.21619631178931245,0.2023507924350439
19113,"Linn County, Iowa",19,113,225601,0.038858623574299644,67301,0.03924257735431404,0.100188216149035,0.2326674083891472,0.15874486371957572
19117,"Lucas County, Iowa",19,117,8556,0.05001190759704691,53967,0.03331735378715245,0.17925645275870233,0.2281439925198691,0.2154043945769051
19119,"Lyon County, Iowa",19,119,11800,0.028199566160520606,65959,0.02142509332900503,0.10944076969332532,0.28220338983050847,0.18254237288135594
19123,"Mahaska County, Iowa",19,123,22351,0.04791266552107551,56417,0.03177228412256267,0.14028663140286632,0.2381548923985504,0.18079727976376897
19127,"Marshall County, Iowa",19,127,39804,0.031647072794204964,58735,0.05211480362537765,0.11216090287844274,0.2518842327404281,0.18048437342980606
19129,"Mills County, Iowa",19,129,15023,0.040372670807453416,75137,0.0399327991729129,0.14389416553595658,0.23324236171204155,0.1885109498768555
19133,"Monona County, Iowa",19,133,8675,0.041287317383019266,51866,0.023622047244094488,0.15419073440999648,0.2084149855907781,0.25118155619596544
19135,"Monroe County, Iowa",19,135,7761,0.15778994524639123,59489,0.04931714719271624,0.13332461075493915,0.2333462182708414,0.19842803762401753
19139,"Muscatine County, Iowa",19,139,42703,0.06472883125446453,60435,0.03326063249727372,0.11136709101273039,0.24892864669929513,0.1642741727747465
19143,"Osceola County, Iowa",19,143,6016,0.008108108108108109,61167,0.030179188934297392,0.12379827964243549,0.23487367021276595,0.21459441489361702
19145,"Page County, Iowa",19,145,15205,0.021974965229485395,51196,0.05141629748959592,0.13843648208469056,0.1946728049983558,0.22341335087142386
19149,"Plymouth County, Iowa",19,149,25141,0.036211954528786214,71147,0.020810594484464817,0.1206341541928215,0.24867745913050396,0.18559325404717394
19151,"Pocahontas County, Iowa",19,151,6725,0.015586546349466776,53573,0.0403574517151917,0.14741156824047366,0.21724907063197027,0.22810408921933084
18011,"Boone County, Indiana",18,011,66875,0.032675709001233046,89444,0.0337879209574172,0.0938959331408968,0.26344672897196264,0.13176822429906543
18013,"Brown County, Indiana",18,013,15093,0.0637591575091575,66833,0.042117465224111285,0.1432773951995721,0.1767706883985954,0.24322533624859205
18017,"Cass County, Indiana",18,017,37727,0.050238357169050236,49020,0.04442653773838302,0.1481561998967363,0.23052455800885308,0.17621332202401463
18019,"Clark County, Indiana",18,019,117410,0.054088935820720406,57111,0.04142263521251186,0.13394835539078329,0.22524486840984584,0.15593220338983052
18023,"Clinton County, Indiana",18,023,32186,0.03812799043062201,53750,0.03564206268958544,0.13025754463580344,0.26219474305598706,0.16423289629031257
18025,"Crawford County, Indiana",18,025,10582,0.24838362068965517,41761,0.02939846223428313,0.18074581430745815,0.223020223020223,0.19911169911169913
18029,"Dearborn County, Indiana",18,029,49612,0.0341813944455234,70779,0.03425692695214106,0.13640530465073641,0.22514714182052728,0.17487704587599776
18031,"Decatur County, Indiana",18,031,26587,0.045557887373207415,60794,0.039715900855196405,0.12221333028466903,0.23992928875014105,0.16745025764471358
18035,"Delaware County, Indiana",18,035,114461,0.045864419006397476,45910,0.06355451580887565,0.17497788002123518,0.18262989140405902,0.17109757908807366
18037,"Dubois County, Indiana",18,037,42534,0.03757805530776093,62846,0.022197359588274783,0.12577319587628866,0.2436403818121973,0.17313208256923873
18041,"Fayette County, Indiana",18,041,23068,0.06137918284340913,47465,0.043692022263450835,0.19137513751375138,0.22017513438529565,0.19984393965666725
18043,"Floyd County, Indiana",18,043,77879,0.02035685074672079,67603,0.04084825308534677,0.13759854062153887,0.22591455976579053,0.1610190166797211
18045,"Fountain County, Indiana",18,045,16456,0.10381756331107471,52334,0.05435336048879837,0.1928448909580985,0.2191298006806028,0.19804326689353427
18047,"Franklin County, Indiana",18,047,22750,0.128443174862273,68180,0.02382756588364065,0.13495252815190992,0.23701098901098902,0.18215384615384617
18049,"Fulton County, Indiana",18,049,20069,0.1031509801909063,50597,0.06900763358778626,0.156004828002414,0.23743086352085305,0.1972195924061986
18051,"Gibson County, Indiana",18,051,33711,0.11879767881593532,56638,0.030137622669995937,0.15415974633851728,0.23814185280768888,0.1738601643380499
18053,"Grant County, Indiana",18,053,66055,0.059628062579946864,46900,0.07286079182630907,0.19289690389658187,0.20852320036333358,0.18987207630005298
18055,"Greene County, Indiana",18,055,32174,0.1748201438848921,51777,0.05454906109494843,0.19594128348284298,0.21700752160129297,0.19469136569901163
18057,"Hamilton County, Indiana",18,057,330455,0.015813479660114375,98880,0.02823224096518594,0.08445117224902199,0.269355888093689,0.12327548380263575
18059,"Hancock County, Indiana",18,059,76614,0.017754569190600523,75647,0.027298885910331767,0.13250277147231168,0.23362570809512623,0.16609235909885922
18061,"Harrison County, Indiana",18,061,40164,0.1454026669772317,59169,0.04991210781441432,0.16586357476283692,0.2238571855392889,0.17657603824320287
18063,"Hendricks County, Indiana",18,063,166806,0.016102854596951276,84754,0.03565864447034983,0.10083665193087575,0.2501468772106519,0.13709938491421172
18065,"Henry County, Indiana",18,065,48158,0.04596618471247586,51104,0.04234652375711757,0.1850428019042936,0.20688151501308194,0.18906516051331035
18067,"Howard County, Indiana",18,067,82486,0.033709848217437346,56387,0.05347146584259986,0.17007069913589945,0.22729917804233446,0.19174162888247703
18069,"Huntington County, Indiana",18,069,36351,0.051520794537554315,54286,0.024454055208500188,0.14595452141723955,0.21498720805479904,0.17419053120959532
18071,"Jackson County, Indiana",18,071,44077,0.09047520232413364,55097,0.033423008526742966,0.15030073975065103,0.24234861719264014,0.1606960546316673
18073,"Jasper County, Indiana",18,073,33433,0.03585306840677469,61889,0.04734476865624407,0.1616784569804704,0.23171716567463285,0.17856608739867796
18075,"Jay County, Indiana",18,075,20697,0.0745704095968875,45864,0.032939274527634635,0.16801639184310665,0.2504710827656182,0.1806542010919457
18077,"Jefferson County, Indiana",18,077,32167,0.11583729093537064,51981,0.033843457156340594,0.17467661529438597,0.20461964124724097,0.18021574905959523
18079,"Jennings County, Indiana",18,079,27639,0.2044903892747537,61610,0.032335907335907334,0.17447088496545674,0.2334382575346431,0.16154708925793262
18081,"Johnson County, Indiana",18,081,156148,0.02544982979413195,72928,0.03648305753517792,0.10395834143937331,0.24747034864359455,0.14613699823244614
18083,"Knox County, Indiana",18,083,36833,0.0777615855435733,47394,0.03612363517844533,0.18155018494312652,0.21399288681345532,0.17801971058561616
18087,"LaGrange County, Indiana",18,087,39537,0.07625812504188166,69331,0.03435639028859368,0.11250761730652041,0.3261248956673496,0.1385790525330703
18089,"Lake County, Indiana",18,089,485983,0.014694939605670188,57530,0.07041059782263225,0.1367123037756346,0.23516460452320348,0.16511688680468248
18093,"Lawrence County, Indiana",18,093,45552,0.10773441555377283,57740,0.041995709134066736,0.17898201062907207,0.21750965929048122,0.20249385317878468
18095,"Madison County, Indiana",18,095,129486,0.049059537288966254,51476,0.05388809746033305,0.18879566635414413,0.21653306148927298,0.18198106358988617
18099,"Marshall County, Indiana",18,099,46336,0.07583730880834112,54207,0.03365818444324129,0.12743598706632875,0.2522228936464088,0.1760833908839779
18101,"Martin County, Indiana",18,101,10169,0.1376871880199667,55378,0.015784008307372793,0.18724092609442927,0.22194906087127544,0.19608614416363457
18105,"Monroe County, Indiana",18,105,147318,0.05661076474473604,52229,0.06423277867466663,0.10784340546603562,0.15742814863085297,0.12935961661168358
18107,"Montgomery County, Indiana",18,107,38295,0.06720928840744508,56408,0.03916303576856824,0.15200678649064206,0.22412847630238936,0.18224311267789528
18111,"Newton County, Indiana",18,111,13981,0.05818718242910998,57866,0.07283493708364175,0.1749309291842373,0.2145769258279093,0.1904012588512982
18113,"Noble County, Indiana",18,113,47640,0.08335350210561983,58947,0.03973565333779488,0.14150480779481056,0.24712426532325776,0.15780856423173803
18117,"Orange County, Indiana",18,117,19552,0.17050741101374012,52164,0.028125,0.21404855779207305,0.22739361702127658,0.1940466448445172
18119,"Owen County, Indiana",18,119,20854,0.2050029314051202,52204,0.04947816003092385,0.17512678097078,0.20883283782487772,0.19545410952335282
18123,"Perry County, Indiana",18,123,19091,0.12029300675289001,51496,0.03421828908554572,0.16652385032847758,0.2107799486669111,0.18741815515164215
18125,"Pike County, Indiana",18,125,12364,0.13893208916537067,55022,0.031020964717913754,0.16196430040305995,0.21748625040439987,0.20155289550307343
18129,"Posey County, Indiana",18,129,25480,0.06821329639889197,64983,0.035560091058952824,0.12940803550202076,0.22087912087912087,0.1868524332810047
18131,"Pulaski County, Indiana",18,131,12482,0.1380944598790652,49140,0.05844260968107495,0.15966386554621848,0.22087806441275437,0.1947604550552796
18135,"Randolph County, Indiana",18,135,24694,0.06412774314746819,53322,0.04772429600523903,0.17334484034027864,0.2279501093383008,0.2011419778083745
18137,"Ripley County, Indiana",18,137,28457,0.08431214802896218,60055,0.04396044895777659,0.13507329281372898,0.23814878588747934,0.17721474505394103
18141,"St. Joseph County, Indiana",18,141,270881,0.01551473729175566,54433,0.04902869075454773,0.13746622691784524,0.23577142730571726,0.1577630029422514
18145,"Shelby County, Indiana",18,145,44559,0.041557102345965456,59712,0.03551049073830217,0.14308516702770493,0.22841625709733163,0.17002176889068427
18147,"Spencer County, Indiana",18,147,20364,0.1254657023887793,56919,0.03975741239892183,0.1456966805804015,0.21744254566882734,0.19775093301905322
18151,"Steuben County, Indiana",18,151,34591,0.1136645654439867,58905,0.057640232108317216,0.13443959243085882,0.20401260443467953,0.20109276979561158
18153,"Sullivan County, Indiana",18,153,20647,0.12491649966599866,49449,0.04247787610619469,0.18670049117504184,0.1945561098464668,0.176054632634281
18157,"Tippecanoe County, Indiana",18,157,193302,0.0311430349548802,51926,0.0396334687114829,0.09797891725099331,0.2049073470527982,0.1137391232372143
18159,"Tipton County, Indiana",18,159,15154,0.08260931491240564,68707,0.03446979192780145,0.14824473420260784,0.2095816286129075,0.2069420615019137
18163,"Vanderburgh County, Indiana",18,163,181548,0.025047941475887212,51179,0.05032754385208809,0.15043605462686901,0.21618525128340715,0.16873223610284882
18165,"Vermillion County, Indiana",18,165,15485,0.0748136315228967,54361,0.08021244722865314,0.19663436354112102,0.2184049079754601,0.19857927026154343
18169,"Wabash County, Indiana",18,169,31198,0.04173139387092219,56573,0.04326255209366938,0.14921812880996554,0.20645554202192448,0.20809026219629465
48449,"Titus County, Texas",48,449,32709,0.1700168174901898,53406,0.05057593009400238,0.13678185678678031,0.2901036411996698,0.14188755388425203
48451,"Tom Green County, Texas",48,451,118645,0.06112534590550374,57670,0.04031329978185816,0.1428948526176859,0.23761641872813857,0.1550339247334485
48453,"Travis County, Texas",48,453,1250884,0.02960056590426786,80668,0.04310273413575209,0.08285430864770628,0.21636138922553969,0.09836723469162609
48455,"Trinity County, Texas",48,455,14689,0.31214891507875314,44052,0.07072135785007072,0.2584594222833563,0.20089863162911023,0.26727483150656955
48457,"Tyler County, Texas",48,457,21524,0.20994323383995606,47865,0.1439528831666895,0.243788490125292,0.1922040512915815,0.2200334510314068
48459,"Upshur County, Texas",48,459,41386,0.20627855218460817,54330,0.05951465905347535,0.18548682955462617,0.2392596530227613,0.18204223650509835
48461,"Upton County, Texas",48,461,3651,0.15109223300970873,59008,0.02982233502538071,0.08154745338157529,0.29033141605039714,0.14845247877293893
48463,"Uvalde County, Texas",48,463,26899,0.15883509022690728,45936,0.0494428394552208,0.19082582696237985,0.2669987731885944,0.1683705713967062
48467,"Van Zandt County, Texas",48,467,55970,0.22054573274396463,57203,0.04010365775946302,0.161391719054845,0.23119528318742183,0.2036626764338038
48469,"Victoria County, Texas",48,469,92044,0.11136753971661657,58959,0.05182406325815437,0.15348040453731868,0.2537156142714354,0.16130328973099822
48473,"Waller County, Texas",48,473,53626,0.20570205875549388,61752,0.05288839918148906,0.11155617115262231,0.24079737440793644,0.118114347517995
48475,"Ward County, Texas",48,475,11745,0.1623578076525336,61915,0.05757242390905757,0.1018041237113402,0.28497232865048955,0.13597275436355896
48479,"Webb County, Texas",48,479,274847,0.0943431930268589,50296,0.05669112730535172,0.11962790902324286,0.32882658351737515,0.09392498371821413
48481,"Wharton County, Texas",48,481,41672,0.10966322558808597,51770,0.05297042658989793,0.14175800246788126,0.26087060856210403,0.16975427145325397
48485,"Wichita County, Texas",48,485,132154,0.04453838470319635,49710,0.04566640305564436,0.16624374069562864,0.22538856182938088,0.14716921167728558
48487,"Wilbarger County, Texas",48,487,12717,0.06776674142902915,45121,0.06940401409529647,0.22905982905982905,0.22332311079657152,0.17338995046001415
48491,"Williamson County, Texas",48,491,570437,0.019797951381737258,90834,0.04959188680788419,0.1006625761680571,0.25584770973832344,0.12206781818149945
48493,"Wilson County, Texas",48,493,50110,0.2655578185109753,80082,0.04006015288859184,0.12848212660071615,0.24085012971462783,0.15803232887647176
48497,"Wise County, Texas",48,497,67884,0.2524742557198381,67726,0.04361109447073624,0.1558022922636103,0.2468033704554829,0.1511843733427612
48499,"Wood County, Texas",48,499,45054,0.165778151889263,56749,0.05149482778219848,0.20433014517118386,0.19196963643627646,0.26734585164469304
48503,"Young County, Texas",48,503,17961,0.09770904925544101,52158,0.029930837109468162,0.12806015717758806,0.24241411948109792,0.20511107399365291
48505,"Zapata County, Texas",48,505,14243,0.2702535559678417,32945,0.08319942867345118,0.17140644797972687,0.33391841606403144,0.1364880994172576
01039,"Covington County, Alabama",01,039,37096,0.2151208514654223,42566,0.0770375883885374,0.20229205984519022,0.21748975630795772,0.21180181151606642
01045,"Dale County, Alabama",01,045,49293,0.202021510949851,45644,0.09022952200463255,0.21207329752209322,0.22982979327693587,0.16900979855151846
01051,"Elmore County, Alabama",01,051,81526,0.15029709891646278,62324,0.04066781997418788,0.15600015702079217,0.22288595049432083,0.1550548291342639
01057,"Fayette County, Alabama",01,057,16406,0.1855645825974332,41469,0.07953568357695615,0.2462695770131952,0.2115689381933439,0.20888699256369622
01061,"Geneva County, Alabama",01,061,26383,0.2512983489651965,41569,0.036549047919862826,0.24579614662734134,0.21964901641208354,0.20335064245915932
01067,"Henry County, Alabama",01,067,17123,0.25937194393132673,51715,0.05452814794669568,0.18508599654823543,0.2076154879401974,0.22536938620568825
01073,"Jefferson County, Alabama",01,073,658615,0.02774062980652473,55088,0.0625335538708366,0.15424676230859474,0.2282866317955103,0.15840361971713368
01079,"Lawrence County, Alabama",01,079,32969,0.25807082762668754,47125,0.03759621077560687,0.22919087517583023,0.2164760835936789,0.18007825533076527
01083,"Limestone County, Alabama",01,083,96921,0.10675891725012404,64270,0.050949409705076984,0.15510760416999436,0.22503894924732515,0.15304216836392526
01089,"Madison County, Alabama",01,089,367686,0.041365021328458255,66887,0.044686668520957866,0.12980019486451946,0.2184363832182895,0.15001115081890526
01095,"Marshall County, Alabama",01,095,96137,0.12596837264208946,50216,0.03654790411919793,0.13923399790136412,0.24988297949800806,0.171598864120994
01101,"Montgomery County, Alabama",01,101,226451,0.04150842827636751,51963,0.06424861707223156,0.16358304066041493,0.23503539397043952,0.15034157499856482
01105,"Perry County, Alabama",01,105,9104,0.26749317083420887,23875,0.114540721457791,0.23469615728328866,0.21188488576449913,0.19518892794376097
01111,"Randolph County, Alabama",01,111,22732,0.23948299991767513,45141,0.04089422028353326,0.16923145347802881,0.2117719514341017,0.20640506774590886
01117,"Shelby County, Alabama",01,117,216350,0.0762402088772846,78889,0.03778059086775902,0.11956856128051907,0.23449965333949618,0.15358909174948002
01121,"Talladega County, Alabama",01,121,80244,0.2515714999605481,43969,0.07051969508130199,0.20902754385510325,0.21174168785205125,0.178268780220328
01127,"Walker County, Alabama",01,127,63802,0.2929444906844228,45833,0.073292017664304,0.24477531474962738,0.2217015140591204,0.193881069558948
01133,"Winston County, Alabama",01,133,23712,0.3094160583941606,40991,0.05425734630428242,0.22593766055831477,0.20403171390013494,0.2184126180836707
06005,"Amador County, California",06,005,39023,0.07393401293434178,65187,0.05636688032776052,0.17864997462358315,0.1527816928478077,0.2700202444712093
06009,"Calaveras County, California",06,009,45828,0.07502847380410023,67054,0.052105638829407566,0.2013827725911573,0.16623025224753427,0.280178057083006
06015,"Del Norte County, California",06,015,27692,0.19561194818926778,49981,0.06386674841610464,0.18520596249398943,0.21677740863787376,0.1778130868120757
06021,"Glenn County, California",06,021,28060,0.13425512934879572,51682,0.05672402804333971,0.15108535224450123,0.2669636493228795,0.16368496079828937
06027,"Inyo County, California",06,027,17930,0.24406138322472146,59296,0.03932785126921702,0.15305832147937412,0.20758505298382599,0.23268265476854433
06033,"Lake County, California",06,033,64276,0.22412042811149463,49254,0.10541076169464907,0.20180557084663658,0.21046735951210405,0.22846785736511296
06037,"Los Angeles County, California",06,037,10040682,0.015981560710041885,71358,0.06454826694230027,0.10085059455360712,0.21697320958875105,0.13645895766841337
06083,"Santa Barbara County, California",06,083,444895,0.042939548196363225,78925,0.057039352180707485,0.10114857439229745,0.22261207700693422,0.15289000775463873
06089,"Shasta County, California",06,089,179267,0.11861685862807053,57139,0.05908160280783855,0.1805925217342374,0.21570060301115096,0.20596651921435624
51033,"Caroline County, Virginia",51,033,30581,0.08602499594221717,67901,0.030105064655172414,0.12959960524460737,0.23154900101370132,0.16183251038226348
51041,"Chesterfield County, Virginia",51,041,348500,0.01266910999502285,84645,0.04699990885256097,0.11889155650689885,0.23812625538020085,0.149012912482066
51047,"Culpeper County, Virginia",51,047,51935,0.03085605780895617,80663,0.04007369875633349,0.13318833415719228,0.24413208818715704,0.15756233753730625
51053,"Dinwiddie County, Virginia",51,053,28686,0.13889830508474577,65485,0.0629239928007753,0.14551619397449936,0.20790629575402636,0.1763926654116991
51061,"Fauquier County, Virginia",51,061,70353,0.016873430807857037,105665,0.029349315988926816,0.09657320872274143,0.23249896948246698,0.1647406649325544
51067,"Franklin County, Virginia",51,067,56231,0.17568603914507686,56779,0.042979156871963645,0.15194744755495096,0.18950401024346,0.23463925592644627
51073,"Gloucester County, Virginia",51,073,37362,0.0932208460479866,71649,0.03640776699029126,0.16557154493619333,0.19870456613671644,0.19198651035811787
51079,"Greene County, Virginia",51,079,19734,0.10209923664122138,67266,0.04382809541840212,0.1362986416096415,0.2382689773994122,0.17376102158710854
51085,"Hanover County, Virginia",51,085,106538,0.021323336278325652,91444,0.03210197710718002,0.10520215963591478,0.21957423642268487,0.17823687322833168
51091,"Highland County, Virginia",51,091,2202,0.11888111888111888,51831,0.11366245694603903,0.22116257947320617,0.14032697547683923,0.38782924613987285
51143,"Pittsylvania County, Virginia",51,143,60867,0.2019732473199886,49520,0.05315099393768504,0.18116161107192044,0.18803292424466458,0.22598452363349597
51153,"Prince William County, Virginia",51,153,466834,0.010526806092505473,107707,0.04999486096945835,0.07893159813550495,0.2705415629538551,0.09898379295424069
51159,"Richmond County, Virginia",51,159,8951,0.12679606755734812,53298,0.024615384615384615,0.152766308835673,0.17070718355491007,0.21617696346776896
51165,"Rockingham County, Virginia",51,165,81138,0.08724813458905066,64496,0.03115812810255916,0.12011190473243133,0.22170869383026448,0.18897434001331065
51171,"Shenandoah County, Virginia",51,171,43441,0.04514885011522363,56114,0.040092272202998845,0.15894224077940153,0.21127506272875854,0.2149121797380355
51177,"Spotsylvania County, Virginia",51,177,134683,0.04218704917357075,90913,0.0601091347175962,0.11322997338755494,0.24830899222619038,0.1413318681645048
51183,"Sussex County, Virginia",51,183,11202,0.22203707560924807,51701,0.06842105263157895,0.1792514063176114,0.15399035886448847,0.1773790394572398
51191,"Washington County, Virginia",51,191,54005,0.15969844994038232,50928,0.042389758179231865,0.21080368906455862,0.180649939820387,0.2290898990834182
51197,"Wythe County, Virginia",51,197,28725,0.19497292042771838,51639,0.04233102864399605,0.18721988795518207,0.19745865970409052,0.211940818102698
51520,"Bristol city, Virginia",51,520,17059,0.015262795501491852,39679,0.06328336200540674,0.2300947867298578,0.20845301600328273,0.2154874259921449
51550,"Chesapeake city, Virginia",51,550,242647,0.022593695137775743,81261,0.052374083727678385,0.11358096570542205,0.2426693921622769,0.1322703350958388
51595,"Emporia city, Virginia",51,595,5408,0.027637212923316466,30058,0.16744366744366745,0.13914549653579678,0.3058431952662722,0.15939349112426035
51620,"Franklin city, Virginia",51,620,8015,0.01249024199843872,49811,0.09936742224565102,0.17408906882591094,0.25065502183406113,0.20573923892701185
51650,"Hampton city, Virginia",51,650,135169,0.014415163355224874,57041,0.061192532230600824,0.15798002667245603,0.21117268012636034,0.15283829872234017
51678,"Lexington city, Virginia",51,678,7205,0.004158004158004158,50714,0.033628318584070796,0.11387800783435927,0.08063844552394171,0.1428174878556558
51685,"Manassas Park city, Virginia",51,685,17548,0.0,81639,0.03109500190766883,0.08888128244623196,0.25877592888078416,0.08650558468201504
51710,"Norfolk city, Virginia",51,710,244300,0.0069287359132685295,53026,0.07993394035202374,0.13908961739921502,0.19611543184609087,0.11194842406876791
51735,"Poquoson city, Virginia",51,735,12121,0.010172306414780985,100696,0.017337258750408896,0.12217537942664418,0.21425624948436597,0.20064351126144708
51760,"Richmond city, Virginia",51,760,229233,0.005667294164272268,51421,0.06324389041481794,0.14480302869850684,0.17385367726287226,0.13148194195425614
53031,"Jefferson County, Washington",53,031,31825,0.12163456422262424,57693,0.06994313566206337,0.18450291455991755,0.1202827965435978,0.36446190102120973
53039,"Klickitat County, Washington",53,039,22055,0.1634669678147939,56667,0.06152750940709854,0.14877572343615136,0.1927000680117887,0.2365450011335298
53045,"Mason County, Washington",53,045,65326,0.1886987923277291,60565,0.06357514091208549,0.1937751316978897,0.1930777944463154,0.22935737684842175
53051,"Pend Oreille County, Washington",53,051,13588,0.18394809563859185,55021,0.06417910447761194,0.18889465490399585,0.18965263467765675,0.26302619958787166
53057,"Skagit County, Washington",53,057,127442,0.06843161441169432,71021,0.05123909365358458,0.1420102333946064,0.21768333830291425,0.20792988182859654
53063,"Spokane County, Washington",53,063,513402,0.0518766707279373,60101,0.05452632578154664,0.14296541284167044,0.22070229566694324,0.16187120424151055
53069,"Wahkiakum County, Washington",53,069,4318,0.14394961763382816,54524,0.055710306406685235,0.24117784529095584,0.174617878647522,0.32607688744789254
53075,"Whitman County, Washington",53,075,49577,0.06831767719897523,42288,0.08156084446904405,0.11783084133006025,0.14958549327309034,0.10692458196341045
54003,"Berkeley County, West Virginia",54,003,117615,0.11424008409816844,65286,0.05960800815705569,0.14204589188125924,0.23331207754112995,0.14771075117969648
54009,"Brooke County, West Virginia",54,009,22162,0.09129708665800705,48168,0.03814767476157703,0.17281190106781052,0.1755707968594892,0.23350780615467917
54017,"Doddridge County, West Virginia",54,017,8499,0.1826309067688378,51300,0.041910631741140215,0.17297930495900038,0.15648899870573008,0.21061301329568186
54023,"Grant County, West Virginia",54,023,11565,0.16892193308550185,43313,0.06587615283267458,0.16991181349864665,0.1845222654561176,0.24366623432771292
54029,"Hancock County, West Virginia",54,029,29118,0.09135957565605807,48140,0.08155367636519995,0.17005551700208188,0.18988254687821965,0.23181537193488563
54035,"Jackson County, West Virginia",54,035,28793,0.20280659849219976,49115,0.034150297350874034,0.19730267985045946,0.2173444934532699,0.20192407876914528
54041,"Lewis County, West Virginia",54,041,16024,0.18956870611835505,43894,0.0655100209392761,0.18440436880873762,0.21480279580629055,0.20537943085371943
54047,"McDowell County, West Virginia",54,047,18083,0.24602038991235914,26072,0.15004703668861713,0.30766928096749085,0.20538627440137144,0.21528507437925123
54053,"Mason County, West Virginia",54,053,26700,0.23251013074394067,51820,0.02895238095238095,0.1794911215312476,0.20647940074906368,0.2089513108614232
54059,"Mingo County, West Virginia",54,059,23808,0.32945104433574035,35454,0.14015728056823948,0.33022844137233415,0.22248823924731181,0.18930611559139784
54065,"Morgan County, West Virginia",54,065,17800,0.12644942023190725,57116,0.06225273446590645,0.1513556347993434,0.17803370786516853,0.23337078651685395
55001,"Adams County, Wisconsin",55,001,20208,0.20517715761693525,48906,0.05847397195150939,0.21216407355021216,0.14657561361836896,0.29438836104513066
55007,"Bayfield County, Wisconsin",55,007,15088,0.06781308411214954,57257,0.039640375970576215,0.1719855788489785,0.17298515376458112,0.2798913043478261
55013,"Burnett County, Wisconsin",55,013,15363,0.08903061224489796,53555,0.05624459186616671,0.17832099089062192,0.17561674152183818,0.2868580355399336
55019,"Clark County, Wisconsin",55,019,34668,0.06828787380874138,54463,0.03011611030478955,0.11760404784884912,0.29551748009691936,0.1648205838236991
55025,"Dane County, Wisconsin",55,025,542459,0.008662077374450681,75179,0.024675610985134794,0.08812491759991532,0.20365963141914872,0.13722511747431604
55031,"Douglas County, Wisconsin",55,031,43497,0.05575377208442591,56855,0.040068538289178855,0.14773653922322405,0.19741591374117756,0.18573694737568108
55037,"Florence County, Wisconsin",55,037,4312,0.11372064276885044,50821,0.05693069306930693,0.1807511737089202,0.15445269016697588,0.2634508348794063
55043,"Grant County, Wisconsin",55,043,51570,0.059602649006622516,54144,0.029917726252804786,0.11187563205171422,0.20748497188287765,0.17225130890052356
55049,"Iowa County, Wisconsin",55,049,23632,0.03517909356725146,68714,0.02089983280133759,0.1109786219231752,0.22672647257955314,0.1854265402843602
55055,"Jefferson County, Wisconsin",55,055,84837,0.043710080533185224,67167,0.03262257004750047,0.11307060093217425,0.21082782276601011,0.17088062991383476
19155,"Pottawattamie County, Iowa",19,155,93478,0.045563549160671464,59901,0.04227642276422764,0.14587388088750486,0.23391600162605106,0.17490746485804146
19159,"Ringgold County, Iowa",19,159,4922,0.0524904214559387,55970,0.030357142857142857,0.13364446330080612,0.24380333197887039,0.2383177570093458
19161,"Sac County, Iowa",19,161,9711,0.021304186735828085,57446,0.02776125322228832,0.10216912920465263,0.222840078261765,0.23457934301307795
19165,"Shelby County, Iowa",19,165,11544,0.014909286869049758,60139,0.03457837220681781,0.1171957671957672,0.2195079695079695,0.23076923076923078
19167,"Sioux County, Iowa",19,167,34900,0.028702993092862623,73260,0.021919800540203614,0.09200765039990727,0.27131805157593125,0.15538681948424068
19171,"Tama County, Iowa",19,171,16962,0.04160246533127889,54749,0.039809102549179375,0.10680722891566265,0.24478245489918643,0.19779507133592736
19175,"Union County, Iowa",19,175,12303,0.04194037392622536,50375,0.04757249918540241,0.1499055906740005,0.2242542469316427,0.20287734698853938
19177,"Van Buren County, Iowa",19,177,7104,0.08587105624142662,49898,0.047109207708779445,0.15739426625035483,0.23043355855855857,0.2245213963963964
19181,"Warren County, Iowa",19,181,50867,0.0375614552605703,80309,0.033062000215154014,0.10639397372448473,0.24640729746200876,0.1582165254487192
19183,"Washington County, Iowa",19,183,22100,0.04469673724046231,63532,0.028152393796358734,0.11616045581951018,0.24751131221719458,0.18990950226244344
19187,"Webster County, Iowa",19,187,36348,0.02749765478424015,51909,0.03139217470427662,0.14690116767594819,0.2120886981402003,0.18465940354352373
19191,"Winneshiek County, Iowa",19,191,20090,0.03219360568383659,63162,0.020842231143760142,0.11817173956863536,0.18442010950721752,0.20642110502737682
19193,"Woodbury County, Iowa",19,193,102687,0.040584147921328466,60768,0.04663908045977012,0.12076225331050902,0.26066590707684517,0.15047669130464422
19197,"Wright County, Iowa",19,197,12644,0.012771195568549007,51221,0.027701778385772913,0.13603206412825652,0.2413793103448276,0.22208161974058843
24001,"Allegany County, Maryland",24,001,71002,0.03247722633519179,49449,0.07459521324940249,0.18791370433929885,0.17330497732458242,0.2016703754823808
24005,"Baltimore County, Maryland",24,005,828193,0.008045500325848687,78724,0.050371920247284034,0.11515007378678668,0.2162370365361697,0.17203115698876953
24011,"Caroline County, Maryland",24,011,33260,0.053133015756687434,59042,0.04863905325443787,0.1460291389117012,0.2360192423331329,0.16470234515935056
24013,"Carroll County, Maryland",24,013,168233,0.011839979926921448,99569,0.03442840096771722,0.12029355456285896,0.2176861852311972,0.16861733429232076
24017,"Charles County, Maryland",24,017,161448,0.009358769150360957,103678,0.04373598769851983,0.09920147808810316,0.23999677914870424,0.1246407512016253
24019,"Dorchester County, Maryland",24,019,31994,0.05897099200190999,52799,0.07252774974772956,0.1731603101756607,0.21047696443083078,0.2134775270363193
24023,"Garrett County, Maryland",24,023,29155,0.07936998147004323,54542,0.041528697571743926,0.17604995116506209,0.18559423769507802,0.22387240610529927
24025,"Harford County, Maryland",24,025,253736,0.027369442903558125,94003,0.04153291844087782,0.10919471584529754,0.22294432008071383,0.16175079610303622
24029,"Kent County, Maryland",24,029,19456,0.01899504070365865,60208,0.03314520266803489,0.13380540257015475,0.15650699013157895,0.2634148848684211
24033,"Prince George's County, Maryland",24,033,910551,0.004401821732200582,86994,0.06379823968812244,0.09678640447871217,0.222840895238158,0.1331150039920883
24035,"Queen Anne's County, Maryland",24,035,50163,0.028788091560174135,96467,0.031238210216554742,0.10597306383749723,0.2143611825449036,0.19123656878575843
24039,"Somerset County, Maryland",24,039,25699,0.09349947716974556,44980,0.09227053140096618,0.1604370060437006,0.17082376746176894,0.1662710611307833
24041,"Talbot County, Maryland",24,041,37087,0.021429982223977878,73102,0.029217137729923733,0.1508646555016093,0.1832448027610753,0.29198910669506833
24043,"Washington County, Maryland",24,043,150575,0.03214813131886857,63510,0.05486616334934798,0.1552331839511471,0.2179179810725552,0.17185455752947038
24045,"Wicomico County, Maryland",24,045,103222,0.040916800150758506,60366,0.07898597827096294,0.1280764026435001,0.219061827904904,0.15776675514909613
24047,"Worcester County, Maryland",24,047,51967,0.06095423563777994,65396,0.058901184236070665,0.151845555620689,0.17193603633074836,0.2765793676756403
24510,"Baltimore city, Maryland",24,510,602274,0.0008811441946546186,52164,0.07555763971326071,0.15524978824369404,0.20462613362024593,0.1403995523632101
26001,"Alcona County, Michigan",26,001,10396,0.11159678858162356,43341,0.060671140939597315,0.24253007372914243,0.12774143901500576,0.36225471335128895
26003,"Alger County, Michigan",26,003,9098,0.06528234239617568,45184,0.047028916428344454,0.194098036794666,0.1515717740162673,0.2526928995383601
26005,"Allegan County, Michigan",26,005,117104,0.11411999767220811,65071,0.03396509336913501,0.10186746987951807,0.24172530400327913,0.16504133078289385
26007,"Alpena County, Michigan",26,007,28431,0.0659525440617799,42603,0.07479601087941977,0.19127863479283194,0.1873307305406071,0.23228166438042983
26009,"Antrim County, Michigan",26,009,23301,0.07643066055957176,57256,0.04242311967395332,0.1607953317484331,0.18046435775288613,0.27243465945667567
26011,"Arenac County, Michigan",26,011,15013,0.1370404132482528,45679,0.06756131420638593,0.19165378670788252,0.18104309598348098,0.24918404049823487
26013,"Baraga County, Michigan",26,013,8337,0.08411742566804667,46581,0.04112209116990755,0.18324534592942485,0.17656231258246372,0.2263404102195034
26015,"Barry County, Michigan",26,015,61045,0.0818787115350009,65557,0.05313675044528003,0.1262543872658065,0.22098451961667623,0.18361864198542058
26017,"Bay County, Michigan",26,017,103506,0.05084815887463798,48290,0.05924531325108156,0.1525422077605775,0.20194964543118274,0.2023457577338512
26019,"Benzie County, Michigan",26,019,17703,0.0614014157321244,64257,0.04892785215021917,0.1498401096391046,0.18109924871490707,0.2626673445178783
26021,"Berrien County, Michigan",26,021,153797,0.0454890849378582,52500,0.06169879184727474,0.15336776710723568,0.21780008712783736,0.19796224893853587
26023,"Branch County, Michigan",26,023,43428,0.136637354234372,52782,0.051626808991070514,0.13941854563909228,0.2328681956341531,0.1837984710325136
26025,"Calhoun County, Michigan",26,025,133943,0.06380462809374435,50219,0.06389471378047636,0.14867960475085243,0.2285375122253496,0.17714998170863724
26027,"Cass County, Michigan",26,027,51613,0.08104218738165568,57514,0.0579476068544416,0.17782438967546466,0.2072539863987755,0.2076996105632302
26029,"Charlevoix County, Michigan",26,029,26197,0.07024164929871007,60433,0.04822412737293325,0.15283236994219654,0.18929648433026683,0.24155437645531933
26033,"Chippewa County, Michigan",26,033,37418,0.09350274597412268,50454,0.08993478877232776,0.1752978852312397,0.18175744294189963,0.1819979688919771
26035,"Clare County, Michigan",26,035,30655,0.1741285030758715,41163,0.10034235409194653,0.22649347224053804,0.19836894470722558,0.2368292285108465
26039,"Crawford County, Michigan",26,039,13904,0.10663464959089292,49987,0.07424987285980675,0.2172642956255021,0.18426352128883774,0.2525891829689298
26041,"Delta County, Michigan",26,041,35874,0.08065306922926065,47008,0.05113491456261158,0.19293845807033363,0.19771979706751408,0.2401739421307911
26045,"Eaton County, Michigan",26,045,109730,0.04766302180619976,67440,0.04601897908067873,0.16474937619257302,0.20873052036817644,0.18413378292171695
26049,"Genesee County, Michigan",26,049,406770,0.056282226364736246,50269,0.08936870179024865,0.17664723197801302,0.22570986060918946,0.17438601666789585
26051,"Gladwin County, Michigan",26,051,25312,0.1473666629551275,45957,0.0621929549493049,0.20840456406790442,0.18994943109987358,0.267659608091024
26055,"Grand Traverse County, Michigan",26,055,92640,0.06969792322215229,66457,0.038033735332464146,0.12407793939261477,0.20172711571675303,0.1981541450777202
26057,"Gratiot County, Michigan",26,057,40692,0.08474680056334578,49795,0.04805150017243361,0.15010164276688093,0.19745895999213606,0.173326452373931
26061,"Houghton County, Michigan",26,061,35890,0.04465895831123369,44839,0.05862708719851577,0.11493151457076828,0.20189467818333798,0.17227640011145165
26063,"Huron County, Michigan",26,063,31105,0.0711533038819438,49541,0.05056609015767174,0.15821138211382113,0.19157691689438996,0.2534319241279537
26067,"Ionia County, Michigan",26,067,64401,0.11369251613931618,60139,0.05103284577880421,0.12130260027889427,0.22294684865141845,0.14819645657676123
26071,"Iron County, Michigan",26,071,11099,0.05213574563751204,44183,0.05162565905096661,0.1949912207744201,0.16370844220200018,0.30155869898189025
18171,"Warren County, Indiana",18,171,8219,0.04441489361702128,65614,0.031704410011918954,0.1690452755905512,0.21511132741209393,0.2084195157561747
18175,"Washington County, Indiana",18,175,27942,0.17865745945077888,50459,0.04159392789373814,0.17301575827670956,0.22901009233412067,0.17035287381003508
18177,"Wayne County, Indiana",18,177,66176,0.03278636392545952,47756,0.044538077403245946,0.17562225927984682,0.22086557059961315,0.18982712765957446
18181,"White County, Indiana",18,181,24163,0.11457462175929446,53865,0.04471403812824957,0.16877407469435604,0.23324918263460662,0.19836113065430616
18183,"Whitley County, Indiana",18,183,33899,0.059754543625511365,64992,0.04434490481522956,0.14170197529390702,0.23033127820879673,0.17867783710433935
25003,"Berkshire County, Massachusetts",25,003,125927,0.020029212280727127,62166,0.051369966468295926,0.15464433659832524,0.1690582639148078,0.2324759582932969
25005,"Bristol County, Massachusetts",25,005,563301,0.01437449956152057,71450,0.05433742930368504,0.14349515991039064,0.20691069250720306,0.16953280750433605
25009,"Essex County, Massachusetts",25,009,787038,0.005933952528379773,82225,0.051989657622873595,0.120164880165803,0.21281056314942862,0.17099555548779094
25011,"Franklin County, Massachusetts",25,011,70529,0.02119189790422667,61198,0.05419371591794339,0.16302027365857152,0.17340384806249912,0.21978193367267365
25015,"Hampshire County, Massachusetts",25,015,161361,0.012212621268365724,73518,0.056215048439908634,0.11095282724148703,0.14525814787959915,0.17265014470658957
25017,"Middlesex County, Massachusetts",25,017,1605899,0.0032435230898299958,106202,0.0418331374853114,0.094505834267587,0.19798318574206722,0.15289442237650064
25021,"Norfolk County, Massachusetts",25,021,703740,0.003504889713755443,105320,0.0446400941553665,0.09472727847755522,0.20931309858754654,0.16848409924119703
25023,"Plymouth County, Massachusetts",25,023,518597,0.024007959395547354,92906,0.05085049679701289,0.11295298496957942,0.21467922105218504,0.18120235944288146
25025,"Suffolk County, Massachusetts",25,025,801162,0.002321008349182812,74881,0.0683216349037642,0.11935793920576492,0.1655582766032338,0.12006435652215157
25027,"Worcester County, Massachusetts",25,027,826655,0.007809041015294191,77155,0.04843762605211498,0.12216540002797484,0.21109531787747005,0.1566784208648106
39001,"Adams County, Ohio",39,001,27685,0.2293663060278207,40067,0.06602587136183974,0.2128133094968806,0.2394798627415568,0.17901390644753476
39003,"Allen County, Ohio",39,003,102808,0.041838408013118826,51892,0.056378177211180616,0.16729336431912709,0.2311493269006303,0.1766302233289238
39005,"Ashland County, Ohio",39,005,53533,0.05478288090872501,55422,0.03783158601649069,0.13719155046668935,0.22432891861095025,0.18594138195131973
39007,"Ashtabula County, Ohio",39,007,97416,0.07939598476981655,47925,0.07159137530200119,0.16386665679879048,0.22086720867208673,0.191816539377515
39009,"Athens County, Ohio",39,009,65945,0.15037847560518625,42414,0.058420589098737645,0.16594844111828486,0.1451967548714838,0.12910758965804836
39011,"Auglaize County, Ohio",39,011,45709,0.04215784215784216,66193,0.03292489789113945,0.11665338292596529,0.24117788619309108,0.18258986195278828
39013,"Belmont County, Ohio",39,013,67424,0.07980870753369355,51574,0.05608634688753383,0.15962515133885752,0.18836022781205505,0.20774501661129569
39015,"Brown County, Ohio",39,015,43508,0.15306323138951716,57200,0.043516917757470984,0.17088563377657717,0.22807299806932058,0.18463271122552175
39017,"Butler County, Ohio",39,017,382129,0.025453997339257746,69023,0.04932786102107593,0.11917058750492031,0.23470346401346143,0.1478218088655925
39019,"Carroll County, Ohio",39,019,27195,0.13040287664196082,52574,0.03697762091922676,0.1674283803366403,0.20562603419746278,0.2126126126126126
39021,"Champaign County, Ohio",39,021,38861,0.07293152639087018,59909,0.05807594145528413,0.1617574289658046,0.2231028537608399,0.18414348575692854
39023,"Clark County, Ohio",39,023,134409,0.0382487802490087,51504,0.06811203416512103,0.16657748973209238,0.2247766146612206,0.1940048657455974
39025,"Clermont County, Ohio",39,025,205616,0.05504674908534398,69720,0.042294246717988766,0.14142522071677252,0.23033713329701969,0.16334818302077658
39027,"Clinton County, Ohio",39,027,42000,0.06492721779730844,54683,0.05603303404234888,0.16796659387074322,0.2310952380952381,0.16935714285714284
39029,"Columbiana County, Ohio",39,029,102514,0.08493589743589744,49407,0.059671713016290935,0.16573942949625733,0.20308445675712586,0.20297715433989505
39031,"Coshocton County, Ohio",39,031,36558,0.14263122681102122,48552,0.061179287638431605,0.15829784880827297,0.23428524536353193,0.19257070955741562
39033,"Crawford County, Ohio",39,033,41603,0.039312652979669314,46391,0.054723357038382006,0.1734204049806282,0.21822945460663895,0.20661971492440448
39035,"Cuyahoga County, Ohio",39,035,1241475,0.0056021819535606475,51741,0.0744616525839741,0.1474558459166594,0.20758130449666726,0.18165730280513098
39039,"Defiance County, Ohio",39,039,38024,0.04629574531389467,62110,0.04412207609677743,0.11948402818244425,0.22909215232484748,0.18617189143698717
39041,"Delaware County, Ohio",39,041,205454,0.020085104105336402,111411,0.02541060943325364,0.08196841539138512,0.2632122032182386,0.13723266521946517
39045,"Fairfield County, Ohio",39,045,156204,0.022300907953936362,70906,0.038939361119251795,0.1339036916671561,0.23988502215052113,0.15755678471742082
39047,"Fayette County, Ohio",39,047,28609,0.0449683816066828,48637,0.04940923737916219,0.2012511928745626,0.23576496906567862,0.17497990142962005
39051,"Fulton County, Ohio",39,051,42186,0.06312556869881711,61290,0.044176329749777005,0.1374614040546686,0.23583653344711517,0.18046271274830514
39053,"Gallia County, Ohio",39,053,29995,0.2367115011148673,48975,0.04491597614806784,0.2039858132072285,0.2297382897149525,0.18686447741290216
39057,"Greene County, Ohio",39,057,167867,0.011921577490253688,70055,0.05102816137007779,0.13082835183603758,0.2060202422155635,0.17077209934054938
39059,"Guernsey County, Ohio",39,059,38996,0.13685952122434208,46352,0.05008450704225352,0.16873089081204332,0.22017642835162582,0.19443019796902247
39063,"Hancock County, Ohio",39,063,75765,0.06267259672683934,57384,0.03678760412183204,0.12032906861828574,0.2218174618887349,0.17193954992410743
39065,"Hardin County, Ohio",39,065,31393,0.10359951603145795,50214,0.050735633700600385,0.1495818245906367,0.22447679418978753,0.16022680215334628
39069,"Henry County, Ohio",39,069,27068,0.08211046990931574,60425,0.04513888888888889,0.12487332507600496,0.23259937934091918,0.1847938525195803
39073,"Hocking County, Ohio",39,073,28306,0.17518791396889186,54774,0.03807332640641235,0.1723754528173308,0.21772769024235145,0.1886525824913446
39075,"Holmes County, Ohio",39,075,43954,0.06422423306113441,64453,0.023272869505695987,0.08366173675181975,0.3123947763571006,0.13734813668835602
39079,"Jackson County, Ohio",39,079,32440,0.18405525010057663,48915,0.06902097433491926,0.19451192923441102,0.23671393341553637,0.17133168927250308
39081,"Jefferson County, Ohio",39,081,65943,0.06228427021696253,46849,0.056098540634623106,0.178235591894338,0.19204464461732101,0.2149432085285777
39085,"Lake County, Ohio",39,085,229755,0.017323567027089874,65814,0.047865890873580993,0.137938604193741,0.2002829100563644,0.1996387456203347
39087,"Lawrence County, Ohio",39,087,59901,0.16987435543612464,46584,0.04976665751598102,0.23037628970260976,0.22014657518238426,0.1861738535249829
39091,"Logan County, Ohio",39,091,45315,0.09373134328358208,60417,0.04472111106117129,0.12241579041169132,0.23115966015668102,0.18066865276398544
39093,"Lorain County, Ohio",39,093,309134,0.02394229603588314,58798,0.048931927465770325,0.1407904080857459,0.22005667445185584,0.18353529537352734
39097,"Madison County, Ohio",39,097,44248,0.05067211794585889,68663,0.038419913419913417,0.15917043393865093,0.2045742180437534,0.15437985897667691
39101,"Marion County, Ohio",39,101,65179,0.04333165937298228,49225,0.060668344023530246,0.178099401979999,0.21051258841037757,0.17714294481351356
39103,"Medina County, Ohio",39,103,179116,0.010008500370177411,77784,0.028553221230933686,0.11320447083164666,0.2232575537640412,0.17871658589964046
39107,"Mercer County, Ohio",39,107,41034,0.061865902073224524,65566,0.024971467701438026,0.10426878833411336,0.2571526051566993,0.17678023102792806
39109,"Miami County, Ohio",39,109,106074,0.018718745776456276,62347,0.04169224758609142,0.1323869640969981,0.23067858287610535,0.18687897128419784
39113,"Montgomery County, Ohio",39,113,531988,0.013462466314414489,53064,0.06263960119882234,0.15396390112462616,0.22133393986330518,0.17912434115055226
39115,"Morgan County, Ohio",39,115,14557,0.2182158452900811,43791,0.03985742060920285,0.22018923055516906,0.20883423782372743,0.21659682626914886
39119,"Muskingum County, Ohio",39,119,86033,0.08545454545454545,48350,0.052985495864726236,0.15667261457550713,0.2270524101216975,0.17608359582950728
06093,"Siskiyou County, California",06,093,43516,0.11754973735368325,47403,0.073931480861511,0.18633797949544983,0.20222446916076844,0.25238992554462725
06099,"Stanislaus County, California",06,099,546235,0.044759903204034265,62873,0.08822809786898185,0.13043158076904665,0.27126969161624576,0.13040175016247585
06105,"Trinity County, California",06,105,12541,0.19921304103428894,41780,0.09045553145336226,0.17660401814646792,0.17231480743162428,0.27964277170879515
06111,"Ventura County, California",06,111,845599,0.03883907748121275,89295,0.051023398222002775,0.11038710778236627,0.22924222947283523,0.15571446986100976
05001,"Arkansas County, Arkansas",05,001,17761,0.12322274881516587,51000,0.04756756756756757,0.21581830632275736,0.22892855132030854,0.1917684815044198
05007,"Benton County, Arkansas",05,007,273510,0.04535264067036642,71556,0.025729201800824157,0.1024662209375023,0.26276552959672406,0.13467149281561916
05011,"Bradley County, Arkansas",05,011,10805,0.1674114816088003,41808,0.056818181818181816,0.20864451082897684,0.24211013419713096,0.1841739935215178
05017,"Chicot County, Arkansas",05,017,10433,0.1619082703997053,33523,0.10839445802770986,0.25530823674222997,0.22083772644493435,0.20808971532636825
05023,"Cleburne County, Arkansas",05,023,25063,0.21805116768878152,45563,0.05105417415146072,0.2012278859358591,0.18992139807684635,0.2683238239636117
05029,"Conway County, Arkansas",05,029,20895,0.18049077266274588,44456,0.07327630629702155,0.25177816224529026,0.22814070351758794,0.191816223977028
05033,"Crawford County, Arkansas",05,033,63118,0.11861388342670574,48980,0.04768202189405628,0.1927716633825155,0.2449380525365189,0.1678126683354986
05039,"Dallas County, Arkansas",05,039,7114,0.23630924988495167,35134,0.06990679094540612,0.2452149356761845,0.21310092774810233,0.2303907787461344
05045,"Faulkner County, Arkansas",05,045,124800,0.11703081120914577,54191,0.03560187223771548,0.14561203075751314,0.23096153846153847,0.12487179487179487
05051,"Garland County, Arkansas",05,051,99043,0.13446070545768432,48150,0.0631216262777076,0.21630520363610337,0.20085215512454185,0.23723029391274497
05055,"Greene County, Arkansas",05,055,45197,0.12395100338806359,50083,0.07450718342799867,0.21451273557455572,0.24406487156227183,0.15994424408699692
05061,"Howard County, Arkansas",05,061,13267,0.17410071942446043,38038,0.06572295247724974,0.18627376135582868,0.2603452174568478,0.17894022763247155
05067,"Jackson County, Arkansas",05,067,16908,0.12345516697344201,37885,0.10586552217453506,0.23065091239600083,0.1994322214336409,0.17867281760113557
05073,"Lafayette County, Arkansas",05,073,6728,0.27332726445152483,33763,0.06719941881583727,0.24265374129051803,0.1901010701545779,0.23677170035671818
05077,"Lee County, Arkansas",05,077,8963,0.10247592847317744,27902,0.13806327900287632,0.23499932276852228,0.18252817137119268,0.19323887091375655
05083,"Logan County, Arkansas",05,083,21619,0.11176644057800059,44232,0.06138427810836204,0.23710085213971346,0.2168000370044868,0.20037929598963874
05089,"Marion County, Arkansas",05,089,16586,0.18845589775822333,38426,0.06002360478839993,0.26370424330723,0.18123718798987098,0.2804172193416134
05093,"Mississippi County, Arkansas",05,093,41396,0.06562317713396851,42986,0.0891260162601626,0.18409918331201416,0.2622475601507392,0.14709150642574162
05141,"Van Buren County, Arkansas",05,141,16578,0.21960262382355739,40442,0.07088244663905703,0.2619860924728559,0.19296658221739654,0.2587766920014477
05147,"Woodruff County, Arkansas",05,147,6477,0.12815884476534295,40331,0.05787348586810229,0.201413982717989,0.21445113478462252,0.23683804230353558
09001,"Fairfield County, Connecticut",09,001,944306,0.0034381519999786285,97539,0.0656861496252021,0.09813336124196248,0.22465599074876152,0.15900248436417855
09007,"Middlesex County, Connecticut",09,007,162742,0.011249329618438436,84907,0.043451592056694084,0.10960932930092472,0.17661083186884763,0.2035553206916469
09013,"Tolland County, Connecticut",09,013,150947,0.014234045035585112,87809,0.048890784982935157,0.10031926501690623,0.17340523495001556,0.15816147389481075
02013,"Aleutians East Borough, Alaska",02,013,3389,0.057547956630525435,75833,0.035625517812758904,0.10667848699763594,0.13071702567128946,0.11242254352316318
02050,"Bethel Census Area, Alaska",02,050,18263,0.03582683695471886,54400,0.1750358680057389,0.11390787353447797,0.3563489021518918,0.07386519191808574
02066,"Copper River Census Area, Alaska",02,066,2894,0.0678842177808408,64745,0.056393963463065924,0.16255644320944773,0.27816171389080857,0.12301313061506565
02090,"Fairbanks North Star Borough, Alaska",02,090,98455,0.039078382651908744,76464,0.07115751514770322,0.11062068359739562,0.2408003656492814,0.10429130059418008
02110,"Juneau City and Borough, Alaska",02,110,32099,0.06721287703016242,88077,0.04427052914379161,0.11595221363316936,0.2135580547680613,0.13632823452444
02150,"Kodiak Island Borough, Alaska",02,150,13383,0.04532110091743119,79173,0.06178456119753449,0.09502982107355865,0.25211088694612566,0.1053575431517597
02164,"Lake and Peninsula Borough, Alaska",02,164,1156,0.0069881201956673656,48750,0.18253968253968253,0.16003460207612458,0.2560553633217993,0.10553633217993079
02185,"North Slope Borough, Alaska",02,185,9375,0.005424254165052305,79083,0.09801185908615277,0.10537565459014642,0.26496,0.07178666666666667
02198,"Prince of Wales-Hyder Census Area, Alaska",02,198,6338,0.16434782608695653,54018,0.09689922480620156,0.22893657305143578,0.22940990848848217,0.1735563269170085
02240,"Southeast Fairbanks Census Area, Alaska",02,240,6911,0.054717463564305804,66941,0.10524579346750247,0.19410643600645067,0.26580813196353636,0.1418029228765736
08001,"Adams County, Colorado",08,001,509844,0.06141640576802219,73817,0.04069315697222674,0.10856980277638374,0.2653890209554295,0.10454570417617938
08005,"Arapahoe County, Colorado",08,005,649980,0.008926770423398659,80291,0.04356606881906399,0.09649317837291561,0.23511492661312655,0.13141635127234685
08011,"Bent County, Colorado",08,011,5677,0.1304155614500442,38083,0.04404761904761905,0.21303258145363407,0.15166461159062886,0.19147437026598554
08015,"Chaffee County, Colorado",08,015,19977,0.0990289483327226,55176,0.0225595614589922,0.14832355632097305,0.15037292886819842,0.2521399609550984
08019,"Clear Creek County, Colorado",08,019,9533,0.045953002610966055,71919,0.04064337599446558,0.12956669498725573,0.16007552711633274,0.20151054232665477
08025,"Crowley County, Colorado",08,025,5733,0.20162297128589263,40785,0.11623143881208398,0.2371497904257666,0.1432060003488575,0.1463457177742892
08031,"Denver County, Colorado",08,031,715878,0.003957305505944121,72661,0.04341347877118138,0.09709481953392571,0.19392969193074797,0.11762199704418909
08079,"Mineral County, Colorado",08,079,853,0.08175182481751825,53571,0.056016597510373446,0.10638297872340426,0.15123094958968347,0.20164126611957797
08085,"Montrose County, Colorado",08,085,42280,0.18699563094320226,54611,0.053257790368271954,0.1450139528227634,0.213197729422895,0.23829233680227058
08089,"Otero County, Colorado",08,089,18284,0.07838745800671892,43075,0.059158284806776075,0.2016788159929313,0.23960840078757384,0.2025814920148764
08095,"Phillips County, Colorado",08,095,4343,0.08640776699029126,50426,0.006795608991113434,0.10853258321612752,0.2719318443472254,0.16071839742113747
08101,"Pueblo County, Colorado",08,101,167412,0.05612760226698838,49979,0.0689365671641791,0.18707613563659628,0.22450600912718324,0.18574534680906984
08107,"Routt County, Colorado",08,107,25317,0.05778406078812511,76198,0.03906721168665818,0.0676432059068715,0.17743018525101711,0.15519216336848757
08111,"San Juan County, Colorado",08,111,646,0.05858854860186418,56875,0.05555555555555555,0.06191950464396285,0.18421052631578946,0.23219814241486067
08117,"Summit County, Colorado",08,117,30735,0.006900314525964439,80709,0.030925272212002187,0.06426986819783374,0.1663250366032211,0.13616398243045388
08123,"Weld County, Colorado",08,123,315389,0.07240390781185169,74332,0.050538530307914054,0.10857584901800327,0.2607383263208292,0.12151660330575892
10001,"Kent County, Delaware",10,001,179124,0.12046857252336704,60117,0.06172373971860196,0.16097018119560566,0.22958955807150355,0.17119425649270897
30001,"Beaverhead County, Montana",30,001,9454,0.16881178884536466,45819,0.03324808184143223,0.17480636833046473,0.17220224243706367,0.22276285170298288
30007,"Broadwater County, Montana",30,007,6080,0.12153284671532846,57723,0.10127016821146584,0.1681592039800995,0.19144736842105264,0.23470394736842104
30013,"Cascade County, Montana",30,013,81576,0.08320516764072593,52049,0.03692171972704393,0.1497712343122971,0.2250539374325782,0.1861454349318427
30017,"Custer County, Montana",30,017,11563,0.12094084605932948,54891,0.03383399209486166,0.20054558254135868,0.21049900544841305,0.1997751448586007
55061,"Kewaunee County, Wisconsin",55,061,20398,0.05539080703240839,68474,0.019796585543043952,0.1255979091671187,0.2119815668202765,0.20639278360623592
55067,"Langlade County, Wisconsin",55,067,19167,0.0719042333914698,52074,0.04794816414686825,0.16390937829293994,0.19392706213804978,0.23848280899462618
55073,"Marathon County, Wisconsin",55,073,135485,0.029849244545805176,63029,0.029647501431258688,0.11804646596858638,0.2287116654980256,0.17534782448241504
55078,"Menominee County, Wisconsin",55,078,4566,0.05269814502529511,47188,0.10388821385176185,0.1661897424609289,0.32566798072711345,0.13162505475251862
55085,"Oneida County, Wisconsin",55,085,35480,0.059923175416133165,58156,0.02226684779398736,0.14516313680595305,0.17333709131905298,0.259075535512965
55091,"Pepin County, Wisconsin",55,091,7261,0.04036846383094012,58750,0.024274406332453827,0.12910406232609906,0.20754716981132076,0.22297204241839966
55097,"Portage County, Wisconsin",55,097,70822,0.044530773429222716,60316,0.032512188863228125,0.11284973212007823,0.19217192397842478,0.16645957470842393
55103,"Richland County, Wisconsin",55,103,17408,0.07446099133140698,52052,0.021248499399759903,0.13498495021995832,0.21559053308823528,0.2309857536764706
55109,"St. Croix County, Wisconsin",55,109,89702,0.026289709849694434,84985,0.020644521566683192,0.08970267658493832,0.24827763037613432,0.14053198367929365
56017,"Hot Springs County, Wyoming",56,017,4550,0.15903067020068157,53398,0.029022620571916347,0.17402945113788487,0.19428571428571428,0.27274725274725276
56025,"Natrona County, Wyoming",56,025,80067,0.10344456404736276,62168,0.04305568381198633,0.14647366488102023,0.2405235615172293,0.15113592366393147
56031,"Platte County, Wyoming",56,031,8572,0.1365783528445266,57784,0.02096236303001429,0.17293588833688195,0.17942137190853943,0.24346710219318712
56037,"Sweetwater County, Wyoming",56,037,43352,0.20975708093942144,73384,0.062453822417314966,0.13167425016250348,0.26072614873592914,0.12207049271083226
56043,"Washakie County, Wyoming",56,043,7933,0.07407407407407407,57306,0.04238344552480678,0.1363694841116686,0.23799319299130214,0.21631160973150132
72003,"Aguada Municipio, Puerto Rico",72,003,37307,0.0,16802,0.07689716162722143,0.28363772896720035,0.17548985445090734,0.1919210871954325
72009,"Aibonito Municipio, Puerto Rico",72,009,22545,0.0,20631,0.060069723786537944,0.2845589868918018,0.1854513195830561,0.20891550232867598
72015,"Arroyo Municipio, Puerto Rico",72,015,17502,0.0026589315929417454,16206,0.12900210329516243,0.23619210977701544,0.2094046394697749,0.196206147868815
72021,"Bayamón Municipio, Puerto Rico",72,021,173695,0.0037826601890121577,26853,0.1155925155925156,0.26873475284810877,0.17588301332795994,0.21761708742335703
72029,"Canóvanas Municipio, Puerto Rico",72,029,45120,0.0010252904989747095,21614,0.22232804232804232,0.1942222222222222,0.20135195035460993,0.17136524822695035
72035,"Cayey Municipio, Puerto Rico",72,035,43126,0.0023178474251738385,23104,0.0813617606602476,0.31857030052487345,0.18105087418262764,0.2080879283958633
72041,"Cidra Municipio, Puerto Rico",72,041,38977,0.0010067325237525955,20664,0.12656157049375372,0.3149837637235194,0.19544859789106397,0.17661697924416964
72047,"Corozal Municipio, Puerto Rico",72,047,32928,0.0076619456698397955,16933,0.25909287257019437,0.25583168165878944,0.20405126336248786,0.18248906705539358
72053,"Fajardo Municipio, Puerto Rico",72,053,30263,0.0006508298080052066,19957,0.25869498307171435,0.22533996683250415,0.19287578891715956,0.21993853880976771
72059,"Guayanilla Municipio, Puerto Rico",72,059,18080,0.002420721374969741,17796,0.23649684784460726,0.13963688856809728,0.2004424778761062,0.20918141592920353
72065,"Hatillo Municipio, Puerto Rico",72,065,39561,0.0,18998,0.06059708126527891,0.13823834721624428,0.1799752281287126,0.20295240261874067
72071,"Isabela Municipio, Puerto Rico",72,071,41084,0.003929852139313258,16996,0.10760401721664276,0.24242647239188558,0.18121409794567228,0.19990750657190148
72077,"Juncos Municipio, Puerto Rico",72,077,38471,0.007922925778031312,20350,0.19806332420207684,0.20620247890844703,0.20664916430558083,0.1612383353694991
72123,"Salinas Municipio, Puerto Rico",72,123,27638,0.001814196084360118,17694,0.058446103593093796,0.23778277262180975,0.21003690570953035,0.19588971705622693
72131,"San Sebastián Municipio, Puerto Rico",72,131,36292,0.0044444444444444444,15995,0.15462868769074262,0.2502766710934042,0.1861016201917778,0.23244792240714207
72137,"Toa Baja Municipio, Puerto Rico",72,137,76008,0.006329476457784397,25090,0.1436215416574864,0.2112212529738303,0.18963793284917377,0.1951241974528997
72143,"Vega Alta Municipio, Puerto Rico",72,143,36559,0.007811035430856714,20809,0.19719027514922113,0.23264224387819893,0.2053940206241965,0.1840859979758746
72151,"Yabucoa Municipio, Puerto Rico",72,151,32867,0.0006144183506280721,16828,0.18112921561197423,0.1262667762256916,0.18450117138771413,0.20935893145099949
48003,"Andrews County, Texas",48,003,18227,0.20860248936505435,75147,0.03921993499458288,0.1113561190738699,0.30679760794425853,0.09837054918527459
48009,"Archer County, Texas",48,009,8754,0.101772030651341,63958,0.03676633444075304,0.1588194763435921,0.2184144391135481,0.20276445053689743
48015,"Austin County, Texas",48,015,29892,0.18927634045744282,64468,0.055843293492695886,0.15029877451807838,0.23865917302288236,0.19470092332396627
48021,"Bastrop County, Texas",48,021,86839,0.2413997042878265,71820,0.051196314459800864,0.13664713664713665,0.254873962159859,0.14969080712583055
48027,"Bell County, Texas",48,027,355700,0.06257124762507917,54987,0.07459955396570238,0.14615412214242574,0.2767894292943492,0.10862805735170088
48033,"Borden County, Texas",48,033,653,0.15363881401617252,83281,0.0546218487394958,0.19142419601837674,0.32618683001531396,0.2879019908116386
48037,"Bowie County, Texas",48,037,93622,0.13003923920921748,51796,0.04810107505274792,0.11855652510267466,0.23660037170750464,0.16700134583751683
48043,"Brewster County, Texas",48,043,9231,0.18576576576576576,45296,0.04194214876033058,0.16524496937882766,0.1922868594951793,0.22684432889177772
48049,"Brown County, Texas",48,049,37805,0.16528882377563833,49180,0.043361209760568224,0.18212055944818561,0.21761671736542784,0.1983600052903055
48055,"Caldwell County, Texas",48,055,42817,0.26583273298840787,59846,0.025217347094412527,0.15014867421915318,0.238363266926688,0.13978092813602075
48061,"Cameron County, Texas",48,061,422135,0.11768407803650094,41200,0.05630903853782778,0.12071475119751507,0.30421073827093226,0.1351131746952989
48067,"Cass County, Texas",48,067,30002,0.2115699100572363,47539,0.08145454545454546,0.1928877492492999,0.22391840543963737,0.22328511432571163
48073,"Cherokee County, Texas",48,073,52341,0.18983368470367767,50199,0.0649281767955801,0.11379122101134273,0.25307120612903844,0.17412735713876312
48079,"Cochran County, Texas",48,079,2860,0.07994078460399703,41000,0.0935412026726058,0.17912552891396333,0.2674825174825175,0.16118881118881118
48085,"Collin County, Texas",48,085,1006038,0.014766631400424259,100541,0.03996208870075275,0.06848935436342503,0.2597337277518344,0.10952568392048809
48133,"Eastland County, Texas",48,133,18289,0.15586286372803226,41559,0.04773869346733668,0.1997782090379817,0.21154792498222977,0.22346765815517525
48139,"Ellis County, Texas",48,139,179484,0.09090195339488726,79834,0.034933413912930866,0.1186037642730556,0.26650286376501525,0.1280504111787123
48145,"Falls County, Texas",48,145,17281,0.11222522175086772,36854,0.08107672469374597,0.2233692496290083,0.21237196921474452,0.18737341589028414
48151,"Fisher County, Texas",48,151,3827,0.07155635062611806,52683,0.02622107969151671,0.17921805300446078,0.21452835118892083,0.22210608831983278
48157,"Fort Bend County, Texas",48,157,790892,0.0265659012171567,100189,0.05601243281745775,0.07257544357808844,0.2747606500002529,0.11103665228627929
48163,"Frio County, Texas",48,163,20013,0.19946586546486397,48708,0.07460890493381468,0.17142857142857143,0.23434767401189227,0.12112127117373707
48167,"Galveston County, Texas",48,167,337600,0.04231553858894342,74633,0.05898365534508007,0.12892810437867333,0.2426718009478673,0.14328791469194313
48173,"Glasscock County, Texas",48,173,1447,0.09505703422053231,74375,0.0,0.10158949550794748,0.19281271596406357,0.11679336558396683
48179,"Gray County, Texas",48,179,22063,0.04592296148074037,54679,0.051440329218107,0.1434239529757531,0.2539999093504963,0.16076689480125098
48185,"Grimes County, Texas",48,185,28447,0.22115975085533818,56086,0.053704189626519724,0.14569563278050363,0.22287060146939924,0.17414841635321826
48191,"Hall County, Texas",48,191,3025,0.06419624217118998,40197,0.1008462623413258,0.19361344537815126,0.22578512396694214,0.22016528925619835
48197,"Hardeman County, Texas",48,197,3958,0.10327664869348818,47188,0.047407407407407405,0.21853633831349709,0.1995957554320364,0.22511369378473978
26073,"Isabella County, Michigan",26,073,70363,0.100253112600903,46783,0.07275074151378666,0.1422640861200183,0.17362818526782542,0.12657220414138112
26077,"Kalamazoo County, Michigan",26,077,264322,0.03293511569036728,58836,0.06231856284025013,0.12932231051997375,0.21603952754594774,0.14985131771097374
26079,"Kalkaska County, Michigan",26,079,17725,0.16338028169014085,49402,0.05922058074375955,0.17719298245614035,0.2089703808180536,0.2029901269393512
26083,"Keweenaw County, Michigan",26,083,2102,0.029114435907804288,51750,0.056140350877192984,0.12827849308536005,0.1455756422454805,0.3582302568981922
26085,"Lake County, Michigan",26,085,11805,0.2728391065069602,38356,0.05797795879252515,0.2599287390284175,0.16238881829733165,0.29114781872088097
26089,"Leelanau County, Michigan",26,089,21649,0.029355699580632864,67330,0.04147012578616352,0.1249650935492879,0.1614393274516144,0.3109612453231096
26093,"Livingston County, Michigan",26,093,190832,0.05895871202285121,84274,0.03848810134575161,0.10800008425575836,0.2129202649450826,0.17189465079231994
26095,"Luce County, Michigan",26,095,6286,0.10440941283984465,50000,0.06640454346876365,0.20681126331811264,0.1640152720330894,0.21317212853961184
26099,"Macomb County, Michigan",26,099,870893,0.03639538299191697,64641,0.055857683143937714,0.1397020784604648,0.21081694306878113,0.16996577076632835
26101,"Manistee County, Michigan",26,101,24539,0.07235598134375394,51658,0.07296055151283033,0.17318339842911712,0.1733566975019357,0.25477810831737235
26105,"Mason County, Michigan",26,105,29062,0.118258203701601,51568,0.04518574677786202,0.16530647681889216,0.2028766086298259,0.23663202807790243
26107,"Mecosta County, Michigan",26,107,43481,0.18674394002115818,45797,0.06202058942268874,0.16866745310295375,0.18536832179572688,0.18357443481060692
26111,"Midland County, Michigan",26,111,83445,0.0870632672332389,64078,0.04472987155779899,0.1371420974389345,0.21380550062915693,0.18491221762837798
26115,"Monroe County, Michigan",26,115,150000,0.08100679431747992,65453,0.04954200329649545,0.14609945255474452,0.21364666666666668,0.18106666666666665
26117,"Montcalm County, Michigan",26,117,63516,0.14486486486486486,52390,0.04047425808955856,0.16287376095682804,0.22274702437181182,0.17375149568612633
26121,"Muskegon County, Michigan",26,121,173679,0.07486379229165266,53478,0.0720874491574666,0.14432416444838805,0.23075904398344071,0.16946781130706648
26123,"Newaygo County, Michigan",26,123,48687,0.21143861018934218,51470,0.05210622710622711,0.1808391434262948,0.22465956004682974,0.19352188469201223
26127,"Oceana County, Michigan",26,127,26545,0.18576367452771947,51161,0.05965981213505966,0.16267253147277416,0.22569222075720474,0.20760971934450934
26129,"Ogemaw County, Michigan",26,129,20895,0.1178500986193294,41752,0.08021978021978023,0.23566538816332475,0.18368030629337162,0.2562814070351759
26133,"Osceola County, Michigan",26,133,23323,0.18931828050369084,46969,0.07613589848546869,0.18884194939244806,0.22359902242421645,0.20949277537195043
26135,"Oscoda County, Michigan",26,135,8282,0.1580428664213033,43457,0.09333333333333334,0.23484388288178837,0.19210335667713113,0.27952185462448687
26139,"Ottawa County, Michigan",26,139,289162,0.05873466729384521,72418,0.040301120223659996,0.10243149685114902,0.23911163984202627,0.1507355738305863
26143,"Roscommon County, Michigan",26,143,23863,0.08148238548531446,41828,0.08362248438584316,0.2629286650598334,0.14801156602271298,0.3262791769685287
26145,"Saginaw County, Michigan",26,145,191166,0.034617093257697434,49565,0.06517815589634153,0.1757708336659907,0.2146929893391084,0.1916344956739169
26149,"St. Joseph County, Michigan",26,149,60789,0.07722545831397634,53253,0.04208104999661728,0.16231287549374315,0.24497853230025168,0.17702215861422296
26151,"Sanilac County, Michigan",26,151,41179,0.11276144286147317,49852,0.0608472534953134,0.1837389218038486,0.2140411374729838,0.21508535904223025
26155,"Shiawassee County, Michigan",26,155,68176,0.0650664550684388,56436,0.03951698113207547,0.15847680359093996,0.21117402018305562,0.18270359070640696
26157,"Tuscola County, Michigan",26,157,52683,0.10463310998529171,51891,0.0663444458214566,0.19332151527997227,0.20469601199627963,0.20376592069548052
26161,"Washtenaw County, Michigan",26,161,368385,0.03613767108393244,75730,0.045427645056373575,0.09561189248298581,0.18627794291298505,0.13935692278458678
26163,"Wayne County, Michigan",26,163,1753059,0.01711875762312965,49359,0.0890257524688433,0.15701196658569466,0.23679237264689892,0.15426862415925532
26165,"Wexford County, Michigan",26,165,33433,0.14107153336071826,50335,0.060681357483816124,0.16075941749909736,0.23246492985971945,0.19017138755122184
28001,"Adams County, Mississippi",28,001,31103,0.13343297778381683,30633,0.09249317961805861,0.16530862038817976,0.21364498601421084,0.18683085232935728
28003,"Alcorn County, Mississippi",28,003,37058,0.15412227883279295,40938,0.06241477624891533,0.21939604151182315,0.23123212261859788,0.18387392735711588
28005,"Amite County, Mississippi",28,005,12341,0.31741614178995164,30805,0.07092713628661342,0.24961164254762488,0.2051697593387894,0.23458390730086703
28007,"Attala County, Mississippi",28,007,18308,0.21373140763095494,35631,0.07321748019422437,0.22108711343068124,0.25218483722962637,0.1933034738911951
28009,"Benton County, Mississippi",28,009,8275,0.27986906710310966,39758,0.025782155272305908,0.18209537748505916,0.2111178247734139,0.17993957703927493
28011,"Bolivar County, Mississippi",28,011,31253,0.08652709188286847,32412,0.0738516199983081,0.1785574540237381,0.2474322465043356,0.15601702236585288
28013,"Calhoun County, Mississippi",28,013,14417,0.16222380612972204,40345,0.036214953271028034,0.23100175746924428,0.23465353402233474,0.18866615800790734
28015,"Carroll County, Mississippi",28,015,9972,0.211864406779661,46729,0.07667413492656211,0.17502579979360164,0.1890292819895708,0.2358604091456077
28017,"Chickasaw County, Mississippi",28,017,17060,0.22301304863582444,35592,0.03768073608879802,0.17784909773525492,0.24788980070339978,0.1738569753810082
28019,"Choctaw County, Mississippi",28,019,8206,0.2697508896797153,36648,0.09369527145359019,0.2603095975232198,0.21728003899585668,0.21886424567389715
28021,"Claiborne County, Mississippi",28,021,9042,0.3729281767955801,32268,0.10883905013192612,0.13897852453544007,0.22174297721742978,0.16821499668214995
28023,"Clarke County, Mississippi",28,023,15612,0.2848945989771735,38631,0.06378817511659395,0.2500805256715841,0.22258519087881118,0.20426594926979247
28025,"Clay County, Mississippi",28,025,19515,0.17379192114004072,33209,0.0874296435272045,0.08561483713439659,0.22792723545990265,0.18344862925954394
28027,"Coahoma County, Mississippi",28,027,22685,0.09337321244976166,30761,0.1203545857483805,0.14815974240865792,0.2694291381970465,0.15146572625082655
28029,"Copiah County, Mississippi",28,029,28339,0.29410337296772626,44252,0.07424139106716672,0.13813526261659043,0.23091852217791736,0.1737181975369632
28031,"Covington County, Mississippi",28,031,18810,0.3568722011712022,32917,0.05472636815920398,0.1845681009382077,0.2440723019670388,0.17076023391812867
28033,"DeSoto County, Mississippi",28,033,182256,0.04740465714578065,69990,0.046038735169558316,0.1231687915681552,0.2561726362918093,0.12958146782547625
28035,"Forrest County, Mississippi",28,035,75162,0.11314254631168595,42298,0.07267594719508483,0.20399731723675385,0.2318990979484314,0.13631888454272106
28037,"Franklin County, Mississippi",28,037,7716,0.25326492537313433,39066,0.020558002936857563,0.22460732984293194,0.23367029548989113,0.19919647485743908
28041,"Greene County, Mississippi",28,041,13619,0.23464114832535884,47033,0.16504018369690013,0.20190496127276533,0.19384683163227842,0.14127322123503927
28043,"Grenada County, Mississippi",28,043,20927,0.11686029483549741,39952,0.05305938135019192,0.19411536220625364,0.2388302193338749,0.1766617288670139
28047,"Harrison County, Mississippi",28,047,206169,0.08083007749951963,48547,0.08773125206475058,0.1601005994555913,0.23882833985710752,0.14951326339071344
28049,"Hinds County, Mississippi",28,049,235604,0.040438498984246236,45380,0.09343000420816384,0.12925321792688732,0.24203748663010816,0.1425527580176907
28053,"Humphreys County, Mississippi",28,053,8198,0.11294549266247379,28628,0.14393700787401575,0.25397804366596766,0.2629909734081483,0.16857770187850696
28055,"Issaquena County, Mississippi",28,055,1223,0.24773960216998192,28333,0.09352517985611511,0.2864983534577388,0.1357318070318888,0.22567457072771874
28059,"Jackson County, Mississippi",28,059,142872,0.08571520071736241,53726,0.09288902112466528,0.17641162712996994,0.23357270843832242,0.1608082759393023
28061,"Jasper County, Mississippi",28,061,16454,0.288851952985872,37877,0.03982908591484816,0.17948247384841257,0.22602406709614684,0.2008022365382278
39121,"Noble County, Ohio",39,121,14410,0.1826985151710781,50070,0.047690655209452204,0.21613809051866534,0.18625954198473282,0.274323386537127
39125,"Paulding County, Ohio",39,125,18742,0.07268370607028754,56531,0.04501022959763583,0.16761424586998497,0.2354071070323338,0.18733326219186852
39127,"Perry County, Ohio",39,127,36076,0.16528871818241,52978,0.06118169483162699,0.20065862915829427,0.23544738884577004,0.168560816054995
39131,"Pike County, Ohio",39,131,27914,0.2590417310664606,44115,0.05049969045723888,0.22610992510040887,0.23525829332951206,0.17557498029662535
39135,"Preble County, Ohio",39,135,40995,0.031792068715488876,61339,0.03244227834391769,0.15866578177617185,0.2243200390291499,0.19143798024149286
39137,"Putnam County, Ohio",39,137,33836,0.05016482728966604,67790,0.03158072506192299,0.09671750268080544,0.2555857666390826,0.17351341766166214
39141,"Ross County, Ohio",39,141,76816,0.13789769182782283,51508,0.060325954755533935,0.20363104529665724,0.21259893772130806,0.1662804624036659
39143,"Sandusky County, Ohio",39,143,58801,0.05545223365089005,55245,0.04517032835616906,0.15314131599875522,0.22594853829016515,0.18744579173823575
39147,"Seneca County, Ohio",39,147,55251,0.0422651819348429,52897,0.0415602173365478,0.1460612087062203,0.21811369929956018,0.1784221100070587
39149,"Shelby County, Ohio",39,149,48610,0.04093281943699078,64522,0.052091799218236,0.14085499854874156,0.2491874099979428,0.1661797983953919
39153,"Summit County, Ohio",39,153,540810,0.00811251081600403,59253,0.0581572665033075,0.1348016633182264,0.20975203860875355,0.17933470165122686
39155,"Trumbull County, Ohio",39,155,199144,0.04669126485559887,47799,0.048099716209448556,0.15883213470961935,0.20508777567991002,0.2150805447314506
39159,"Union County, Ohio",39,159,57871,0.04105060152447424,88565,0.027872039007676343,0.10385908492910394,0.2471877105977087,0.12215099099721795
39161,"Van Wert County, Ohio",39,161,28213,0.05069160641307765,55991,0.050862663906142164,0.14361378520559712,0.23414737886789777,0.1879275511289122
39165,"Warren County, Ohio",39,165,232540,0.011411703499287475,89410,0.03424438112259522,0.10433809024507278,0.24625010750838566,0.1443966629397093
39167,"Washington County, Ohio",39,167,60217,0.11427762240237901,51808,0.045581851281333144,0.19321578505457598,0.1968547088031619,0.20896092465582808
39169,"Wayne County, Ohio",39,169,116063,0.07688196181557737,61424,0.033449807729451636,0.12903871422480181,0.24351429826904353,0.17773105985542334
39171,"Williams County, Ohio",39,171,36760,0.06083353350948835,52855,0.038299732284324976,0.1678163487586226,0.2276659412404788,0.1881936887921654
39173,"Wood County, Ohio",39,173,130662,0.06751304734056335,63189,0.04879046554122235,0.12172750594998918,0.20323429918415453,0.15210237100304602
39175,"Wyandot County, Ohio",39,175,21907,0.05560574124259761,57925,0.0328381548084441,0.1392942915204138,0.2214817181722737,0.1926781394074953
40001,"Adair County, Oklahoma",40,001,22171,0.20402298850574713,34375,0.05318252917819757,0.2030051296018884,0.26909025303324163,0.15682648504803573
40003,"Alfalfa County, Oklahoma",40,003,5791,0.08211143695014662,64122,0.03475238922675934,0.17038927887683472,0.19806596442756,0.1934035572439993
40005,"Atoka County, Oklahoma",40,005,13815,0.1954274976511118,42392,0.04292273906967459,0.23192,0.2223669923995657,0.19587404994571117
40007,"Beaver County, Oklahoma",40,007,5326,0.16784518049869743,55083,0.040061633281972264,0.13497049305158956,0.26117161096507696,0.19188884716485166
40009,"Beckham County, Oklahoma",40,009,21860,0.12876603360843195,47095,0.04372323642100518,0.14178641579654708,0.2489021043000915,0.13655077767612075
40011,"Blaine County, Oklahoma",40,011,9521,0.16448885472713298,49638,0.059344790547798065,0.1779284833538841,0.20880159647095894,0.18338409830900115
40013,"Bryan County, Oklahoma",40,013,47325,0.1711099153744558,47175,0.0565392542626944,0.21005658161631258,0.2343581616481775,0.17589012150026412
40015,"Caddo County, Oklahoma",40,015,29179,0.12715760910529886,46499,0.06891373268813616,0.20044076736876332,0.24877480379725145,0.16792899002707426
40017,"Canadian County, Oklahoma",40,017,144610,0.0529666204194891,73591,0.041606982690531334,0.13293642445407497,0.2601203236290713,0.13269483438213125
40019,"Carter County, Oklahoma",40,019,48380,0.13110693151061975,51148,0.046398923042405206,0.19728688661865684,0.24927656056221578,0.168788755684167
40021,"Cherokee County, Oklahoma",40,021,48871,0.20602360967727457,43378,0.07680931694241612,0.20122957583759696,0.21998731353972703,0.16725665527613512
40023,"Choctaw County, Oklahoma",40,023,14727,0.13837056504599213,37121,0.07141648333051277,0.2401512547267102,0.24261560399266652,0.20520133088884362
40025,"Cimarron County, Oklahoma",40,025,2159,0.13996200126662445,47095,0.004123711340206186,0.2317016317016317,0.26076887447892544,0.24733672996757758
40027,"Cleveland County, Oklahoma",40,027,282189,0.05378893016921101,65412,0.04615959633713325,0.13810699051574488,0.21465755220791738,0.13474657056086523
40029,"Coal County, Oklahoma",40,029,5577,0.11241134751773049,42277,0.06082289803220036,0.2595281306715064,0.2449345526268603,0.211762596377981
40031,"Comanche County, Oklahoma",40,031,121374,0.0486596341817478,52377,0.06789449040112377,0.19775629770639658,0.2363850577553677,0.12650155717039893
40035,"Craig County, Oklahoma",40,035,14274,0.116137644615841,43003,0.046425567703952904,0.22028490874016918,0.216057166876839,0.1963710242398767
40037,"Creek County, Oklahoma",40,037,71505,0.19849525678770036,52315,0.04091244032934995,0.13710851891127607,0.23608139290958674,0.17710649604922732
40041,"Delaware County, Oklahoma",40,041,42741,0.25755204257317266,44268,0.06019019418028586,0.22228516132077697,0.20331765751854192,0.24779485739687887
40043,"Dewey County, Oklahoma",40,043,4885,0.1676159479251424,51169,0.023977433004231313,0.16349968678220922,0.2714431934493347,0.19078812691914024
40047,"Garfield County, Oklahoma",40,047,61555,0.06124887959366597,55435,0.050823889313773206,0.16362077371845526,0.25149865973519614,0.162700024368451
40049,"Garvin County, Oklahoma",40,049,27789,0.1043349906774394,47321,0.03180454350621517,0.15829975679697994,0.24909136708769658,0.1796034402101551
40053,"Grant County, Oklahoma",40,053,4369,0.07116862110796603,53147,0.03517110266159696,0.1943272386310361,0.2396429388876173,0.21263447013046463
40055,"Greer County, Oklahoma",40,055,5790,0.041898405635891735,46794,0.051960321209258385,0.20432137612754353,0.22003454231433506,0.1687392055267703
40059,"Harper County, Oklahoma",40,059,3730,0.08806366047745358,44318,0.03506493506493506,0.19483695652173913,0.2546916890080429,0.1898123324396783
40061,"Haskell County, Oklahoma",40,061,12688,0.20355699272433306,43950,0.07960105382009786,0.23962294043092522,0.23668032786885246,0.20168663303909207
40065,"Jackson County, Oklahoma",40,065,24808,0.056361239288068556,52535,0.03890283255647185,0.15780511685326296,0.2531038374717833,0.1504756530151564
40067,"Jefferson County, Oklahoma",40,067,6084,0.09644222287562482,43871,0.057971014492753624,0.24100235452404978,0.24737015121630507,0.2089086127547666
40071,"Kay County, Oklahoma",40,071,44074,0.06921463528315078,47456,0.06562375049980008,0.19341516312122192,0.24842310659345646,0.1916322548441258
40073,"Kingfisher County, Oklahoma",40,073,15811,0.14976361140765593,61738,0.037532133676092545,0.12362567118384045,0.26867370817785086,0.15887673138953892
40077,"Latimer County, Oklahoma",40,077,10239,0.22468793342579751,40044,0.09952153110047847,0.24292546831406936,0.21642738548686394,0.21379040921965037
40079,"Le Flore County, Oklahoma",40,079,49999,0.16966905955122127,41900,0.05285537700865266,0.21904976633598425,0.24392487849756994,0.17782355647112943
40083,"Logan County, Oklahoma",40,083,47401,0.17895637296834901,70456,0.04001579570883244,0.15149323576959076,0.22961540895761692,0.1581190270247463
40085,"Love County, Oklahoma",40,085,10128,0.21736292428198434,54423,0.05824330671676844,0.22427860696517413,0.24703791469194314,0.18977093206951026
40089,"McCurtain County, Oklahoma",40,089,32913,0.14936548223350254,39091,0.05420272847293531,0.2107042946294076,0.2549752377480023,0.17968583842250782
40091,"McIntosh County, Oklahoma",40,091,19677,0.3553515935535159,39588,0.05339947475926466,0.2417139907072793,0.19936982263556435,0.25674645525232503
40095,"Marshall County, Oklahoma",40,095,16688,0.3508517228029423,48573,0.03361344537815126,0.23898838334946756,0.22968600191754554,0.22327420901246406
40097,"Mayes County, Oklahoma",40,097,41098,0.19855798731847005,50012,0.05449649973074852,0.23326123291711728,0.23375833373886806,0.18565380310477395
40101,"Muskogee County, Oklahoma",40,101,68451,0.11163136140532162,41633,0.06406238871875222,0.19772071948372924,0.2437656133584608,0.1664402273158902
40103,"Noble County, Oklahoma",40,103,11263,0.13692480359147025,60019,0.05365210843373494,0.16375838926174496,0.23617153511497824,0.19479712332415874
30023,"Deer Lodge County, Montana",30,023,9153,0.08049060942889996,42129,0.03681278759990313,0.24572425828970332,0.13831530645689938,0.24188790560471976
30029,"Flathead County, Montana",30,029,102001,0.1024519279682572,57763,0.04037627748528956,0.12187617112763566,0.21818413544965246,0.19322359584709953
30035,"Glacier County, Montana",30,035,13706,0.17528256438762274,37645,0.06273661438615467,0.10233617396414928,0.31001021450459654,0.1192178607908945
30039,"Granite County, Montana",30,039,3325,0.1754943502824859,50795,0.035919540229885055,0.17993920972644378,0.1726315789473684,0.29774436090225564
30045,"Judith Basin County, Montana",30,045,1968,0.1343065693430657,50329,0.02346938775510204,0.13465447154471544,0.21036585365853658,0.22764227642276422
30051,"Liberty County, Montana",30,051,2455,0.10581092801387684,46750,0.0,0.17789646672144618,0.2244399185336049,0.21181262729124237
30057,"Madison County, Montana",30,057,8530,0.0724182259677189,55892,0.029154518950437316,0.1372109485606418,0.1552168815943728,0.2928487690504103
30063,"Missoula County, Montana",30,063,119062,0.0834627541978038,56247,0.04884867949416454,0.11564120319546015,0.18733097041877342,0.15523844719557878
30067,"Park County, Montana",30,067,16513,0.10168789479134306,53082,0.01944161862778343,0.09772284461763273,0.17374190032095924,0.2249137043541452
30073,"Pondera County, Montana",30,073,5911,0.1601489757914339,54235,0.08656929105806911,0.17903556771545828,0.24056843173743866,0.20605650482151922
13009,"Baldwin County, Georgia",13,009,45072,0.1778757631553445,46250,0.0736128546321868,0.16483797480124598,0.18747781327653532,0.15852413915512958
13015,"Bartow County, Georgia",13,015,106456,0.11227329430956721,61226,0.057525820170109356,0.13064286392555313,0.2414424738859247,0.13930638010069887
13019,"Berrien County, Georgia",13,019,19206,0.3216434002950857,42089,0.058312958435207826,0.17494589030248642,0.2412266999895866,0.1794751640112465
13025,"Brantley County, Georgia",13,025,18924,0.5163814180929095,34679,0.04697889563457647,0.1726698848867434,0.24075248361868526,0.16386599027689705
13031,"Bulloch County, Georgia",13,031,77719,0.17275209550419102,48786,0.0903633084256635,0.13336451755411763,0.19858721805478713,0.11311262368275454
13037,"Calhoun County, Georgia",13,037,6301,0.2889908256880734,41962,0.11025641025641025,0.17612480217047252,0.1750515791144263,0.15537216314870655
13043,"Candler County, Georgia",13,043,10834,0.3858695652173913,36955,0.051178594181354856,0.18636535552193645,0.2498615469817242,0.1809119438803766
13049,"Charlton County, Georgia",13,049,13032,0.38756613756613756,42743,0.13733306757026112,0.22635163541579081,0.18730816451810928,0.15837937384898712
13055,"Chattooga County, Georgia",13,055,24826,0.19188057527762606,37351,0.0486860014658151,0.18322860238353197,0.22581164907757995,0.17646821880286795
13061,"Clay County, Georgia",13,061,2931,0.4046296296296296,32434,0.10132575757575757,0.2237665045170257,0.19720232002729443,0.30467417263732516
13065,"Clinch County, Georgia",13,065,6648,0.284906914893617,38844,0.03761755485893417,0.16692073170731708,0.25511432009626955,0.15072202166064982
13071,"Colquitt County, Georgia",13,071,45510,0.2948128342245989,36799,0.07588607284670817,0.151958282480861,0.25842671940232914,0.15174686882003954
13077,"Coweta County, Georgia",13,077,145839,0.0315821657883851,79795,0.03852961922887525,0.11199316997266612,0.24356310726211783,0.13948943698187727
13083,"Dade County, Georgia",13,083,16183,0.21733187534171677,40384,0.04995325230399359,0.17473723723723725,0.19075573132299325,0.19347463387505406
13087,"Decatur County, Georgia",13,087,26595,0.19209363234571944,40567,0.06452779032986895,0.15522140658299788,0.24245158864448205,0.162887760857304
13093,"Dooly County, Georgia",13,093,13571,0.25136524253132025,48039,0.09212880143112702,0.17067327550598926,0.1729423034411613,0.20138530690442857
13099,"Early County, Georgia",13,099,10218,0.27053625225948985,34811,0.08186115949241105,0.1595945543078605,0.24858093560383637,0.1905460951262478
13103,"Effingham County, Georgia",13,103,62241,0.19312079106640526,67050,0.058766579533352695,0.10677454922817486,0.2653877669060587,0.11741456596134381
13109,"Evans County, Georgia",13,109,10671,0.3422437381603873,46392,0.07747671464860288,0.13337279273946928,0.2663293037203636,0.16202792615499953
13115,"Floyd County, Georgia",13,115,97805,0.10156461081227126,50657,0.05569659718510601,0.15988083416087387,0.23087776698532794,0.16616737385614233
13119,"Franklin County, Georgia",13,119,23015,0.28245483330229093,47821,0.04511202652466593,0.19222670643972628,0.2193352161633717,0.18987616771670648
13125,"Glascock County, Georgia",13,125,2984,0.3424657534246575,46500,0.013788098693759071,0.14487267721954578,0.221514745308311,0.16923592493297587
13131,"Grady County, Georgia",13,131,24693,0.29969727547931385,48047,0.03068315134013176,0.20175331294597348,0.24622362612886242,0.18150892965617788
13137,"Habersham County, Georgia",13,137,45204,0.17143933685003768,54147,0.02426239329039988,0.16705946960162918,0.2252897973630652,0.18493938589505354
13141,"Hancock County, Georgia",13,141,8500,0.39719453672942046,32914,0.024896265560165973,0.16104193971166447,0.10882352941176471,0.22905882352941176
13185,"Lowndes County, Georgia",13,185,116436,0.0902627511591963,46113,0.058073820010133684,0.11308737583006134,0.24002885705451923,0.12317496306984094
13189,"McDuffie County, Georgia",13,189,21404,0.25013339024650516,47327,0.06315564119032327,0.12972100967925604,0.2486918333021865,0.17655578396561392
13195,"Madison County, Georgia",13,195,29624,0.2771775265957447,51142,0.06277160791887977,0.17834070044202652,0.22971239535511748,0.16719551714825817
13201,"Miller County, Georgia",13,201,5725,0.2696629213483146,49771,0.07008410092110533,0.13600431189363996,0.23056768558951965,0.2199126637554585
13207,"Monroe County, Georgia",13,207,27455,0.17923516797712652,60491,0.03691275167785235,0.17520133718279896,0.21158258969222363,0.1847750865051903
13213,"Murray County, Georgia",13,213,39789,0.3296682932855643,51133,0.06496982419312516,0.12198143980580069,0.24687727763954861,0.1463218477468647
13219,"Oconee County, Georgia",13,219,39194,0.058307038002469475,95064,0.029284274193548388,0.09926876202694035,0.26501505332448844,0.15063530132163086
13225,"Peach County, Georgia",13,225,27502,0.12040868023304906,50267,0.09692960966846317,0.18123628383321141,0.20751218093229584,0.15784306595883935
13229,"Pierce County, Georgia",13,229,19336,0.3117261471230881,48969,0.050471304140317384,0.12298292339025536,0.2486036408771204,0.17133843607778237
13235,"Pulaski County, Georgia",13,235,11185,0.22346723044397462,42213,0.05198776758409786,0.20269709543568465,0.1759499329459097,0.20473848904783193
13241,"Rabun County, Georgia",13,241,16859,0.10313264420421368,44871,0.04068649208462791,0.21269420691316393,0.1584910137018803,0.2816299899163651
13245,"Richmond County, Georgia",13,245,202178,0.06584694851496266,43882,0.09285121077017222,0.1792313879516562,0.22860548625468646,0.13944642839478083
13251,"Screven County, Georgia",13,251,13977,0.32024124742571347,39852,0.06140939597315436,0.16330437343542925,0.21005938327251913,0.18981183372683694
13257,"Stephens County, Georgia",13,257,25934,0.20996751446002693,46766,0.06386279410497285,0.18928819310557568,0.21631834657206755,0.20120305390606924
13263,"Talbot County, Georgia",13,263,6245,0.30037801686536786,40020,0.06517016654598118,0.19476557482337828,0.16701361088871097,0.24515612489991995
13267,"Tattnall County, Georgia",13,267,25392,0.3542766105745295,44053,0.05748299319727891,0.17633289986996098,0.20474952741020794,0.13602709514807815
13273,"Terrell County, Georgia",13,273,8654,0.1438866202257987,35335,0.07438923963766127,0.15363263335747043,0.23122255604344813,0.19320545412526
13279,"Toombs County, Georgia",13,279,26947,0.210431654676259,41244,0.07224300730447177,0.1731115107913669,0.2626637473559209,0.16257839462648904
13285,"Troup County, Georgia",13,285,70095,0.07155809736364904,46796,0.05765859958793321,0.16291423498420923,0.24570939439332334,0.1477708823739211
13289,"Twiggs County, Georgia",13,289,8195,0.3470009372071228,43477,0.04056664520283323,0.1723417332513829,0.19341061622940817,0.22586943258084197
13295,"Walker County, Georgia",13,295,69398,0.12249655262985094,46601,0.0678728875826598,0.1846677571952783,0.21751347301074958,0.18434248825614571
13301,"Warren County, Georgia",13,301,5259,0.3675929025778373,38250,0.036558181007579134,0.16188090190788207,0.2053622361665716,0.22152500475375547
13305,"Wayne County, Georgia",13,305,29959,0.30829204905384555,45773,0.05394295302013423,0.14307212727077287,0.2447344704429387,0.15808271304115626
13311,"White County, Georgia",13,311,29962,0.20066091426473287,55788,0.03509900636214168,0.18446764933015478,0.18550163540484613,0.22662038582204125
13317,"Wilkes County, Georgia",13,317,9797,0.23770809136662796,36486,0.0226928895612708,0.16046966731898238,0.21098295396549965,0.23415331223844033
48203,"Harrison County, Texas",48,203,66547,0.20671592604155825,54234,0.06064627430163891,0.15242494226327943,0.2518220205268457,0.1693239364659564
48209,"Hays County, Texas",48,209,222827,0.08422688993341167,68724,0.055100231207166596,0.09749285998337008,0.23028627590013778,0.11000462242008374
48215,"Hidalgo County, Texas",48,215,861137,0.14958419219560737,41846,0.07313872297467822,0.1302119658800927,0.3263104476987982,0.11072570334337045
48221,"Hood County, Texas",48,221,60025,0.18183182619789126,71253,0.05962019176957803,0.1282146348040042,0.2101457725947522,0.24927946688879635
48227,"Howard County, Texas",48,227,36213,0.07128787878787879,57761,0.0677322153805843,0.16747504459116938,0.22005909480020988,0.12854499765277663
48233,"Hutchinson County, Texas",48,233,21105,0.08805858054825384,57921,0.0699,0.16561116137326795,0.25126747216299455,0.16574271499644633
48239,"Jackson County, Texas",48,239,14822,0.18183167582009796,58243,0.04793567341889593,0.18728616395237443,0.2550263122385643,0.18114964242342463
48245,"Jefferson County, Texas",48,245,253136,0.03253875737744041,50840,0.05728953704965699,0.15120379733083744,0.24071645281587764,0.14397794071171227
48251,"Johnson County, Texas",48,251,171359,0.19132965442661534,65311,0.035076284279644654,0.106673691813139,0.2593852671876003,0.14079797384438517
48301,"Loving County, Texas",48,301,117,0.26436781609195403,44076,0.0,0.47863247863247865,0.2222222222222222,0.452991452991453
48305,"Lynn County, Texas",48,305,5886,0.046223224351747465,46163,0.03724188790560472,0.2218792866941015,0.2674142031940197,0.16802582398912674
48311,"McMullen County, Texas",48,311,724,0.2597402597402597,67386,0.05177993527508091,0.15883977900552487,0.2969613259668508,0.13259668508287292
48317,"Martin County, Texas",48,317,5676,0.17408906882591094,70000,0.040407854984894256,0.11997867045858514,0.31835799859055675,0.10905567300916139
48323,"Maverick County, Texas",48,323,58098,0.09610501863756685,41385,0.07687431324486518,0.13330800711436513,0.3123687562394575,0.1179214430789356
48329,"Midland County, Texas",48,329,171238,0.09835223899754521,83217,0.034215251194146146,0.09456477607724761,0.2860638409698782,0.1023546175498429
48335,"Mitchell County, Texas",48,335,8256,0.12950699043414277,44939,0.032151143520053035,0.16209048361934478,0.2059108527131783,0.15758236434108527
48341,"Moore County, Texas",48,341,21169,0.16405961325286364,53967,0.03730746149229846,0.09885823025689819,0.31890972648684396,0.11068071236241674
48347,"Nacogdoches County, Texas",48,347,65080,0.17294923590374145,44507,0.07662295081967213,0.1761495280598361,0.23151505838967426,0.14729563614013522
48353,"Nolan County, Texas",48,353,14901,0.07674911660777385,43692,0.07929118486259198,0.20827108515550727,0.25857325011744176,0.1822696463324609
48359,"Oldham County, Texas",48,359,2110,0.15869017632241814,64250,0.004366812227074236,0.0942942942942943,0.36540284360189573,0.12748815165876778
48365,"Panola County, Texas",48,365,23186,0.2982007408714059,51297,0.028785202119921024,0.17487480949270628,0.23246786854136117,0.19093418442163373
48371,"Pecos County, Texas",48,371,15725,0.18309128630705393,53879,0.010903684123575086,0.10773809523809524,0.24655007949125596,0.12661367249602543
48377,"Presidio County, Texas",48,377,6808,0.202460024600246,22716,0.09850175326745297,0.2287015276145711,0.26615746180963573,0.23986486486486486
48383,"Reagan County, Texas",48,383,3766,0.25469571750563486,61659,0.06301369863013699,0.0594855305466238,0.3027084439723845,0.09798194370685077
48389,"Reeves County, Texas",48,389,15546,0.1502579535683577,61543,0.1113499570077386,0.11398446961601481,0.22359449376045284,0.11752219220378232
48395,"Robertson County, Texas",48,395,17094,0.18028389404269587,53823,0.09050576752440107,0.15787606433301798,0.2371007371007371,0.19228969228969228
48401,"Rusk County, Texas",48,401,53988,0.19141002623946968,56223,0.07341975936281986,0.1532646467109675,0.22258650070386013,0.16720382307179374
48407,"San Jacinto County, Texas",48,407,28574,0.2361636541964411,44566,0.0729801665664978,0.1991561181434599,0.21684048435640793,0.21768040876321132
48413,"Schleicher County, Texas",48,413,2898,0.15614617940199335,45250,0.16373801916932906,0.09033833275200558,0.25707384403036576,0.23429951690821257
48419,"Shelby County, Texas",48,419,25263,0.33031234827642014,41170,0.05563093622795115,0.17267620223913302,0.26156830146855087,0.17622610141313383
48465,"Val Verde County, Texas",48,465,49018,0.11356073211314476,47675,0.039984602800365684,0.16300140555735756,0.283263291035946,0.1429882900159125
48471,"Walker County, Texas",48,471,72295,0.20740601503759398,41508,0.03424909773882301,0.09673077905926847,0.14772805864859256,0.12884708486064042
48477,"Washington County, Texas",48,477,35275,0.1233019214294456,59623,0.04584407023431414,0.13613552635395818,0.2158185683912119,0.2145995747696669
48483,"Wheeler County, Texas",48,483,5187,0.09686924493554327,49036,0.044649730561970746,0.16025766152644935,0.25467514941199154,0.19510314247156352
48489,"Willacy County, Texas",48,489,21419,0.10553375727235827,37906,0.10441724321447579,0.15444186849504266,0.2379196040898268,0.14048274896120266
48495,"Winkler County, Texas",48,495,7822,0.08838878016960208,63585,0.025511634426689096,0.09896373056994819,0.2946816670928151,0.11684991050882128
48501,"Yoakum County, Texas",48,501,8612,0.1461815798098984,69004,0.053142702994335045,0.1063632141198328,0.32942405945192754,0.10694379934974454
48507,"Zavala County, Texas",48,507,11930,0.2441781596201673,40090,0.04367323064924936,0.18083213287009575,0.290360435875943,0.1485331098072087
28065,"Jefferson Davis County, Mississippi",28,065,11182,0.24177109440267336,32214,0.06948394961397805,0.1656884875846501,0.1998747987837596,0.22464675371132176
28067,"Jones County, Mississippi",28,067,68307,0.207845152449469,43391,0.04808976756612343,0.16946164558087168,0.25116020320025767,0.1680647664221822
28071,"Lafayette County, Mississippi",28,071,54059,0.09631673757234295,53318,0.041358881097903935,0.10312476639007251,0.18546403004125123,0.1263804361900886
28075,"Lauderdale County, Mississippi",28,075,75557,0.1602569544669893,42922,0.049415232182610604,0.1833981661572659,0.23539844091215903,0.17173789324615854
28077,"Lawrence County, Mississippi",28,077,12595,0.2616475898758665,36239,0.12596899224806202,0.20674870980547835,0.2443032949583168,0.17864231838030964
28081,"Lee County, Mississippi",28,081,85304,0.11594359793228504,55861,0.055977000386548126,0.14881929086109724,0.25298930882490855,0.14892619337897403
28083,"Leflore County, Mississippi",28,083,28764,0.054995417048579284,30077,0.1145266594124048,0.10415855600778623,0.2769434014740648,0.14201780002781253
28087,"Lowndes County, Mississippi",28,087,58896,0.10783991828098209,48170,0.07770166256157636,0.10800662812015231,0.23719777234447162,0.15963732681336593
28089,"Madison County, Mississippi",28,089,105482,0.04205074381673816,71621,0.04435322021528918,0.09908711628263032,0.24985305549762044,0.1314821486130335
28093,"Marshall County, Mississippi",28,093,35502,0.2364491326173985,43411,0.061269560827864715,0.17728368919475326,0.21057968565151258,0.17446904399752128
28095,"Monroe County, Mississippi",28,095,35559,0.20532915360501566,45018,0.07648764324175066,0.15490788798266128,0.22475322703113135,0.19691217413313086
28099,"Neshoba County, Mississippi",28,099,29250,0.229607250755287,40750,0.09223729629926948,0.18903690306424126,0.2733333333333333,0.16307692307692306
28103,"Noxubee County, Mississippi",28,103,10566,0.31545145447676615,36958,0.10822510822510822,0.21324452167197605,0.24730266893810335,0.1642059435926557
28105,"Oktibbeha County, Mississippi",28,105,49593,0.10411380935121421,39490,0.08470495534932586,0.11590049993903183,0.1750045369306152,0.11394753291795214
28109,"Pearl River County, Mississippi",28,109,55512,0.1854552544355625,51538,0.059177991106678304,0.19965322139076475,0.22396959216025364,0.18884205216890043
28111,"Perry County, Mississippi",28,111,11981,0.27338255977496484,47173,0.07229171083315666,0.2640382317801673,0.22811117602871211,0.1817878307319923
28115,"Pontotoc County, Mississippi",28,115,31996,0.23570163959664384,48980,0.035181161959492606,0.1934925034647852,0.26562695336917114,0.1502375296912114
28117,"Prentiss County, Mississippi",28,117,25155,0.16361209964412812,40163,0.04541267501842299,0.19264434272865977,0.225919300337905,0.17734048896839594
28121,"Rankin County, Mississippi",28,121,154119,0.14468217358589328,68310,0.04681440795412646,0.13337143241335261,0.23078919536202544,0.15223950324100208
28123,"Scott County, Mississippi",28,123,28288,0.2979591836734694,39971,0.07199090982874767,0.22476802284082797,0.2686651583710407,0.15875989819004524
28127,"Simpson County, Mississippi",28,127,26818,0.24813448134481345,43403,0.07016184573002755,0.17734008914625318,0.23756432246998285,0.1774927287642628
28131,"Stone County, Mississippi",28,131,18282,0.1899070385126162,47683,0.06670003754223501,0.21322983847953883,0.21753637457608577,0.16787003610108303
28133,"Sunflower County, Mississippi",28,133,25759,0.053316800991940486,31515,0.10952682720743558,0.1527202430267882,0.22062191855273885,0.13490430529135447
28137,"Tate County, Mississippi",28,137,28419,0.2042955326460481,55738,0.05379796397807361,0.14822240521284594,0.2320982441324466,0.16337661423695415
28139,"Tippah County, Mississippi",28,139,21976,0.21530859217426382,37894,0.06147149378914959,0.23652571428571428,0.24303785948307244,0.16290498725882782
28143,"Tunica County, Mississippi",28,143,9807,0.20735382760699217,34485,0.0809090909090909,0.11969072164948454,0.2908126848169675,0.12093402671561129
28145,"Union County, Mississippi",28,145,28578,0.2074561038528751,47317,0.05405200515502995,0.1978157913338517,0.2503674154944363,0.1660718034851984
28149,"Warren County, Mississippi",28,149,46030,0.17332246672099974,46909,0.06717658796142334,0.18046004789419337,0.2386269824027808,0.1675429067999131
28151,"Washington County, Mississippi",28,151,45072,0.08372265137147879,32011,0.10091070867790224,0.2481730553687514,0.257388178913738,0.16364927227547035
28155,"Webster County, Mississippi",28,155,9727,0.18656256420793096,52382,0.05854579792256846,0.22786647314949202,0.23645522771666494,0.18011719954765087
28157,"Wilkinson County, Mississippi",28,157,8727,0.3277553375649163,30760,0.0768675568386864,0.2355130249867092,0.2122149650509912,0.17314082731752034
28161,"Yalobusha County, Mississippi",28,161,12276,0.27083969465648855,41440,0.06669214599656029,0.17183075129102116,0.2232811990876507,0.20340501792114696
28163,"Yazoo County, Mississippi",28,163,28511,0.1875,32729,0.12135922330097088,0.25739747361135146,0.23587387324190665,0.13019536319315353
35003,"Catron County, New Mexico",35,003,3547,0.3119240435632505,36607,0.05263157894736842,0.3207227555053642,0.14378347899633492,0.4155624471384268
35005,"Chaves County, New Mexico",35,005,64912,0.1462114296147526,46254,0.05214081162254662,0.16968584827240077,0.26377249198915453,0.15765960069016516
35006,"Cibola County, New Mexico",35,006,26763,0.25691042687193844,44731,0.11603312381522499,0.22055058879130401,0.23397974815977282,0.16810521989313604
35007,"Colfax County, New Mexico",35,007,12106,0.18228560341482344,36937,0.0466159547493661,0.2443058803152334,0.1812324467206344,0.27680489013712206
35009,"Curry County, New Mexico",35,009,49502,0.09243344231667446,48903,0.07877237851662404,0.16966597617814605,0.2642115470082017,0.1240151913054018
35011,"De Baca County, New Mexico",35,011,1995,0.22448979591836735,31532,0.09759547383309759,0.1702127659574468,0.42656641604010026,0.14536340852130325
35013,"Doña Ana County, New Mexico",35,013,217696,0.2134207360266256,44024,0.07679728350311439,0.1461708927196809,0.2455901808025871,0.1571135895928267
35015,"Eddy County, New Mexico",35,015,57865,0.16537997587454764,65000,0.04295282469423413,0.1494447548540299,0.2643566923010455,0.14438779918776462
35017,"Grant County, New Mexico",35,017,27391,0.26011254551473023,37453,0.08040007693787267,0.20575855775319402,0.19688948924829325,0.2720966740900296
35019,"Guadalupe County, New Mexico",35,019,4336,0.2952635599694423,31061,0.06674984404242046,0.19467325645249864,0.17481549815498154,0.20710332103321033
35021,"Harding County, New Mexico",35,021,432,0.20995670995670995,32500,0.03286384976525822,0.18266978922716628,0.13657407407407407,0.2916666666666667
35023,"Hidalgo County, New Mexico",35,023,4234,0.38994730441832187,44722,0.07337780473013948,0.19509827711720457,0.21965044874822862,0.21870571563533303
35025,"Lea County, New Mexico",35,025,70359,0.17561683599419448,61867,0.0689380671867537,0.1208786384323826,0.30153924871018634,0.11074631532568684
35027,"Lincoln County, New Mexico",35,027,19640,0.22023874712517796,44939,0.05070322656896348,0.21771122774518883,0.1764256619144603,0.2858961303462322
35028,"Los Alamos County, New Mexico",35,028,18976,0.04514592019058963,119266,0.03529971455756423,0.08450331125827815,0.22596964586846544,0.17638069139966273
35029,"Luna County, New Mexico",35,029,24022,0.33707368793072984,32251,0.09468342751701073,0.20605187319884727,0.262884022978936,0.20543668304054616
35031,"McKinley County, New Mexico",35,031,71956,0.2206998633672385,36179,0.1242049004478904,0.16082096338682372,0.287231085663461,0.12342264717327256
35033,"Mora County, New Mexico",35,033,4500,0.3026741110784602,29458,0.09336941813261164,0.35333333333333333,0.13111111111111112,0.30955555555555553
35035,"Otero County, New Mexico",35,035,66804,0.26476501633576277,45032,0.09135716226180773,0.1933057416896597,0.2311837614514101,0.17186096640919704
35037,"Quay County, New Mexico",35,037,8265,0.256140350877193,33962,0.025280898876404494,0.22027076472740578,0.22734422262552934,0.2471869328493648
35039,"Rio Arriba County, New Mexico",35,039,38962,0.36537130426184117,42264,0.07015848473134906,0.14722866718226346,0.23091730403983368,0.19331656485806684
35043,"Sandoval County, New Mexico",35,043,144954,0.08701178846924028,65071,0.06553640748147277,0.13854878116497307,0.2324254591111663,0.1780219931840446
35045,"San Juan County, New Mexico",35,045,125608,0.323183687791185,47643,0.08228162765794707,0.1495705876676638,0.2652299216610407,0.14807177886758804
35049,"Santa Fe County, New Mexico",35,049,150319,0.1462120387504082,60668,0.048913492522515076,0.1421363168482027,0.17999055342305365,0.24276372248351838
35053,"Socorro County, New Mexico",35,053,16723,0.3637795275590551,40297,0.04714680539749634,0.24227799227799227,0.22579680679303954,0.19350594988937392
40107,"Okfuskee County, Oklahoma",40,107,11987,0.1785244978411864,40913,0.05647996250292946,0.1823819077147547,0.22891465754567447,0.17744222908150498
40111,"Okmulgee County, Oklahoma",40,111,38553,0.15531533549904783,45319,0.07980289646054925,0.21655562605752962,0.23590900837807693,0.183695172878894
40113,"Osage County, Oklahoma",40,113,47074,0.15747456776606908,50105,0.06046511627906977,0.1816012957450534,0.217296171984535,0.19728512554701108
40117,"Pawnee County, Oklahoma",40,117,16402,0.2613853807883659,50991,0.03934851542231191,0.15372766481823782,0.23600780392635046,0.19125716376051702
40119,"Payne County, Oklahoma",40,119,81912,0.09363643815404793,42103,0.038552219084384796,0.12487710171622009,0.19057036820001955,0.126098740111339
40123,"Pontotoc County, Oklahoma",40,123,38385,0.10011268608030366,51682,0.04908112953832362,0.15756391295161631,0.23894750553601668,0.16514263384134428
40125,"Pottawatomie County, Oklahoma",40,125,72511,0.12576574163960766,51150,0.06317554975773387,0.17594087163367597,0.2368606142516308,0.16324419743211374
40129,"Roger Mills County, Oklahoma",40,129,3635,0.14270724029380902,54653,0.056797583081571,0.1531232725262576,0.25254470426409903,0.2063273727647868
40131,"Rogers County, Oklahoma",40,131,92052,0.11492583756871694,66038,0.0447712841777893,0.16031759996480888,0.234769478121062,0.16299482900969017
40135,"Sequoyah County, Oklahoma",40,135,41687,0.21662533581318455,41803,0.05852282742816852,0.23440339188370685,0.23755607263655337,0.1824309736848418
40137,"Stephens County, Oklahoma",40,137,43401,0.0752781809385583,51156,0.06494402292141986,0.20737434866929924,0.23158452570217275,0.19688486440404598
40141,"Tillman County, Oklahoma",40,141,7347,0.041823190583521165,39975,0.05961791831357049,0.22390620531884473,0.23778412957669798,0.1931400571661903
40143,"Tulsa County, Oklahoma",40,143,650291,0.023703932953742162,57024,0.054101703046294074,0.13358234979580133,0.25207330256761973,0.14383714367875305
40147,"Washington County, Oklahoma",40,147,51995,0.055014954294620666,53384,0.04865600544402858,0.15768761025919392,0.2381767477642081,0.19515338013270506
40149,"Washita County, Oklahoma",40,149,11066,0.09257206208425721,52591,0.05767761650114591,0.18303696117679918,0.24805711187420929,0.1816374480390385
40153,"Woodward County, Oklahoma",40,153,20352,0.14841849148418493,56182,0.04203382963638205,0.1749198800785692,0.24906643081761007,0.15330188679245282
41001,"Baker County, Oregon",41,001,16090,0.14433899801368352,46250,0.06871857382294683,0.23752405388069275,0.19608452454940958,0.2668116842759478
41005,"Clackamas County, Oregon",41,005,415084,0.05742530859809984,82911,0.04530639155345485,0.11996148691474383,0.21503599271472762,0.18049358684025402
41007,"Clatsop County, Oregon",41,007,39656,0.058870361360520145,57466,0.04350574107236911,0.18865746678294773,0.1888995360096833,0.2226901351623966
41009,"Columbia County, Oregon",41,009,52117,0.1307595350357126,68170,0.05794708653807434,0.16473698429238548,0.20991231268108296,0.18694475890784198
41011,"Coos County, Oregon",41,011,64175,0.15672406067976702,49445,0.06997880518734059,0.23547786577477675,0.1836229061160888,0.2586832878846903
41013,"Crook County, Oregon",41,013,23733,0.1588064574641756,59000,0.04980214265032333,0.19470260223048327,0.1979100830067838,0.24880967429317827
41015,"Curry County, Oregon",41,015,22889,0.1777726539082315,53174,0.08659217877094973,0.21644678979771328,0.14067892874306434,0.3434837694962646
41017,"Deschutes County, Oregon",41,017,191749,0.06005374330961873,68937,0.0557431757323848,0.12115308067793769,0.20013142180663263,0.19890064615721595
41019,"Douglas County, Oregon",41,019,110015,0.20523603624948172,50031,0.059461898826664375,0.199601254767109,0.19306458210244057,0.25664682088806073
41021,"Gilliam County, Oregon",41,021,1896,0.17641921397379912,41838,0.05660377358490566,0.1712,0.17405063291139242,0.2974683544303797
41023,"Grant County, Oregon",41,023,7174,0.21102575689109807,48202,0.09121936084393423,0.24922382162009596,0.1717312517424031,0.30554781154167826
41025,"Harney County, Oregon",41,025,7310,0.2237618681036695,43387,0.07044320516583505,0.19155438255313237,0.20314637482900136,0.2393980848153215
41027,"Hood River County, Oregon",41,027,23270,0.12557305162447677,72418,0.050329585110507946,0.10934736660483975,0.237086377309841,0.1519123334765793
41029,"Jackson County, Oregon",41,029,218781,0.11934425548703254,56327,0.051418286121297875,0.15299893354907512,0.20539717799991772,0.2199414025898044
41031,"Jefferson County, Oregon",41,031,24048,0.18246027074749852,55844,0.09492796526544306,0.17835732726556688,0.23369926813040587,0.19303060545575515
41033,"Josephine County, Oregon",41,033,87097,0.16470199684975356,47733,0.07454889447378081,0.19836937666242627,0.19472542108224164,0.2595382160120326
41035,"Klamath County, Oregon",41,035,67606,0.1382072812509272,48560,0.0745291885682459,0.18738398898269565,0.21660799337336922,0.2116528118806023
41037,"Lake County, Oregon",41,037,7896,0.18400176289114148,44237,0.07454492921121063,0.1877640005450334,0.18768996960486323,0.24924012158054712
41039,"Lane County, Oregon",41,039,377749,0.08172133702488128,54942,0.07113698335058344,0.16869915454888879,0.1837357610476798,0.1930355871226661
41041,"Lincoln County, Oregon",41,041,49336,0.14078296746559163,50775,0.07104320840296013,0.223647654845563,0.16896383979244364,0.28751824225717526
41043,"Linn County, Oregon",41,043,127216,0.1311645987121093,59547,0.06809158284806777,0.17247188345275946,0.22466513646082253,0.18584926424349138
41045,"Malheur County, Oregon",41,045,30632,0.16412533512064342,44362,0.06211232187761945,0.16261151662611517,0.24980412640376076,0.165709062418386
41047,"Marion County, Oregon",41,047,343742,0.08220069801184267,61817,0.053419060209109484,0.1515510792049274,0.2454282572394412,0.1571498391235287
41051,"Multnomah County, Oregon",41,051,809869,0.01590173434915968,71425,0.05228277972306392,0.12300322466401983,0.1868351548213353,0.13456991192402723
41055,"Sherman County, Oregon",41,055,1686,0.261878453038674,51472,0.018541409147095178,0.23026706231454006,0.19395017793594305,0.23072360616844603
41057,"Tillamook County, Oregon",41,057,26782,0.10377407736075586,54268,0.0465384274443755,0.20154861349506045,0.18818609513852588,0.2554327533417967
41061,"Union County, Oregon",41,061,26502,0.14347129731096686,53940,0.054361357789028134,0.15999390499409546,0.22092672251150858,0.2059089880009056
41063,"Wallowa County, Oregon",41,063,7065,0.12683042040623524,53423,0.049969897652016856,0.18753589890867317,0.18386411889596602,0.28520877565463554
41067,"Washington County, Oregon",41,067,595761,0.022216763205075162,86626,0.0443854313207765,0.10239598045642229,0.22846074180753692,0.13344613024350369
41069,"Wheeler County, Oregon",41,069,1417,0.23814328960645811,45354,0.04364326375711575,0.22300635144671843,0.18136908962597037,0.34368383909668315
44001,"Bristol County, Rhode Island",44,001,48645,0.0,85413,0.034374632540273585,0.098884866641701,0.1865351012437044,0.19886935964641791
44003,"Kent County, Rhode Island",44,003,164122,0.014075624614228592,75857,0.042702956358517126,0.15147184208750697,0.18751294768525853,0.18870108821486456
44007,"Providence County, Rhode Island",44,007,636161,0.0042456793086893905,62323,0.05902901547016468,0.13964912952712927,0.20581267949465623,0.15307602949567797
44009,"Washington County, Rhode Island",44,009,126139,0.021022047513245597,86970,0.059009590690790904,0.11070648215586307,0.165000515304545,0.20668468911280413
42003,"Allegheny County, Pennsylvania",42,003,1218380,0.006883947305516454,62320,0.04857972420798872,0.13582971222567827,0.18737668051018566,0.1893867266370098
42005,"Armstrong County, Pennsylvania",42,005,65356,0.10011567027882626,53545,0.05491722849998417,0.17646695586396405,0.1915049880653651,0.22180059979190894
42009,"Bedford County, Pennsylvania",42,009,48154,0.14304445810284777,51531,0.044641313742437336,0.16338376430158,0.194916310171533,0.22739543963118328
42011,"Berks County, Pennsylvania",42,011,419062,0.027627541578614325,66154,0.05580697266849395,0.13989023295328384,0.22362800731156726,0.17251146608377757
42015,"Bradford County, Pennsylvania",42,015,60721,0.14398357824769475,52375,0.047445905963711545,0.14512965425531915,0.21998978936447028,0.21323759490126976
42017,"Bucks County, Pennsylvania",42,017,627668,0.018951916076905634,93181,0.04165563676123612,0.10515997780654707,0.20394221148760172,0.18683603433662382
42021,"Cambria County, Pennsylvania",42,021,131611,0.04655527303547645,47644,0.05178095872170439,0.18302180685358255,0.19232434978839155,0.22515595201009034
42023,"Cameron County, Pennsylvania",42,023,4512,0.14369633981021238,40342,0.1023696682464455,0.20210149787614576,0.1622340425531915,0.27349290780141844
42027,"Centre County, Pennsylvania",42,027,162264,0.046151322656646086,61921,0.04060775193798449,0.09267671136877648,0.14981141842922643,0.1423729231376029
13321,"Worth County, Georgia",13,321,20346,0.32920316171758174,50913,0.06369696328430854,0.1689456995640111,0.22205838985549986,0.19188046790523935
16035,"Clearwater County, Idaho",16,035,8735,0.19050701186623517,42413,0.06325110689437065,0.21687979539641944,0.16290784201488265,0.2734974241556955
16039,"Elmore County, Idaho",16,039,27043,0.10157995531439515,45656,0.0652533307400564,0.1672712111736502,0.2512665014976149,0.1311984617091299
16045,"Gem County, Idaho",16,045,17771,0.102984673299274,53720,0.03058676654182272,0.22514603300629502,0.22958753024590625,0.21653255303584493
16051,"Jefferson County, Idaho",16,051,29238,0.08992280408929688,65577,0.03436180113107595,0.10233768011773967,0.33456460770230523,0.11211437170805116
16055,"Kootenai County, Idaho",16,055,161676,0.08120990672948804,60903,0.03998720818676047,0.14586279726117865,0.22835795046883892,0.18853756896509066
16061,"Lewis County, Idaho",16,061,3850,0.14782608695652175,42370,0.05092911218169305,0.26940162006793833,0.2238961038961039,0.26025974025974025
16067,"Minidoka County, Idaho",16,067,20817,0.093723748949958,53011,0.045049657008293234,0.14192865052236292,0.28673680165249554,0.15862035836095498
16071,"Oneida County, Idaho",16,071,4429,0.0448654037886341,54484,0.006809848088004191,0.17768688934333107,0.28426281327613456,0.19394897268006323
16077,"Power County, Idaho",16,077,7635,0.28340481689211483,51014,0.05620671283963772,0.1398840885142255,0.3093647675180092,0.1555992141453831
16083,"Twin Falls County, Idaho",16,083,86198,0.075595678555572,53363,0.030645933014354067,0.1347017543859649,0.2750527854474582,0.15471356644005663
17001,"Adams County, Illinois",17,001,65670,0.04787269238404023,55052,0.04093567251461988,0.15357885265737953,0.22654179990863407,0.202253692705954
17005,"Bond County, Illinois",17,005,16520,0.13894997251236943,53568,0.025648097076668507,0.1711163460280068,0.1907990314769976,0.18783292978208233
17011,"Bureau County, Illinois",17,011,32878,0.027042540978378722,55549,0.04977212760853922,0.13322262201310084,0.21412494677291807,0.21993430257314922
17017,"Cass County, Illinois",17,017,12324,0.12465612104539202,53899,0.06401299756295695,0.13887293905340006,0.24407659850697824,0.1779454722492697
17021,"Christian County, Illinois",17,021,32705,0.05194971780400205,52120,0.03433281412253375,0.13540492674287555,0.2002751872802324,0.19703409264638436
17027,"Clinton County, Illinois",17,027,37549,0.09667483814193224,67179,0.03105426601400074,0.14855307278311589,0.21145702948147754,0.17055048070521187
17033,"Crawford County, Illinois",17,033,18833,0.0868663594470046,50968,0.04014466546112116,0.1682808716707022,0.19264057770933998,0.19009186003292095
17039,"De Witt County, Illinois",17,039,15764,0.05489575085774611,57727,0.04835327494757617,0.11322949654236412,0.22062928190814515,0.19176604922608476
17043,"DuPage County, Illinois",17,043,926005,0.002292225535060254,94930,0.043978331950612466,0.07985724209379712,0.22703657107683003,0.15553263751275642
17049,"Effingham County, Illinois",17,049,34151,0.07746384574183182,59932,0.02626239855725879,0.1394239317252415,0.23554215103510878,0.1748997101109777
17055,"Franklin County, Illinois",17,055,38688,0.11757764308319477,43671,0.07187300110484386,0.2097750072029126,0.22058519437551696,0.20569685690653433
17061,"Greene County, Illinois",17,061,12988,0.09571984435797666,51746,0.029071635078702217,0.14897300700401353,0.20965506621496766,0.1946412072682476
17065,"Hamilton County, Illinois",17,065,8151,0.18722680913064593,55977,0.035254616675993285,0.20255361348704598,0.21616979511716353,0.21322537112010798
17071,"Henderson County, Illinois",17,071,6737,0.10227272727272728,55759,0.06163194444444445,0.16532016756433274,0.18331601603087427,0.2572361585275345
17077,"Jackson County, Illinois",17,077,57517,0.0996994507202819,39689,0.08875783539186231,0.15406078899340164,0.18481492428325538,0.15485856355512284
17121,"Marion County, Illinois",17,121,37524,0.18689798598949212,49925,0.08761968381206858,0.18267481330617788,0.23041253597697472,0.19755356571794053
17127,"Massac County, Illinois",17,127,14041,0.1787575714889421,51195,0.055926544240400666,0.19947848761408082,0.21985613560287728,0.20760629584787407
17133,"Monroe County, Illinois",17,133,34444,0.022395869671387708,89648,0.024086203253750264,0.09817458460098291,0.22247706422018348,0.1778539077923586
17139,"Moultrie County, Illinois",17,139,14557,0.0370029172424382,64033,0.03128124553635195,0.13100069979006299,0.2532802088342378,0.1904238510682146
17143,"Peoria County, Illinois",17,143,181111,0.011687380497131932,55729,0.0755173957460485,0.12818247889528708,0.23778235446770213,0.1704866076604955
17149,"Pike County, Illinois",17,149,15571,0.08401050131266408,46605,0.054652466367713,0.1715492214304566,0.22407038725836492,0.20968467022028128
17155,"Putnam County, Illinois",17,155,5720,0.07097791798107256,64694,0.02702702702702703,0.14183155314305726,0.19737762237762238,0.2291958041958042
17161,"Rock Island County, Illinois",17,161,142801,0.02616986235135911,55980,0.05756938663204978,0.1433792822826467,0.2229256097646375,0.19231658041610353
17165,"Saline County, Illinois",17,165,23735,0.12598290598290598,43928,0.07919123841617523,0.23058762930849466,0.21596797977670107,0.19860964819886243
17171,"Scott County, Illinois",17,171,4982,0.10114192495921696,59352,0.03600654664484452,0.13506388156560536,0.21296668004817343,0.20794861501405057
17177,"Stephenson County, Illinois",17,177,44683,0.043297556519753366,50466,0.06760653636654919,0.15706614874900035,0.21484680974867398,0.22975180717498825
17183,"Vermilion County, Illinois",17,183,76704,0.047481615096434025,46842,0.05837837837837838,0.1423257318453825,0.23601115978306217,0.19216729244889444
17189,"Washington County, Illinois",17,189,13967,0.09003457087028409,64390,0.0524198954283416,0.12733347860826613,0.2126440896398654,0.20906422281091144
17193,"White County, Illinois",17,193,13712,0.11446119486320491,48303,0.060288751388227826,0.19911736105916672,0.21317094515752624,0.22221411901983665
17199,"Williamson County, Illinois",17,199,66929,0.08480992524256402,52076,0.05250215565420113,0.18207326097681303,0.21799220069028374,0.1889763779527559
19001,"Adair County, Iowa",19,001,7048,0.026961445133459154,55700,0.05921233819884329,0.1519097222222222,0.2138195232690125,0.22375141884222474
19007,"Appanoose County, Iowa",19,007,12462,0.08269317668323543,39693,0.06621004566210045,0.1827078615334843,0.2233188894238485,0.23150377146525436
19011,"Benton County, Iowa",19,011,25558,0.02654867256637168,66046,0.02277673001595822,0.10928983332016746,0.2336254793019798,0.18377807340167462
19017,"Bremer County, Iowa",19,017,25032,0.012853470437017995,72209,0.031310283424840483,0.11067481682386755,0.2241530840524129,0.19742729306487697
19021,"Buena Vista County, Iowa",19,021,19950,0.023034249879401832,54014,0.05891616489115331,0.09829233584061801,0.2586466165413534,0.151328320802005
19027,"Carroll County, Iowa",19,027,20150,0.008404244143292362,59198,0.01884710857773283,0.10890939343518379,0.2342928039702233,0.20347394540942929
19033,"Cerro Gordo County, Iowa",19,033,42672,0.03398318726524772,56082,0.03251996840165013,0.13870814533364997,0.2070678665166854,0.2150121859767529
19039,"Clarke County, Iowa",19,039,9383,0.055722543352601156,55078,0.020609515457136594,0.1829810298102981,0.2478951294895023,0.179793243099222
19043,"Clayton County, Iowa",19,043,17527,0.050038322566517024,56456,0.021988630269226643,0.1402192729371033,0.21155930849546414,0.23443829520168882
19049,"Dallas County, Iowa",19,049,90418,0.027297519129444784,88368,0.03198666560838162,0.07458836870601576,0.27619500541927494,0.11916874958525957
19055,"Delaware County, Iowa",19,055,17107,0.03515046867291564,63877,0.01737674029100806,0.10532216190700967,0.2372128368504121,0.19448179107967498
19099,"Jasper County, Iowa",19,099,37032,0.03905245761155659,59481,0.03509147319995721,0.12832595017070625,0.22245625405055086,0.18986282134370275
19105,"Jones County, Iowa",19,105,20575,0.05706340378197998,57134,0.043997668997669,0.12372724467756865,0.2132685297691373,0.20665856622114218
19109,"Kossuth County, Iowa",19,109,14864,0.009301089556205155,56156,0.03694250403009135,0.168863993442175,0.2156216361679225,0.23445909580193758
19115,"Louisa County, Iowa",19,115,11125,0.1341102113371519,63034,0.040533426917002985,0.11778080945884493,0.22543820224719102,0.18768539325842695
19121,"Madison County, Iowa",19,121,16148,0.04398702946567038,71811,0.02952904407802565,0.09918078919392158,0.24671785979687888,0.17277681446618776
19125,"Marion County, Iowa",19,125,33193,0.05189075630252101,64136,0.025156131442245957,0.14593381260047927,0.2324887777543458,0.17759768625915104
19131,"Mitchell County, Iowa",19,131,10588,0.018247443352717066,60260,0.01478809738503156,0.12271414821944177,0.23573857196826598,0.21486588590857575
19137,"Montgomery County, Iowa",19,137,10016,0.0210727969348659,55761,0.03351844506148354,0.14089661482159194,0.23182907348242812,0.21186102236421725
35055,"Taos County, New Mexico",35,055,32759,0.17208948843395241,41973,0.08223101050047729,0.17520108061644257,0.17637901034830122,0.26383589242650873
35059,"Union County, New Mexico",35,059,4106,0.18309260832625318,35484,0.03416370106761566,0.23194244604316547,0.20311738918655625,0.2106673161227472
35061,"Valencia County, New Mexico",35,061,76518,0.3236614963213046,50801,0.07706261337336585,0.2102325084469611,0.23402336705089,0.17785357693614573
38003,"Barnes County, North Dakota",38,003,10592,0.05265797392176529,60472,0.017540812782216048,0.11825885978428351,0.19656344410876134,0.22498111782477342
38005,"Benson County, North Dakota",38,005,6860,0.17404033832140534,50329,0.03978450062163282,0.16024518388791595,0.34052478134110786,0.14169096209912538
38009,"Bottineau County, North Dakota",38,009,6418,0.09796009863259358,65074,0.036518563603164945,0.1519108280254777,0.2145528201932066,0.23371766905578062
38011,"Bowman County, North Dakota",38,011,3091,0.08094435075885328,70521,0.04059040590405904,0.0982467747270923,0.2461986412164348,0.21352313167259787
38015,"Burleigh County, North Dakota",38,015,95509,0.08551438798754125,72974,0.024941603443948957,0.10931052912880812,0.23269011297364647,0.1619533237705347
38017,"Cass County, North Dakota",38,017,179937,0.02187694368690493,65976,0.03089311185754383,0.097427378440264,0.22393948993258753,0.12041992475144078
38021,"Dickey County, North Dakota",38,021,4857,0.05831124574024991,64521,0.030303030303030304,0.09912969645510507,0.23656578134651018,0.20650607370805024
38025,"Dunn County, North Dakota",38,025,4362,0.2547966231772832,82750,0.017577197149643706,0.13359665427509293,0.24254928931682715,0.17171022466758368
38027,"Eddy County, North Dakota",38,027,2262,0.05222135619641465,52895,0.01386481802426343,0.1848124428179323,0.22192749778956675,0.24314765694076038
38031,"Foster County, North Dakota",38,031,3231,0.041758241758241756,61250,0.0022637238256932655,0.13146139119336311,0.2175796966883318,0.2265552460538533
38033,"Golden Valley County, North Dakota",38,033,1796,0.025024061597690085,72308,0.030693069306930693,0.16772334293948127,0.20155902004454343,0.22884187082405344
38037,"Grant County, North Dakota",38,037,2318,0.16909620991253643,53750,0.012048192771084338,0.14109347442680775,0.2200172562553926,0.2886108714408973
38039,"Griggs County, North Dakota",38,039,2314,0.031628532974428,53917,0.014517506404782237,0.13294276701216765,0.1974935177182368,0.3197925669835782
38043,"Kidder County, North Dakota",38,043,2468,0.219162363740677,52063,0.009674582233948988,0.10714285714285714,0.2252836304700162,0.22082658022690438
38045,"LaMoure County, North Dakota",38,045,4225,0.03245614035087719,61477,0.007852193995381063,0.11076330363592583,0.2293491124260355,0.2579881656804734
38049,"McHenry County, North Dakota",38,049,5825,0.10654441985456845,67039,0.04501175680214981,0.1290097629009763,0.23742489270386266,0.20583690987124464
38051,"McIntosh County, North Dakota",38,051,2535,0.03546099290780142,51136,0.008029197080291971,0.13050638122684233,0.17159763313609466,0.3155818540433925
38055,"McLean County, North Dakota",38,055,9531,0.11123559539052497,70261,0.015467239527389903,0.10238145864341909,0.21624173748819642,0.23439303325988878
38057,"Mercer County, North Dakota",38,057,8359,0.11028192371475953,82087,0.01879609802522008,0.12069594841221559,0.22514654863021893,0.19284603421461896
38061,"Mountrail County, North Dakota",38,061,10348,0.24821463038023547,70412,0.04337631887456037,0.14359273292528904,0.2762852725164283,0.11528797835330498
38065,"Oliver County, North Dakota",38,065,1962,0.15308151093439365,66641,0.027428571428571427,0.11173469387755101,0.2528032619775739,0.24821610601427116
38067,"Pembina County, North Dakota",38,067,6850,0.0738533298782068,60910,0.04482758620689655,0.12060678882547311,0.20773722627737226,0.2310948905109489
38071,"Ramsey County, North Dakota",38,071,11521,0.07789330151695927,52688,0.006009420172161767,0.1720216606498195,0.23487544483985764,0.19850707403871193
38073,"Ransom County, North Dakota",38,073,5258,0.05539033457249071,62235,0.032432432432432434,0.13114112350753573,0.20939520730315708,0.20958539368581208
38077,"Richland County, North Dakota",38,077,16245,0.05231284628269553,60833,0.029807802969271494,0.12089756340129289,0.21852877808556478,0.17888581101877502
38079,"Rolette County, North Dakota",38,079,14437,0.2069767441860465,46481,0.06821428571428571,0.1606532207411543,0.3399598254485004,0.11754519637043707
38083,"Sheridan County, North Dakota",38,083,1289,0.11161217587373168,54250,0.01718213058419244,0.1186966640806827,0.1590380139643134,0.317300232738557
38085,"Sioux County, North Dakota",38,085,4339,0.12100965107646622,41893,0.1678832116788321,0.1356562137049942,0.3489283244987324,0.08550357225167089
38089,"Stark County, North Dakota",38,089,31164,0.07197891321978914,69412,0.02707800900571985,0.0905528386825145,0.2666538313438583,0.13127326402259018
38091,"Steele County, North Dakota",38,091,1817,0.10338983050847457,77167,0.005494505494505495,0.09631260319207485,0.2239955971381398,0.21849201981287836
38095,"Towner County, North Dakota",38,095,2191,0.035618279569892476,49464,0.020522388059701493,0.15046296296296297,0.20994979461433136,0.24509356458238246
38097,"Traill County, North Dakota",38,097,7999,0.03194805194805195,67604,0.027577937649880094,0.11823673049736538,0.22340292536567072,0.1957744718089761
38101,"Ward County, North Dakota",38,101,68962,0.07889248254390473,68098,0.039658412558036704,0.10113482041115776,0.23555001305066559,0.12612743249905745
38105,"Williams County, North Dakota",38,105,36044,0.0564905079527963,79508,0.0342644130112853,0.10952727680071693,0.2879258683830873,0.09382976362223948
04001,"Apache County, Arizona",04,001,71714,0.2322799987857815,33967,0.09373060211049038,0.14332568516772004,0.26821820007251024,0.154655994645397
04003,"Cochise County, Arizona",04,003,126442,0.2052297165200391,51505,0.06769976807927472,0.1758705264319237,0.21479413486025214,0.22224419101248002
04005,"Coconino County, Arizona",04,005,142254,0.12705255437304475,59000,0.08060312992098552,0.127944200640251,0.20414188704711292,0.1262178919397697
04007,"Gila County, Arizona",04,007,53846,0.20448478376935397,46907,0.06331824597264807,0.2099005416422896,0.19849199569141626,0.28917654050440145
04009,"Graham County, Arizona",04,009,38304,0.22561778037724814,55693,0.0692986724125947,0.1394745100276724,0.26803989139515455,0.13857560568086885
04011,"Greenlee County, Arizona",04,011,9465,0.25263157894736843,66368,0.028481776490465845,0.12231896368655766,0.2731114632857897,0.1277337559429477
04012,"La Paz County, Arizona",04,012,21035,0.5512631837135148,34956,0.08833922261484099,0.26489020714729944,0.1603993344425957,0.39781316852864274
04013,"Maricopa County, Arizona",04,013,4412779,0.051515391759349445,67799,0.05097982223307991,0.11439048771529256,0.23817598841908919,0.15208012909778623
04015,"Mohave County, Arizona",04,015,210998,0.2613583219302652,47686,0.07629991525001246,0.22162115292904866,0.17064616726224893,0.3040123603067328
04017,"Navajo County, Arizona",04,017,110271,0.2129658251760261,43140,0.11031799206308303,0.18944692851444367,0.2646207978525632,0.18086350899148462
04019,"Pima County, Arizona",04,019,1038476,0.10385634967921319,55023,0.06843185668531197,0.15182736117574486,0.20834569118593016,0.19771280222171722
04021,"Pinal County, Arizona",04,021,447559,0.18301832712313063,60968,0.07072033874820567,0.16069889876809743,0.22605287794458384,0.20516177755335052
04023,"Santa Cruz County, Arizona",04,023,46594,0.059417771018900715,41424,0.08330768441571766,0.14027765764207248,0.27104348199338973,0.1788856934369232
04025,"Yavapai County, Arizona",04,025,232396,0.1810581198167568,53329,0.058419100360482736,0.18211808712367197,0.16172395394068745,0.3162618977951428
04027,"Yuma County, Arizona",04,027,211931,0.30222621031491687,48790,0.08642218869676221,0.12602132871748983,0.2517140012551255,0.19081682245636553
20001,"Allen County, Kansas",20,001,12503,0.08297905841599748,47983,0.0422766902451061,0.18436662062241002,0.22410621450851795,0.2065104374950012
20003,"Anderson County, Kansas",20,003,7877,0.049586776859504134,52995,0.047927826332111644,0.14186316196366447,0.2574584232575854,0.21086708137615845
20005,"Atchison County, Kansas",20,005,16210,0.055180342003161374,50683,0.038390550018456995,0.1320154652032926,0.23325107958050587,0.17063541024059223
20007,"Barber County, Kansas",20,007,4493,0.055738907224055737,49668,0.025500910746812388,0.17995955964951696,0.24860894725127977,0.2181170709993323
20009,"Barton County, Kansas",20,009,26209,0.08665933375235702,48863,0.03424657534246575,0.15115693190186427,0.23732305696516465,0.19512381243084437
20011,"Bourbon County, Kansas",20,011,14539,0.07624262847514743,46369,0.034888922021768305,0.18355093206730433,0.2538689043262948,0.20015131714698398
42029,"Chester County, Pennsylvania",42,029,521980,0.024827107552735296,104161,0.041055605271007704,0.09044831441980677,0.2271140656730143,0.1635656538564696
42033,"Clearfield County, Pennsylvania",42,033,79466,0.12853182777650618,50150,0.07390199240208806,0.19205038450622372,0.18176326982608915,0.20519467445196687
42035,"Clinton County, Pennsylvania",42,035,38549,0.0900971075453082,51145,0.05767595152030619,0.17138948088510012,0.20218423305403513,0.18729409323199045
42039,"Crawford County, Pennsylvania",42,039,85074,0.1322051236434798,51919,0.05825632784250703,0.17808087829901478,0.20759574017913815,0.20555046195077226
42041,"Cumberland County, Pennsylvania",42,041,251487,0.04804529825085962,71979,0.034586672145743444,0.12099660156409942,0.20293693113361724,0.18482863925371887
42045,"Delaware County, Pennsylvania",42,045,565328,0.003168020787911687,76238,0.06185421849122642,0.11682816537467701,0.2202172897857527,0.16458233096538646
42047,"Elk County, Pennsylvania",42,047,30077,0.07126010781671159,54961,0.060111979326893494,0.15854765506807866,0.19087674967583204,0.22369252252551783
42051,"Fayette County, Pennsylvania",42,051,130329,0.10653400188028832,49075,0.07314644478574202,0.19658692839334743,0.1925588318793208,0.2108970374974104
42053,"Forest County, Pennsylvania",42,053,7190,0.17738791423001948,41225,0.0535833891493637,0.287538304392237,0.05243393602225313,0.2329624478442281
42057,"Fulton County, Pennsylvania",42,057,14492,0.15325354244050077,55424,0.05245674740484429,0.16287747909612327,0.19886834115374,0.21294507314380348
42059,"Greene County, Pennsylvania",42,059,36484,0.18091380234705426,55993,0.04922491161272777,0.19237225739949934,0.19411248766582612,0.1903848262251946
42063,"Indiana County, Pennsylvania",42,063,84463,0.10661981584549489,49270,0.07208966199254507,0.16262734390974368,0.17994861655399405,0.19293655209973598
42065,"Jefferson County, Pennsylvania",42,065,43570,0.08435218576831735,49604,0.04526208205577457,0.16003347591593825,0.21308239614413588,0.2091806288730778
42069,"Lackawanna County, Pennsylvania",42,069,210162,0.021903833916640154,54064,0.04235959189204887,0.15617212725315854,0.20400928807301033,0.19945565801619702
42071,"Lancaster County, Pennsylvania",42,071,543050,0.033239064856711915,69588,0.0361713889348577,0.1149935675094998,0.23540189669459535,0.17994107356596997
42075,"Lebanon County, Pennsylvania",42,075,140410,0.05387269277212351,61632,0.04897803409380035,0.13459457899975477,0.2276689694466206,0.19427391211452175
42077,"Lehigh County, Pennsylvania",42,077,367338,0.019216218242796474,66214,0.062055910099161504,0.1299190660877529,0.22702796879168505,0.16702873103245514
42081,"Lycoming County, Pennsylvania",42,081,114014,0.05693684269515999,54906,0.050765627814808145,0.1589605313161657,0.2047555563351869,0.19347623976002948
42083,"McKean County, Pennsylvania",42,083,41021,0.09021636876763876,49240,0.06485799067401442,0.1932367149758454,0.19828868140708417,0.19453450671607225
42085,"Mercer County, Pennsylvania",42,085,110519,0.07936447240120069,50529,0.058114812189936214,0.18628141883955837,0.19412046797383256,0.2171300862295171
42089,"Monroe County, Pennsylvania",42,089,168824,0.03749020184205369,68734,0.06229243650311053,0.1462776420098945,0.19635241434867082,0.17398592617163436
42091,"Montgomery County, Pennsylvania",42,091,827180,0.0078110824565943565,93518,0.044832466071303,0.10160120567157753,0.21586837205928577,0.17759254334002272
42093,"Montour County, Pennsylvania",42,093,18178,0.06664234464307431,59915,0.017035775127768313,0.13712874131096686,0.20436791726262515,0.21124436131587634
42095,"Northampton County, Pennsylvania",42,095,304233,0.02041179707986662,73088,0.04576575210954474,0.12165316991318305,0.199416236897378,0.1901042950633232
42097,"Northumberland County, Pennsylvania",42,097,91234,0.04687843240630904,49273,0.04229321137366318,0.17080872796917396,0.19634127627858036,0.21174123681960672
42099,"Perry County, Pennsylvania",42,099,46133,0.11818094965128499,70660,0.03375420875420875,0.1372871326188441,0.2146836321071684,0.1841848568270002
42101,"Philadelphia County, Pennsylvania",42,101,1581531,0.0025728427953871673,49127,0.08789004353231447,0.16687894920462612,0.217431084183617,0.13746363492084568
42103,"Pike County, Pennsylvania",42,103,55660,0.04274117134881815,67495,0.07833148763381322,0.16905076224749988,0.17802730865971972,0.22233201581027667
42105,"Potter County, Pennsylvania",42,105,16685,0.14218737990930752,47696,0.06769147788565265,0.18446011673151752,0.2043152532214564,0.23979622415343121
42107,"Schuylkill County, Pennsylvania",42,107,141935,0.03907668119774173,53703,0.05200875247465801,0.18005949069437954,0.19747771867404093,0.2041216049600169
42109,"Snyder County, Pennsylvania",42,109,40452,0.0776969696969697,60227,0.02457522777640975,0.13406122245488084,0.20797488381291407,0.18871749233659646
42111,"Somerset County, Pennsylvania",42,111,73844,0.11167354567401293,51255,0.04836464857341684,0.1684915812219918,0.18115215860462597,0.22242836249390607
42113,"Sullivan County, Pennsylvania",42,113,6038,0.1050486045782377,49830,0.050446122168840084,0.17717409875277634,0.10698906922822127,0.2800596223915204
42115,"Susquehanna County, Pennsylvania",42,115,40604,0.11763698630136986,55788,0.06132573358665822,0.16148960452538083,0.18741995862476604,0.23450891537779528
42117,"Tioga County, Pennsylvania",42,117,40759,0.16781745850290367,51838,0.05212172264925766,0.18053869217236168,0.19917073529772567,0.2196324738094654
42119,"Union County, Pennsylvania",42,119,44831,0.0689615605278256,56824,0.028566737809883433,0.1363221653403619,0.17838103098302513,0.18194998996230288
42121,"Venango County, Pennsylvania",42,121,51355,0.10886819120791505,51405,0.06571787358727502,0.19365217219667213,0.19341836237951515,0.2254113523512803
42123,"Warren County, Pennsylvania",42,123,39466,0.09789647437253989,52034,0.04380375915896782,0.15594065770190008,0.19416713120154055,0.22913393807327825
42125,"Washington County, Pennsylvania",42,125,207081,0.05730135150577065,65478,0.05398508605290765,0.14985111868107234,0.19539697026767303,0.2053544265287496
42127,"Wayne County, Pennsylvania",42,127,51268,0.06954695654859332,55572,0.05110441315398803,0.19140821458507964,0.1658539439806507,0.23956464071155498
42131,"Wyoming County, Pennsylvania",42,131,27078,0.12122561020847245,60075,0.04917908753877582,0.1354061812623495,0.19554619986705074,0.21157397148977028
42133,"York County, Pennsylvania",42,133,447628,0.04791883004499827,68940,0.046285007993992905,0.1365786624657299,0.2205782480095079,0.1748416095507877
45001,"Abbeville County, South Carolina",45,001,24582,0.2545246089591352,43090,0.05013613745188245,0.16026114806602612,0.20234317793507445,0.21633715726954683
45005,"Allendale County, South Carolina",45,005,8789,0.2613333333333333,26074,0.1287415513356936,0.27393206381883684,0.1900102400728183,0.20332233473660258
45007,"Anderson County, South Carolina",45,007,200183,0.1596385880240193,53598,0.05463878959181977,0.16640235214749255,0.22823616391002233,0.179800482558459
45011,"Barnwell County, South Carolina",45,011,21170,0.2859843115017484,37572,0.06624917600527357,0.2146754738655945,0.234624468587624,0.1841284837033538
45013,"Beaufort County, South Carolina",45,013,189732,0.09558772598185218,71430,0.04548138685691561,0.1308321598237818,0.18645774039171042,0.27207324014926315
45017,"Calhoun County, South Carolina",45,017,14608,0.3600853219570724,49844,0.06517109186426238,0.20632291019534754,0.19105969331872946,0.22775191675794085
45019,"Charleston County, South Carolina",45,019,407543,0.05870374528119632,67182,0.03653257947909908,0.10549884606334888,0.19630566590519283,0.16380848155900113
45023,"Chester County, South Carolina",45,023,32260,0.20247766043866774,43985,0.049401091501878235,0.17649990654787864,0.22377557346559207,0.1846249225046497
45025,"Chesterfield County, South Carolina",45,025,45833,0.3565521043925749,41937,0.09401114206128133,0.17802313816918136,0.22211070625968188,0.18379770034691162
45029,"Colleton County, South Carolina",45,029,37624,0.4053960396039604,36748,0.07011487411463603,0.13850828879181704,0.2248033170316819,0.19923453115032957
45031,"Darlington County, South Carolina",45,031,66858,0.30069590548632463,37141,0.08038878557142357,0.19115068327488208,0.22236680726315475,0.18911723353974094
45033,"Dillon County, South Carolina",45,033,30473,0.3320538818076477,36429,0.06374722838137473,0.16359897854276523,0.2520591999474945,0.16398122928494077
45037,"Edgefield County, South Carolina",45,037,27021,0.2291139240506329,52491,0.07025680666494889,0.15961374609485943,0.18089633988379408,0.1904074608637726
45039,"Fairfield County, South Carolina",45,039,22406,0.23682890115403912,43861,0.049863919129082425,0.16825425488691256,0.19119878603945373,0.21570115147728286
45043,"Georgetown County, South Carolina",45,043,62150,0.19478334034497266,52488,0.06873255984726098,0.16446140108775062,0.1815768302493966,0.2778439259855189
19141,"O'Brien County, Iowa",19,141,13796,0.02824689881930952,57200,0.01785959609836516,0.14685314685314685,0.23586546825166715,0.20795882864598433
19147,"Palo Alto County, Iowa",19,147,8941,0.00544188071397475,56437,0.018076044047371703,0.1544436828878227,0.2314058830108489,0.2178727211721284
19153,"Polk County, Iowa",19,153,485418,0.02171868110332664,69747,0.04574169266467564,0.11113747676526728,0.2486722783250724,0.1306832461919418
19157,"Poweshiek County, Iowa",19,157,18391,0.0445414847161572,53925,0.05014689494478776,0.11429832303618712,0.19509542711108693,0.20384970909684086
19163,"Scott County, Iowa",19,163,172938,0.024738153277436982,63876,0.03978089385348408,0.10612798232953317,0.23755912523563358,0.1620638610369034
19169,"Story County, Iowa",19,169,97355,0.04060202149374124,58302,0.05687551600770571,0.08239270652443563,0.16500436546659134,0.12180165374146167
19173,"Taylor County, Iowa",19,173,6160,0.05507246376811594,57768,0.02719797596457938,0.14186851211072665,0.23214285714285715,0.22727272727272727
19179,"Wapello County, Iowa",19,179,35102,0.04975124378109453,46433,0.05096650606605909,0.15574666359871145,0.22710956640647256,0.17691299641046093
19185,"Wayne County, Iowa",19,185,6426,0.08,47543,0.01364590622813156,0.14508999052731292,0.2549019607843137,0.21630874572051043
19189,"Winnebago County, Iowa",19,189,10474,0.004040792765056763,51581,0.0309351246243592,0.13503507404520654,0.21777735344662974,0.2116669849150277
19195,"Worth County, Iowa",19,195,7422,0.021312872975277068,60442,0.03367813326918451,0.1434622216149747,0.20479655079493397,0.2095122608461331
24003,"Anne Arundel County, Maryland",24,003,575421,0.015044404188574206,103225,0.04245498285371546,0.10681512717682307,0.22315139697716976,0.14777701891310885
24009,"Calvert County, Maryland",24,009,92094,0.008723638519522318,112696,0.0380122342928456,0.0990213581961251,0.232045518709145,0.14941255673550938
24015,"Cecil County, Maryland",24,015,102889,0.05940501288357929,79415,0.052090742335192605,0.13725317002316179,0.22644791960267863,0.1570235885274422
24021,"Frederick County, Maryland",24,021,255955,0.00947781284344468,100685,0.04080520766999222,0.10321312717543153,0.23215408958606004,0.14511925924478913
24027,"Howard County, Maryland",24,027,322407,0.007704785077047851,124042,0.03868013893274392,0.08138888801690121,0.24364545434807558,0.13818868697019607
24031,"Montgomery County, Maryland",24,031,1047661,0.0013470772776746271,111812,0.046403130501235006,0.08486261063864624,0.23241201113719037,0.15502533739444344
24037,"St. Mary's County, Maryland",24,037,113182,0.042775851919680814,95864,0.03488372093023256,0.11892736455797391,0.24218515311621988,0.1283861391387323
26031,"Cheboygan County, Michigan",26,031,25435,0.08416747389947261,49624,0.07420367877972185,0.1848856664807585,0.16496953017495578,0.27540790249655983
26037,"Clinton County, Michigan",26,037,78957,0.0687842278203724,72490,0.03422203553161523,0.1251865743044127,0.2233620831591879,0.16963663766353837
26043,"Dickinson County, Michigan",26,043,25373,0.059257159058690105,51704,0.0381609577652145,0.17080076567235603,0.19753281046782012,0.22902297718046744
26047,"Emmet County, Michigan",26,047,33175,0.06160069875419483,55947,0.03980826562225989,0.13547856293993968,0.1918914845516202,0.2243255463451394
26053,"Gogebic County, Michigan",26,053,14715,0.0280174413210873,38625,0.044905008635578586,0.1573180465858791,0.15684675501189263,0.2653754672103296
26059,"Hillsdale County, Michigan",26,059,45707,0.08954885513489005,51535,0.04066279870193726,0.1494679206958979,0.21771282298116262,0.19515610300391625
26065,"Ingham County, Michigan",26,065,290923,0.026715156597748604,55253,0.0675296530639887,0.13036788603830993,0.19735462648192134,0.1359500623876421
26069,"Iosco County, Michigan",26,069,25213,0.06843588995819967,42628,0.07444366829657718,0.21097232820595205,0.16435965573315353,0.2956411375084282
26075,"Jackson County, Michigan",26,075,158174,0.060428290709849536,54511,0.06284419847535336,0.15094804235409998,0.21553479080000507,0.1765460821626816
26081,"Kent County, Michigan",26,081,652617,0.03933648367462031,65722,0.045983079180466985,0.11093246348053247,0.24170072186289968,0.1364904683757855
26087,"Lapeer County, Michigan",26,087,87975,0.07444930331097048,65197,0.058808332746189435,0.14273808972637622,0.20658141517476555,0.18080136402387043
26091,"Lenawee County, Michigan",26,091,98310,0.06916662869640497,57314,0.04838503766117707,0.14673598467707138,0.21095514189807751,0.1880174956769403
26097,"Mackinac County, Michigan",26,097,10781,0.06952728567613282,50058,0.0922486879289463,0.19293478260869565,0.15675725813931918,0.28151377423244595
26103,"Marquette County, Michigan",26,103,66403,0.05867018076603547,54585,0.058330003995205756,0.13945053248958172,0.1790732346430131,0.1911359426531934
26109,"Menominee County, Michigan",26,109,22902,0.0962302278586858,48548,0.05374911158493248,0.16478605248019823,0.18260413937647368,0.24482577940791198
26113,"Missaukee County, Michigan",26,113,15075,0.1857635149687702,47370,0.07853934212432981,0.17974751185625543,0.22859038142620233,0.20676616915422885
26119,"Montmorency County, Michigan",26,119,9270,0.11047480216576426,42160,0.07161496085821978,0.2370483239007401,0.14638619201725997,0.31585760517799355
26125,"Oakland County, Michigan",26,125,1255340,0.029341774673765066,81587,0.04659781959708985,0.11673584821056812,0.20951057084136568,0.16839262669874297
26131,"Ontonagon County, Michigan",26,131,5802,0.058916359810625984,41776,0.05934997644842204,0.18886956521739132,0.1175456739055498,0.36280592899000347
26137,"Otsego County, Michigan",26,137,24613,0.09657299979880625,55917,0.056565313402412096,0.17312100867856559,0.20968593832527527,0.2106610327875513
26141,"Presque Isle County, Michigan",26,141,12687,0.055449147672859606,48734,0.06376811594202898,0.1946853369400907,0.15842988886261528,0.31559864428154805
26147,"St. Clair County, Michigan",26,147,159285,0.0682781960080116,58722,0.0662792483743792,0.1672700345565246,0.20866371598078914,0.18743761182785573
26153,"Schoolcraft County, Michigan",26,153,8031,0.0653400188028831,48443,0.07425294295200724,0.20565228362351753,0.1695928277923048,0.27344041837878225
26159,"Van Buren County, Michigan",26,159,75416,0.11948440926351821,56652,0.051603943140351834,0.14153541727946092,0.2331335525617906,0.18009440967433965
28039,"George County, Mississippi",28,039,24098,0.1968363712549759,47044,0.12615417650848185,0.20649721122322987,0.2641298033031787,0.14752261598472902
28045,"Hancock County, Mississippi",28,045,47339,0.09829092877581007,54860,0.06059524340725537,0.148779915031703,0.20287712034474745,0.20283487188153532
28051,"Holmes County, Mississippi",28,051,17414,0.28150820435237983,24074,0.15358649789029535,0.24120136835391662,0.25513954289652,0.15165958424256346
28057,"Itawamba County, Mississippi",28,057,23396,0.1955193482688391,47649,0.01637586509406375,0.16185821186037458,0.21747307232005472,0.17618396307061035
28063,"Jefferson County, Mississippi",28,063,7129,0.36356446084893224,29524,0.09663536776212832,0.13062585240187907,0.2206480572310282,0.15500070136063965
28069,"Kemper County, Mississippi",28,069,9829,0.14570230607966456,30735,0.15365123243492282,0.2114952370758857,0.1861837419879947,0.20897344592532302
28073,"Lamar County, Mississippi",28,073,62693,0.10968499473641591,61649,0.09165785341153095,0.14474322096894088,0.2476193514427448,0.13598009347136045
28079,"Leake County, Mississippi",28,079,22791,0.24278420339689485,36708,0.08295331161780674,0.23817887057552012,0.2586108551621254,0.16186213856346804
28085,"Lincoln County, Mississippi",28,085,34197,0.2663133699399821,41355,0.05250322765743796,0.14150523599038833,0.2339094072579466,0.16998567125771266
28091,"Marion County, Mississippi",28,091,24785,0.25731284085275163,31629,0.09365300224767205,0.22972128483939508,0.23332660883598952,0.18434537018357877
28097,"Montgomery County, Mississippi",28,097,9956,0.13415267439847672,38022,0.08095007270964615,0.20244648318042813,0.22719967858577741,0.21605062274005624
28101,"Newton County, Mississippi",28,101,21215,0.2689850214727139,42176,0.038662952646239555,0.19827873139650992,0.24718359651190194,0.1621022861183125
28107,"Panola County, Mississippi",28,107,34079,0.27302239300384257,37232,0.08135382704548984,0.18667928546078316,0.25038880248833595,0.15907156900143785
28113,"Pike County, Mississippi",28,113,39365,0.21973740392826643,32726,0.07103120759837178,0.17710432491086653,0.2588847961387019,0.16849993649180744
28119,"Quitman County, Mississippi",28,119,7038,0.125,24233,0.15652792600498044,0.16644823066841416,0.23231031543052003,0.17377095765842568
28125,"Sharkey County, Mississippi",28,125,4427,0.25972222222222224,35711,0.104,0.1933395004625347,0.23943980121978767,0.17235147955726227
28129,"Smith County, Mississippi",28,129,15919,0.30107816711590296,44714,0.044696254327982375,0.20825432941473898,0.23129593567435142,0.19605502858219737
20015,"Butler County, Kansas",20,015,66890,0.07332201137118807,66405,0.041786473309163644,0.1348012805496994,0.25495589774256244,0.1515473164897593
20019,"Chautauqua County, Kansas",20,019,3280,0.16277985074626866,39500,0.0639943741209564,0.23179423613263092,0.20792682926829267,0.2503048780487805
20021,"Cherokee County, Kansas",20,021,20017,0.08745324031948236,41936,0.02297568592460406,0.22623248311321706,0.23749812659239647,0.1927861317879802
20025,"Clark County, Kansas",20,025,2006,0.05123825789923143,52500,0.015182186234817813,0.1971178589809573,0.2337986041874377,0.2337986041874377
20027,"Clay County, Kansas",20,027,8030,0.02880156211862338,47880,0.02574772431729519,0.17065064553240444,0.22963885429638856,0.24844333748443337
20031,"Coffey County, Kansas",20,031,8218,0.0925700365408039,59405,0.04716531681753216,0.17263883758157864,0.21124361158432708,0.21550255536626917
20033,"Comanche County, Kansas",20,033,1759,0.030680728667305847,48125,0.03046218487394958,0.1944279786603438,0.1961341671404207,0.27913587265491757
20037,"Crawford County, Kansas",20,037,38874,0.05785942140578594,42615,0.051601244854934246,0.15328085362345373,0.21770334928229665,0.15274990996552967
20041,"Dickinson County, Kansas",20,041,18614,0.04008714596949891,53864,0.028774686770014865,0.16508196721311474,0.23348017621145375,0.1980229934457935
20043,"Doniphan County, Kansas",20,043,7616,0.11608391608391608,51953,0.012506380806533947,0.12919105907397552,0.19262079831932774,0.19196428571428573
20047,"Edwards County, Kansas",20,047,2822,0.047472256473489516,50028,0.018736988202637056,0.13177159590043924,0.2264351523742027,0.21261516654854712
20049,"Elk County, Kansas",20,049,2502,0.10205245153933866,42564,0.05952380952380952,0.22396461600321674,0.21942446043165467,0.28816946442845726
20053,"Ellsworth County, Kansas",20,053,6176,0.09900990099009901,56306,0.017499088589135983,0.16061980347694632,0.18458549222797926,0.20644430051813473
20055,"Finney County, Kansas",20,055,36451,0.13624338624338625,60498,0.0418201629222228,0.11324508801503302,0.30361306960028533,0.1094894515925489
20059,"Franklin County, Kansas",20,059,25643,0.09280454263153225,55873,0.030722663639803253,0.15761573801390033,0.2390125960301057,0.1699489139336271
20061,"Geary County, Kansas",20,061,33309,0.058900267432000525,52019,0.03875968992248062,0.12535494147794168,0.31069680867032934,0.08457173736827885
20065,"Graham County, Kansas",20,065,2464,0.0667565745111261,40890,0.04068348250610252,0.17091207888249796,0.2086038961038961,0.27637987012987014
20069,"Gray County, Kansas",20,069,6020,0.11156518185533307,70457,0.023179791976225855,0.07850404312668463,0.29169435215946843,0.1521594684385382
20071,"Greeley County, Kansas",20,071,1156,0.11003236245954692,53750,0.0,0.17761989342806395,0.27335640138408307,0.19204152249134948
20075,"Hamilton County, Kansas",20,075,2552,0.12049252418645559,44894,0.0,0.1359717868338558,0.2907523510971787,0.125
20077,"Harper County, Kansas",20,077,5506,0.03192161820480405,49283,0.048740190004130525,0.1647982062780269,0.2486378496185979,0.2257537232110425
20081,"Haskell County, Kansas",20,081,3990,0.20567375886524822,54638,0.025089605734767026,0.08438925494171312,0.28270676691729324,0.13659147869674185
20083,"Hodgeman County, Kansas",20,083,1872,0.06092436974789916,60703,0.03356367226061204,0.15225666122892875,0.21314102564102563,0.22435897435897437
20087,"Jefferson County, Kansas",20,087,18974,0.0636655184701271,67429,0.03488372093023256,0.13779107028412732,0.2283651312322125,0.18999683777801202
20091,"Johnson County, Kansas",20,091,597574,0.005923299400316998,91650,0.031503134360986215,0.08615304221767091,0.24325690207405276,0.1453962187109881
20093,"Kearny County, Kansas",20,093,3863,0.15130324221233313,46464,0.01584606677985286,0.14781693845344557,0.2904478384675123,0.15221330572094227
20097,"Kiowa County, Kansas",20,097,2483,0.057211925866236905,53107,0.028145695364238412,0.17279867713931377,0.2396294804671768,0.21908981071284736
20099,"Labette County, Kansas",20,099,19938,0.05667895208686124,47922,0.028929408169501885,0.19186610195438078,0.23974320393218979,0.19034005416792055
20103,"Leavenworth County, Kansas",20,103,81499,0.014003734329154442,76307,0.05691652423971135,0.12675257314206986,0.23709493368016785,0.14425943876611982
20105,"Lincoln County, Kansas",20,105,3013,0.055735930735930736,46523,0.017461383478844864,0.1552542372881356,0.2366412213740458,0.23896448722203784
20109,"Logan County, Kansas",20,109,2789,0.07108350586611456,51136,0.0063604240282685515,0.15745454545454546,0.24453209035496593,0.2090354965937612
20113,"McPherson County, Kansas",20,113,28557,0.03722567597932739,59928,0.013421035147166301,0.13271471730686232,0.22054137339356375,0.19749973736737053
20115,"Marion County, Kansas",20,115,11865,0.044318560479840056,50816,0.04030612244897959,0.14639443961772372,0.21188369152970923,0.23278550358196376
20119,"Meade County, Kansas",20,119,4120,0.1122345803842265,56817,0.022607022607022607,0.09545227386306847,0.2546116504854369,0.1742718446601942
20121,"Miami County, Kansas",20,121,33740,0.032039743682050544,75635,0.018197984588026083,0.13358963492159592,0.24362774155305275,0.17252519264967398
20125,"Montgomery County, Kansas",20,125,32114,0.08002187386073642,45288,0.05192618534482758,0.19515899383009017,0.23643893628946877,0.192781964252351
20127,"Morris County, Kansas",20,127,5551,0.09184308841843089,52792,0.02718717323109097,0.1780997798972854,0.2080706179066835,0.24536119618086832
20131,"Nemaha County, Kansas",20,131,10109,0.03223712678494158,61382,0.019634263715110685,0.13268937468225725,0.26550598476605003,0.19814027104560292
20133,"Neosho County, Kansas",20,133,16008,0.07317073170731707,49493,0.0355157923275044,0.1952206347199393,0.24568965517241378,0.2005872063968016
20137,"Norton County, Kansas",20,137,5416,0.04838709677419355,48486,0.031610422896198205,0.1385395984998897,0.18962333825701624,0.20845642540620385
20141,"Osborne County, Kansas",20,141,3494,0.035944700460829496,50774,0.01962983735277622,0.1508100147275405,0.20978820835718373,0.24813966800228965
20143,"Ottawa County, Kansas",20,143,5776,0.03276917536910335,59607,0.023466309084813945,0.14014084507042254,0.2248961218836565,0.20498614958448755
20145,"Pawnee County, Kansas",20,145,6539,0.04749841671944269,46559,0.017863277224321537,0.21131870125158717,0.1636335831166845,0.2212876586634042
20147,"Phillips County, Kansas",20,147,5297,0.053091615409517644,51820,0.02452415812591508,0.176142912024587,0.22371153483103642,0.23409477062488201
20149,"Pottawatomie County, Kansas",20,149,24203,0.10525244299674268,70064,0.02218146886734783,0.10982950957693118,0.29293889187290834,0.14250299549642606
20151,"Pratt County, Kansas",20,151,9324,0.04203935599284436,54644,0.03339839514205162,0.1103222282905516,0.2531102531102531,0.19465894465894465
20153,"Rawlins County, Kansas",20,153,2490,0.053304904051172705,57281,0.008106116433308769,0.1934826883910387,0.21204819277108433,0.26626506024096386
20155,"Reno County, Kansas",20,155,62421,0.041516308727183544,51520,0.043514201633435834,0.150559511698881,0.22490828407106583,0.19823456849457716
20157,"Republic County, Kansas",20,157,4607,0.019197207678883072,50411,0.010222222222222223,0.1282392026578073,0.21619275016279574,0.2711091816800521
20159,"Rice County, Kansas",20,159,9532,0.038637851997380485,49688,0.04554655870445344,0.15842009230438983,0.22377255560218212,0.1917750734368443
20161,"Riley County, Kansas",20,161,74059,0.05658380112269447,51098,0.05043661935550346,0.11702568351284176,0.16451747930703897,0.09243981150164059
20163,"Rooks County, Kansas",20,163,4985,0.02988338192419825,51362,0.021757322175732216,0.1588921282798834,0.22527582748244734,0.22487462387161483
20165,"Rush County, Kansas",20,165,2953,0.051419389394750936,46333,0.0359204618345093,0.1391877820201319,0.2140196410430071,0.2485607856417203
20167,"Russell County, Kansas",20,167,6896,0.03528199845480299,50630,0.043817527010804325,0.17870834562076085,0.2218677494199536,0.23970417633410673
20169,"Saline County, Kansas",20,169,54384,0.026545409856212364,51830,0.039653425566851835,0.16255615830583672,0.23293615769343926,0.17295528096498972
20171,"Scott County, Kansas",20,171,4893,0.09981768459434823,55625,0.008366533864541833,0.105714883818296,0.27365624361332513,0.18659309217249131
20173,"Sedgwick County, Kansas",20,173,515416,0.033448454028771106,57540,0.05190114501210268,0.14192013286975505,0.2571204619181399,0.1448305834510376
20175,"Seward County, Kansas",20,175,21902,0.12592323525850588,49395,0.035959374142190505,0.08700658652296071,0.31024563966761026,0.09597297050497672
20177,"Shawnee County, Kansas",20,177,177293,0.026957541871552304,58652,0.041199900423201395,0.1354626628516819,0.23652372062066748,0.18044705656737717
20179,"Sheridan County, Kansas",20,179,2515,0.03514376996805112,62105,0.02364394993045897,0.13405797101449277,0.24135188866799204,0.23499005964214711
45049,"Hampton County, South Carolina",45,049,19223,0.363013698630137,38178,0.08127119708579324,0.18154845210770867,0.2159392394527389,0.18789991156427197
45051,"Horry County, South Carolina",45,051,344186,0.1385901860672961,51570,0.05967496507683097,0.17213557560059686,0.18018745678208875,0.24076807307676662
45055,"Kershaw County, South Carolina",45,055,65926,0.2535321287868496,53980,0.0629263585238428,0.1768765781620629,0.23019749416011892,0.18587507205048084
45057,"Lancaster County, South Carolina",45,057,95378,0.11565314438474915,65421,0.06619494318574688,0.13847720087874404,0.21571012183103022,0.20920967099331084
45059,"Laurens County, South Carolina",45,059,66990,0.3014712892052496,44374,0.06762084617168605,0.1752265401690689,0.21918196745782953,0.18496790565756083
45063,"Lexington County, South Carolina",45,063,295033,0.1824842959102035,62740,0.04818932613408163,0.13769560006848142,0.23142495924184753,0.1588737531055848
45065,"McCormick County, South Carolina",45,065,9495,0.23866643146939495,47402,0.05681455473986594,0.19942645477356913,0.11890468667719853,0.34533965244865716
45069,"Marlboro County, South Carolina",45,069,26376,0.2958202023552828,31528,0.10021214264067077,0.2087405108417565,0.20063694267515925,0.17845768880800728
45071,"Newberry County, South Carolina",45,071,38329,0.24919675434297228,46038,0.049790074281408116,0.15755703422053233,0.21706801638446085,0.19757885674032716
45075,"Orangeburg County, South Carolina",45,075,86953,0.32413197685271605,36802,0.0989640272788797,0.13699393123614803,0.21996940876105484,0.19596793670143642
45077,"Pickens County, South Carolina",45,077,125381,0.1804000800888258,51032,0.05025125628140704,0.14845886702865713,0.18874470613569838,0.16398816407589667
45081,"Saluda County, South Carolina",45,081,20292,0.3413938753959873,43410,0.04443194600674916,0.14895209580838323,0.21796767198896116,0.19830475064064657
45083,"Spartanburg County, South Carolina",45,083,313791,0.12856329474283545,53757,0.05369398203261711,0.15026899526632956,0.23185814762055,0.16188163459117694
45087,"Union County, South Carolina",45,087,27325,0.21072389856920243,41117,0.07736804049168475,0.20802172861554488,0.21346752058554438,0.19923147301006405
45089,"Williamsburg County, South Carolina",45,089,30810,0.4044264299041369,35681,0.05029634507737899,0.1999386586695747,0.20778967867575462,0.20730282375851997
45091,"York County, South Carolina",45,091,273887,0.10661380232251494,68555,0.05035508583570989,0.10405355232637217,0.24197935644992277,0.1436066699040115
46005,"Beadle County, South Dakota",46,005,18338,0.07689606741573034,53461,0.02297073440088349,0.11557900583171342,0.2696586323481296,0.18382593521649035
46007,"Bennett County, South Dakota",46,007,3430,0.08253205128205128,41887,0.09420289855072464,0.11910377358490566,0.35597667638483965,0.12361516034985423
46011,"Brookings County, South Dakota",46,011,35115,0.07386825698021143,57471,0.03919995989773924,0.08654011092686832,0.20706250889933078,0.12017656272248327
46013,"Brown County, South Dakota",46,013,38988,0.05884628135705603,61816,0.02199399737385106,0.10731669226164138,0.2377141684620909,0.1781317328408741
46017,"Buffalo County, South Dakota",46,017,2005,0.18408736349453977,35000,0.22033898305084745,0.15660847880299253,0.3835411471321696,0.0773067331670823
46019,"Butte County, South Dakota",46,019,10295,0.23832923832923833,49353,0.057925125721735894,0.14186206219954872,0.24711024769305487,0.19611461874696454
46021,"Campbell County, South Dakota",46,021,1458,0.1270935960591133,54228,0.0076824583866837385,0.12962962962962962,0.20713305898491083,0.25171467764060357
46023,"Charles Mix County, South Dakota",46,023,9324,0.04959100204498978,52348,0.08449720670391062,0.12072590461436318,0.2955812955812956,0.18436293436293436
46025,"Clark County, South Dakota",46,025,3715,0.06420021762785637,50709,0.03491543917075832,0.10840405146454969,0.26944818304172274,0.21399730820995963
46027,"Clay County, South Dakota",46,027,14076,0.12692181877657835,51447,0.08493217646339973,0.10714285714285714,0.1685848252344416,0.12020460358056266
46029,"Codington County, South Dakota",46,029,28133,0.08168204507638784,57885,0.02606968998206508,0.13599539120728765,0.24078484342231543,0.17356840720861622
46031,"Corson County, South Dakota",46,031,4106,0.13580246913580246,36705,0.24168646080760095,0.09571358986848515,0.3665367754505602,0.11130053580126643
46033,"Custer County, South Dakota",46,033,8826,0.18284850774461656,64556,0.05428986912263694,0.16849901631755584,0.14672558350328574,0.30614094720145024
46035,"Davison County, South Dakota",46,035,19890,0.05130890052356021,48267,0.021254681647940074,0.13370872792423855,0.2309703368526898,0.1864756158873806
46037,"Day County, South Dakota",46,037,5452,0.07221638655462184,46753,0.015933232169954476,0.11509575666541494,0.21753484959647837,0.26008804108584005
46039,"Deuel County, South Dakota",46,039,4309,0.03074141048824593,67396,0.012919896640826873,0.12444235736088284,0.23578556509631005,0.21466697609654212
46041,"Dewey County, South Dakota",46,041,5841,0.19676945668135096,45859,0.21423076923076922,0.09177160600310505,0.369457284711522,0.09450436569080636
46043,"Douglas County, South Dakota",46,043,2913,0.0408997955010225,61793,0.005532503457814661,0.11785587504437345,0.243048403707518,0.23480947476828012
46045,"Edmunds County, South Dakota",46,045,3876,0.10452114730189596,64896,0.016824395373291272,0.1038583509513742,0.25361197110423117,0.18395252837977297
46047,"Fall River County, South Dakota",46,047,6721,0.15590253134610835,51383,0.022674224741580526,0.19678407350689128,0.17274215146555572,0.29132569558101473
46049,"Faulk County, South Dakota",46,049,2315,0.08421052631578947,49423,0.05149812734082397,0.13606047132058693,0.21166306695464362,0.2894168466522678
46051,"Grant County, South Dakota",46,051,7125,0.03164029975020816,65327,0.022388059701492536,0.12418670438472419,0.22021052631578947,0.2095438596491228
46053,"Gregory County, South Dakota",46,053,4193,0.06966731898238747,44706,0.02276176024279211,0.10869038973614137,0.238254233245886,0.24683997138087288
46055,"Haakon County, South Dakota",46,055,1935,0.26666666666666666,40673,0.015056461731493099,0.12025316455696203,0.28785529715762276,0.2248062015503876
46057,"Hamlin County, South Dakota",46,057,6104,0.05547945205479452,67626,0.023224950232249502,0.06859266768035141,0.31847968545216254,0.15776539973787682
46059,"Hand County, South Dakota",46,059,3064,0.09526462395543175,58333,0.0,0.1461308535370309,0.21344647519582247,0.25554830287206265
46063,"Harding County, South Dakota",46,063,1178,0.22081575246132207,61111,0.00872093023255814,0.07578397212543554,0.20628183361629882,0.18590831918505943
46065,"Hughes County, South Dakota",46,065,17560,0.11752269618206691,69575,0.018007332326935518,0.12386288330622326,0.24003416856492027,0.17015945330296128
46069,"Hyde County, South Dakota",46,069,1446,0.13411458333333334,59844,0.005115089514066497,0.08392603129445235,0.2033195020746888,0.24896265560165975
46071,"Jackson County, South Dakota",46,071,3296,0.2562651576394503,24549,0.09262759924385633,0.09759852216748768,0.31947815533980584,0.13925970873786409
46075,"Jones County, South Dakota",46,075,873,0.2542955326460481,46688,0.024444444444444446,0.07445589919816724,0.24971363115693013,0.19358533791523483
46077,"Kingsbury County, South Dakota",46,077,4936,0.06397426733380987,61316,0.010101010101010102,0.11136316766343576,0.2260940032414911,0.2295380875202593
45045,"Greenville County, South Carolina",45,045,516126,0.08221710082175199,62422,0.0395664934293842,0.12781004267825596,0.23060260479030315,0.15769792647531805
46079,"Lake County, South Dakota",46,079,12747,0.06524725274725275,63165,0.03250883392226148,0.13574047505180933,0.20522475876676866,0.21746293245469522
46083,"Lincoln County, South Dakota",46,083,58887,0.016862763778402325,84260,0.026627853531484603,0.07311783890852586,0.27839760897991067,0.12777013602323092
46085,"Lyman County, South Dakota",46,085,3831,0.11659965537047674,54484,0.06209150326797386,0.1356243441762854,0.28660924040720437,0.16131558339859045
46089,"McPherson County, South Dakota",46,089,2316,0.04603399433427762,51379,0.017288444040036398,0.13730803974706413,0.21675302245250433,0.3013816925734024
46091,"Marshall County, South Dakota",46,091,4881,0.09671326029467321,68056,0.026403867608776495,0.11823273179838208,0.2315099364884245,0.2175783650891211
46095,"Mellette County, South Dakota",46,095,2065,0.31414868105515587,33882,0.10075187969924812,0.07661888284725656,0.2847457627118644,0.15447941888619854
46097,"Miner County, South Dakota",46,097,2213,0.030014641288433383,53135,0.011669658886894075,0.16359447004608296,0.24401265250790782,0.20831450519656575
46101,"Moody County, South Dakota",46,101,6508,0.05319516407599309,61894,0.025309005297233667,0.13470779724073786,0.2535341118623233,0.19145666871542716
28135,"Tallahatchie County, Mississippi",28,135,14041,0.2901856763925729,30433,0.10505415162454873,0.14970953053854608,0.19564133608717327,0.15162737696745246
28141,"Tishomingo County, Mississippi",28,141,19396,0.13921869015702795,38302,0.044958961166237904,0.22422438107176434,0.21535368117137554,0.20617653124355537
28147,"Walthall County, Mississippi",28,147,14423,0.23839518006298782,33566,0.047451343836886005,0.21590590870904508,0.2308812313665673,0.19697705054426956
28153,"Wayne County, Mississippi",28,153,20344,0.2582858349166139,33612,0.106544901065449,0.21653562775058102,0.24852536374360992,0.16388124262681872
28159,"Winston County, Mississippi",28,159,18116,0.1809588885092814,38986,0.08282991005504095,0.2090068629119165,0.22438728196069774,0.2036321483771252
35001,"Bernalillo County, New Mexico",35,001,679037,0.055480819081633694,54308,0.055905637132095044,0.14461963206628406,0.21752275649191427,0.1632974344549708
35041,"Roosevelt County, New Mexico",35,041,18723,0.188187134502924,42917,0.08607801915440318,0.19408980849658816,0.24045291886983924,0.14313945414730544
35047,"San Miguel County, New Mexico",35,047,27546,0.35231383310465264,32310,0.056797853309481214,0.2604792640403591,0.18460030494445653,0.21509475059899805
35051,"Sierra County, New Mexico",35,051,10988,0.392786272907669,33873,0.07833376997642127,0.2548964745383324,0.15662540953767748,0.36412449945394976
35057,"Torrance County, New Mexico",35,057,15477,0.4269593253968254,38240,0.09077256799599533,0.18581058969827868,0.21334884021451186,0.206306131679266
38001,"Adams County, North Dakota",38,001,2271,0.0887040887040887,48750,0.0035335689045936395,0.1359927470534905,0.23029502421840597,0.2571554381329811
38007,"Billings County, North Dakota",38,007,886,0.1059245960502693,64896,0.0407725321888412,0.12866817155756208,0.22573363431151242,0.2110609480812641
38013,"Burke County, North Dakota",38,013,2142,0.06534090909090909,79405,0.021937842778793418,0.09252336448598131,0.24743230625583568,0.19794584500466852
38019,"Cavalier County, North Dakota",38,019,3769,0.03059923501912452,54955,0.01729559748427673,0.10243102977328598,0.20456354470681878,0.2767312284425577
38023,"Divide County, North Dakota",38,023,2289,0.06062539885130823,64650,0.04155374887082204,0.1359090909090909,0.21712538226299694,0.24770642201834864
38029,"Emmons County, North Dakota",38,029,3262,0.11054342777519739,51012,0.01878238341968912,0.14214463840399003,0.19650521152667075,0.2982832618025751
38035,"Grand Forks County, North Dakota",38,035,70243,0.04436829290287672,53721,0.03905488186023253,0.08796562026285193,0.20950130262090172,0.12705892402089888
38041,"Hettinger County, North Dakota",38,041,2510,0.05202702702702703,59750,0.04789430222956235,0.14071214071214072,0.1892430278884462,0.250597609561753
38047,"Logan County, North Dakota",38,047,1743,0.056091148115687994,60592,0.005605381165919282,0.1089820359281437,0.19162363740676994,0.2937464142283419
38053,"McKenzie County, North Dakota",38,053,13836,0.12981330221703619,75238,0.033161488086944406,0.09971530768669246,0.32162474703671584,0.08600751662330153
38059,"Morton County, North Dakota",38,059,31118,0.13213627992633517,72778,0.020225593154414623,0.07480676012052928,0.22703901279002506,0.16276753004691819
38063,"Nelson County, North Dakota",38,063,2864,0.045734840698869475,53063,0.0034916201117318434,0.18909221385001795,0.17702513966480446,0.2768854748603352
38069,"Pierce County, North Dakota",38,069,4061,0.07866184448462929,57398,0.013567839195979899,0.0920276852089208,0.2228515144053189,0.24008864811622754
38075,"Renville County, North Dakota",38,075,2387,0.1442097596504006,69848,0.017826825127334467,0.15411106328024107,0.24423963133640553,0.187683284457478
38081,"Sargent County, North Dakota",38,081,3899,0.0988857938718663,64564,0.013636363636363636,0.12687726566545832,0.19440882277507054,0.22903308540651449
38087,"Slope County, North Dakota",38,087,788,0.1314655172413793,65833,0.020942408376963352,0.18401015228426396,0.22208121827411167,0.26776649746192893
38093,"Stutsman County, North Dakota",38,093,20879,0.07890373549205111,52815,0.04478827361563518,0.15934698783113826,0.20192537956798698,0.1910053163465683
38099,"Walsh County, North Dakota",38,099,10642,0.08436546401005206,55428,0.022756005056890013,0.14481109516977522,0.22946814508551025,0.21189626010148468
38103,"Wells County, North Dakota",38,103,3889,0.05085419149781486,56519,0.03372508942258559,0.13919704173269942,0.20339418873746465,0.2707636924659295
20013,"Brown County, Kansas",20,013,9575,0.02906486941870261,50649,0.04646160464616046,0.1614264612787508,0.25566579634464753,0.1977023498694517
20017,"Chase County, Kansas",20,017,2604,0.08042895442359249,48906,0.03166666666666667,0.13712241653418125,0.21582181259600614,0.24270353302611367
20023,"Cheyenne County, Kansas",20,023,2639,0.04500330906684315,42802,0.0218921032056294,0.15502686108979277,0.21068586585827964,0.26638878363016294
20029,"Cloud County, Kansas",20,029,8831,0.022231909328683522,48295,0.03167115902964959,0.13320934557712427,0.24142226248442986,0.2107349111085947
20035,"Cowley County, Kansas",20,035,35090,0.0952351599580842,50786,0.050576535903849675,0.16971194868626238,0.23630664006839555,0.18255913365631235
20039,"Decatur County, Kansas",20,039,2826,0.04289693593314763,44125,0.03868194842406877,0.2203757225433526,0.1942675159235669,0.27636234961075723
20045,"Douglas County, Kansas",20,045,121304,0.01679108132996336,61020,0.04328385405716048,0.11146042437413939,0.18243421486513223,0.12222185583327838
20051,"Ellis County, Kansas",20,051,28747,0.03961738344505536,57053,0.03386275097392868,0.11445001577895438,0.21539638918843707,0.1553553414269315
20057,"Ford County, Kansas",20,057,33718,0.10801790801790802,53743,0.046807049668116274,0.10609392414977258,0.3014413666291002,0.10860667892520316
20063,"Gove County, Kansas",20,063,2650,0.027426160337552744,53906,0.028875379939209727,0.17262591311034217,0.2328301886792453,0.2490566037735849
20067,"Grant County, Kansas",20,067,7324,0.17257683215130024,60625,0.060794780545670224,0.06881750207698699,0.3088476242490442,0.1332605133806663
20073,"Greenwood County, Kansas",20,073,6010,0.09647817460317461,43320,0.02271186440677966,0.19732837335136963,0.21414309484193012,0.2509151414309484
20079,"Harvey County, Kansas",20,079,34434,0.031707481616406935,58782,0.034728803166285745,0.14262435931620893,0.24019864087820178,0.19007376430272405
20085,"Jackson County, Kansas",20,085,13249,0.06403269754768393,59686,0.04172419082681393,0.16458110788951624,0.24998113065136993,0.19178805947618688
20089,"Jewell County, Kansas",20,089,2854,0.07642679900744417,38188,0.0136327185244587,0.1817859673990078,0.19271198318149965,0.30518570427470215
20095,"Kingman County, Kansas",20,095,7173,0.09604372722540344,57304,0.03881401617250674,0.13752483678682942,0.22319810400111528,0.21845810678934896
20101,"Lane County, Kansas",20,101,1523,0.0430327868852459,41318,0.024539877300613498,0.15855263157894736,0.2324359816152331,0.21405121470781352
20107,"Linn County, Kansas",20,107,9687,0.1435696473102957,48325,0.04896505675495215,0.1684144948603468,0.22390833075255498,0.2221534014658821
20111,"Lyon County, Kansas",20,111,33237,0.06743399661854597,50141,0.04017247966814039,0.13022703755554202,0.22306465685832055,0.15172849535156602
20117,"Marshall County, Kansas",20,117,9713,0.04690355329949238,52293,0.025565388397246803,0.13730216958390107,0.23906105219808504,0.2196025944610316
20123,"Mitchell County, Kansas",20,123,6053,0.040290820963344444,47375,0.028422876949740036,0.15060138912417415,0.22352552453328928,0.23327275731042457
20129,"Morton County, Kansas",20,129,2656,0.06753962784286699,41866,0.014297729184188394,0.18118466898954705,0.24171686746987953,0.19917168674698796
20135,"Ness County, Kansas",20,135,2838,0.03971547125074096,57222,0.01314878892733564,0.1430615164520744,0.21916842847075405,0.24242424242424243
20139,"Osage County, Kansas",20,139,15855,0.10987135731163035,58927,0.041332824621645683,0.16463141742855317,0.2326080100914538,0.19747713654998422
20185,"Stafford County, Kansas",20,185,4125,0.06284737067122702,51857,0.04401913875598086,0.1451371571072319,0.24193939393939393,0.2101818181818182
20191,"Sumner County, Kansas",20,191,22928,0.10069003086980206,53578,0.05142383190489356,0.16586559857587896,0.24376308443824146,0.18832868108862527
20197,"Wabaunsee County, Kansas",20,197,6877,0.051932367149758456,65742,0.020204894706886738,0.16666666666666666,0.23644030827395668,0.20023265958993747
20203,"Wichita County, Kansas",20,203,2112,0.1276595744680851,58299,0.03954305799648506,0.20499279884781565,0.23910984848484848,0.20170454545454544
20207,"Woodson County, Kansas",20,207,3117,0.08049382716049383,42692,0.08356741573033707,0.23175827708132432,0.19313442412576196,0.2524863650946423
21003,"Allen County, Kentucky",21,003,21065,0.21429323229133776,44180,0.057622793961301294,0.19530912753609286,0.23546166627106574,0.17521955850937573
20181,"Sherman County, Kansas",20,181,5904,0.07427652733118971,57005,0.05380333951762523,0.15064488392089423,0.23407859078590787,0.2013888888888889
20183,"Smith County, Kansas",20,183,3594,0.0242152466367713,42098,0.02688787185354691,0.1614819004524887,0.19560378408458542,0.27796327212020033
20187,"Stanton County, Kansas",20,187,2030,0.2413162705667276,57741,0.02178649237472767,0.1465,0.28029556650246307,0.17783251231527095
20189,"Stevens County, Kansas",20,189,5498,0.1910691283812795,59044,0.0675622283682339,0.10801198053163609,0.29101491451436884,0.15769370680247363
20193,"Thomas County, Kansas",20,193,7748,0.06107717934480844,68313,0.012734429266033805,0.13298429319371727,0.227284460505937,0.16868869385647908
20195,"Trego County, Kansas",20,195,2802,0.04330017554125219,59420,0.02111324376199616,0.1432780847145488,0.18344039971448964,0.2605281941470378
20199,"Wallace County, Kansas",20,199,1583,0.07924528301886792,49632,0.004155124653739612,0.22315112540192927,0.25142135186355025,0.23310170562223625
20201,"Washington County, Kansas",20,201,5474,0.025510204081632654,52172,0.016710976072920623,0.14202952719117923,0.21885275849470223,0.2482645232005846
20205,"Wilson County, Kansas",20,205,8600,0.12156946826758147,49682,0.044679317799663706,0.19319792158715163,0.23581395348837209,0.21651162790697676
20209,"Wyandotte County, Kansas",20,209,165447,0.02614340772871818,48093,0.06295166015625,0.1354322747262118,0.2777928883569965,0.12451721699396182
21001,"Adair County, Kentucky",21,001,19366,0.19962902851843264,43026,0.07102001906577693,0.20255617830391284,0.1952390787978932,0.1868222658267066
21005,"Anderson County, Kentucky",21,005,22580,0.06717283560054835,54413,0.060529177238129755,0.19645875967612778,0.23728963684676704,0.15695305580159433
21007,"Ballard County, Kentucky",21,007,7914,0.17266922094508302,45517,0.055013309671694766,0.18221480816117028,0.2095021480919889,0.21367197371746272
21011,"Bath County, Kentucky",21,011,12421,0.35638009049773756,44893,0.034836890857833265,0.26628895184135976,0.2538442959504066,0.16439900169068514
21013,"Bell County, Kentucky",21,013,26426,0.22251625585967036,28442,0.0962540914050188,0.2729536258948024,0.2114205706501173,0.18636948459850147
21017,"Bourbon County, Kentucky",21,017,19998,0.0558062740781508,47024,0.055640632976008166,0.17040857605177995,0.22462246224622462,0.1921192119211921
21019,"Boyd County, Kentucky",21,019,47361,0.11284585893112846,51019,0.07890214314597654,0.23973127338774974,0.21384683600430734,0.1941893118810836
21023,"Bracken County, Kentucky",21,023,8308,0.23652849740932644,60053,0.04773206751054852,0.15609520357617493,0.23808377467501204,0.1669475204622051
21027,"Breckinridge County, Kentucky",21,027,20283,0.2617288511267085,47236,0.07816841850912166,0.2118669463590051,0.2288616082433565,0.1947936695755066
21029,"Bullitt County, Kentucky",21,029,80921,0.0797399579158946,65531,0.05026980307879184,0.16278000720595362,0.2186577031920021,0.15803067188986789
21033,"Caldwell County, Kentucky",21,033,12679,0.13181745905549372,48281,0.06228926353149956,0.27031759929953036,0.22375581670478745,0.2138181244577648
21035,"Calloway County, Kentucky",21,035,38991,0.13501373916719508,41841,0.04262868036432959,0.16919492622314264,0.18029801749121593,0.17044959093124054
21039,"Carlisle County, Kentucky",21,039,4738,0.20720356131121004,41222,0.046815459989112684,0.15,0.22921063739974673,0.20768256648374842
21041,"Carroll County, Kentucky",21,041,10691,0.24460887949260043,41014,0.10187027457222443,0.15923505669805882,0.2592835094939669,0.1538677392199046
21045,"Casey County, Kentucky",21,045,15968,0.2623407643312102,33004,0.08398239078902811,0.20913230295645482,0.22789328657314628,0.2025926853707415
21047,"Christian County, Kentucky",21,047,71470,0.0731284002536631,44279,0.0767862085326796,0.1767175696268197,0.27077095284734853,0.1229606828039737
21051,"Clay County, Kentucky",21,051,20110,0.3045831032578686,27479,0.09504981812430809,0.29240822398129945,0.2120338140228742,0.15499751367478867
21053,"Clinton County, Kentucky",21,053,10175,0.30165600301091455,33092,0.06758080313418217,0.2016974538192711,0.2165110565110565,0.19597051597051596
21057,"Cumberland County, Kentucky",21,057,6660,0.20337598693166348,35030,0.04227405247813411,0.15480535279805352,0.2159159159159159,0.21831831831831833
21059,"Daviess County, Kentucky",21,059,101001,0.04830672695395405,54881,0.04361035901039621,0.16368684064408662,0.24410649399510895,0.17036464985495192
21063,"Elliott County, Kentucky",21,063,7461,0.44498989315622295,36950,0.01838440111420613,0.25508317929759705,0.17973462002412546,0.1975606487066077
21067,"Fayette County, Kentucky",21,067,322200,0.009088808441808519,58954,0.05234541217790686,0.12495159050764634,0.20891992551210428,0.1340068280571074
21069,"Fleming County, Kentucky",21,069,14519,0.31877599524658345,42087,0.083986562150056,0.24340519319512363,0.24292306632688201,0.17928231971898892
21073,"Franklin County, Kentucky",21,073,50744,0.055001718803712615,59056,0.04832581334599857,0.17329454253611556,0.20950260129276368,0.17600110357874824
21075,"Fulton County, Kentucky",21,075,6064,0.049160671462829736,31587,0.058611361587015326,0.21452793146528645,0.2117414248021108,0.2054749340369393
21079,"Garrard County, Kentucky",21,079,17554,0.10171977069724036,55369,0.0526508226691042,0.17414474815196837,0.21693061410504727,0.18126922638714824
21081,"Grant County, Kentucky",21,081,25107,0.2748151031529778,56746,0.048472607927291085,0.14699575156787376,0.2704823356036165,0.13781017246186322
21085,"Grayson County, Kentucky",21,085,26313,0.19702276707530647,38262,0.035178151564478205,0.18710123760473518,0.23934937103332954,0.17588264356021738
21087,"Green County, Kentucky",21,087,11000,0.1755667978264943,33846,0.05403572236038888,0.28034203751379183,0.20981818181818182,0.19963636363636364
21091,"Hancock County, Kentucky",21,091,8748,0.2286780383795309,56265,0.050494798274549606,0.18225862267850962,0.24417009602194786,0.16986739826246
21093,"Hardin County, Kentucky",21,093,109627,0.09848839684905258,57101,0.06672910325450714,0.16980773253713177,0.24492141534475995,0.14108750581517326
21097,"Harrison County, Kentucky",21,097,18763,0.1487672880336741,50270,0.03922447607306959,0.1763343566542791,0.22427117198742205,0.1868571124020679
21101,"Henderson County, Kentucky",21,101,45550,0.09539777421392817,50471,0.03850312632222275,0.21673003802281368,0.22869374313940724,0.17580680570801316
21103,"Henry County, Kentucky",21,103,15999,0.12163157119717273,52550,0.04717892123051455,0.1982157441728969,0.23488968060503781,0.17094818426151634
21105,"Hickman County, Kentucky",21,105,4461,0.12970004224757076,44063,0.0644431882419446,0.21557301293900186,0.19816184711947993,0.2414256893073302
21107,"Hopkins County, Kentucky",21,107,45044,0.15011633317822243,47014,0.06443518843779797,0.20732011897463842,0.22850990142971317,0.1843086759612823
21109,"Jackson County, Kentucky",21,109,13368,0.2317091567355559,31515,0.06296468401486989,0.2936830996532489,0.22419210053859964,0.17392280071813285
21111,"Jefferson County, Kentucky",21,111,768419,0.01297627688868918,58196,0.053079886396021896,0.1443585548613314,0.22131805694549458,0.16135467759126207
21113,"Jessamine County, Kentucky",21,113,53476,0.034297079654603664,64855,0.04871038499357083,0.13895805039987927,0.24089311092826687,0.1518812177425387
21115,"Johnson County, Kentucky",21,115,22427,0.23984198645598195,38333,0.08901070216653616,0.2562225475841874,0.22040397734873143,0.18085343559102868
21117,"Kenton County, Kentucky",21,117,166552,0.021693652385728613,66541,0.03921937195931004,0.13773154451766728,0.238183870502906,0.1435887890868918
21119,"Knott County, Kentucky",21,119,15041,0.3692870201096892,32531,0.09982068141063957,0.325201072386059,0.20025264277641114,0.18436274183897347
21121,"Knox County, Kentucky",21,121,31288,0.31555825898891593,30257,0.06321393998063891,0.17929137679987056,0.23344413193556635,0.1709281513679366
21123,"Larue County, Kentucky",21,123,14269,0.11978759956270499,48495,0.02390377588306943,0.2035474181089973,0.22335132104562339,0.17422384189501716
21125,"Laurel County, Kentucky",21,125,60631,0.24876676429782643,43745,0.0497141041931385,0.18189420166240194,0.23098744866487442,0.16331579555013112
21127,"Lawrence County, Kentucky",21,127,15604,0.34501745903840986,32856,0.05831798649478207,0.2062314540059347,0.24115611381697,0.1791207382722379
21129,"Lee County, Kentucky",21,129,7088,0.2507171543316122,24699,0.10139416983523447,0.3057026168507034,0.2020316027088036,0.18284424379232506
21131,"Leslie County, Kentucky",21,131,10081,0.3375737463126844,36038,0.05656108597285068,0.3028998872835332,0.20989981152663426,0.178752107925801
21133,"Letcher County, Kentucky",21,133,21936,0.3046239837398374,33181,0.09076195219123506,0.3153559431227279,0.2162654996353027,0.1911925601750547
46102,"Oglala Lakota County, South Dakota",46,102,14277,0.30600493556347685,31423,0.1628271080295236,0.14778705197446868,0.36730405547383904,0.07060306787140155
46105,"Perkins County, South Dakota",46,105,2996,0.1324762437115707,61815,0.013994169096209912,0.14290551981036234,0.2239652870493992,0.24399198931909213
46107,"Potter County, South Dakota",46,107,2311,0.2646134506599623,57120,0.00990990990990991,0.12342908438061041,0.2232799653829511,0.27953266983989616
46109,"Roberts County, South Dakota",46,109,10310,0.1118317610062893,50877,0.05876372509150061,0.10091652705233074,0.26867119301648884,0.19932104752667312
46115,"Spink County, South Dakota",46,115,6438,0.07140668096843396,62125,0.026856240126382307,0.11237914090981138,0.23920472196334266,0.20860515688101894
46117,"Stanley County, South Dakota",46,117,3058,0.22924411400247832,71602,0.0,0.13971071663379356,0.20209287115761937,0.22988881621975146
46121,"Todd County, South Dakota",46,121,10308,0.20741671904462602,24102,0.10721247563352826,0.04284456617431282,0.41889794334497477,0.07421420256111758
46123,"Tripp County, South Dakota",46,123,5448,0.1571658615136876,54054,0.05199724517906336,0.07296942412305384,0.2327459618208517,0.22356828193832598
46127,"Union County, South Dakota",46,127,15659,0.03880555937801018,74006,0.02265410754739478,0.11991489910386177,0.2433105562296443,0.1771505204674628
46129,"Walworth County, South Dakota",46,129,5431,0.1236174365647365,51481,0.04923296468069925,0.16591676040494938,0.22868716626772234,0.23255385748480942
46137,"Ziebach County, South Dakota",46,137,2767,0.2787698412698413,36615,0.30385164051355207,0.10444524756053487,0.2873147813516444,0.10083122515359595
47001,"Anderson County, Tennessee",47,001,76513,0.1295319051829877,52338,0.05514105852179995,0.20764759622386697,0.21145426267431677,0.1985675636819887
47005,"Benton County, Tennessee",47,005,16133,0.29373225595108104,39019,0.07230895645028759,0.27596569210542793,0.19841319035517263,0.2387652637451187
47007,"Bledsoe County, Tennessee",47,007,14961,0.29076416565586555,49382,0.07493018926466026,0.28501959645812164,0.1514604638727358,0.18153866720139028
47011,"Bradley County, Tennessee",47,011,106924,0.10462298126797889,51872,0.053817603393425235,0.18124692897909817,0.21855710598181885,0.17066327484942576
47013,"Campbell County, Tennessee",47,013,39818,0.16089027207997358,41769,0.10180360721442885,0.2726692046296533,0.20510824250339044,0.2051333567733186
47017,"Carroll County, Tennessee",47,017,27841,0.1725256487628244,42877,0.04,0.2097907214986097,0.21507848137638735,0.19916669659854172
47019,"Carter County, Tennessee",47,019,56452,0.1818246210511404,40820,0.05890477738056549,0.2228683920605393,0.18334159994331467,0.21735279529511797
47023,"Chester County, Tennessee",47,023,17260,0.17862126709461346,53336,0.0733162830349531,0.11930136175251628,0.22039397450753187,0.17288528389339514
47025,"Claiborne County, Tennessee",47,025,31827,0.2631443464830427,37954,0.07176893189648853,0.23491697121241265,0.18745090646306595,0.19649982719075
47029,"Cocke County, Tennessee",47,029,35797,0.28781179138321994,38530,0.08598788352550323,0.228307414919991,0.20401150934435847,0.21253177640584406
47031,"Coffee County, Tennessee",47,031,56024,0.12755438365194463,51030,0.04371950992440323,0.18967947096447801,0.23937955162073396,0.1719620162787377
47035,"Cumberland County, Tennessee",47,035,60016,0.13816030052192413,49423,0.062352486804274125,0.21189378386564803,0.1746700879765396,0.30830111970141294
47037,"Davidson County, Tennessee",47,037,690540,0.015099815787251477,62515,0.04704341494086333,0.11469508370265635,0.2083108871318099,0.12272714107799693
47041,"DeKalb County, Tennessee",47,041,20104,0.1532108197398307,44389,0.04922894424673784,0.19212170058432398,0.2178173497811381,0.18787306008754476
47043,"Dickson County, Tennessee",47,043,53289,0.13123953477847672,57804,0.03477510008634901,0.18266832917705736,0.23042278894330911,0.15975154347050985
47045,"Dyer County, Tennessee",47,045,37201,0.08061182306738322,45042,0.062138480041234755,0.1875528173813483,0.2376011397543077,0.17464584285368673
47047,"Fayette County, Tennessee",47,047,40612,0.12835512732278045,63618,0.06371060621924406,0.17145,0.1906333103516202,0.21304048064611444
47049,"Fentress County, Tennessee",47,049,18405,0.18310482087571872,40203,0.06306068601583113,0.24075699396599012,0.20874762292855203,0.21423526215702254
47051,"Franklin County, Tennessee",47,051,41999,0.10723805618207914,47777,0.040345821325648415,0.21838666282309985,0.20033810328817353,0.20036191337888998
47053,"Gibson County, Tennessee",47,053,49193,0.1178625011031683,45557,0.057651112973828814,0.2003619118931736,0.24172138312361516,0.17762689813591365
47055,"Giles County, Tennessee",47,055,29403,0.15661203729867193,49815,0.05438021454112038,0.16992268397073035,0.20776791483862192,0.20018365472910926
47057,"Grainger County, Tennessee",47,057,23268,0.30285919153894414,44703,0.05183481843441602,0.24079038395019026,0.19859893415850094,0.20719443011861785
47059,"Greene County, Tennessee",47,059,69077,0.23068442811208084,43150,0.04951495553759094,0.24206237914594003,0.19397194435195506,0.21894407689969164
47061,"Grundy County, Tennessee",47,061,13371,0.2523581258698005,43116,0.08043032786885246,0.24835164835164836,0.21920574377383892,0.20821180166030961
47063,"Hamblen County, Tennessee",47,063,64479,0.1065712187958884,43151,0.07704698906673065,0.18785754699189036,0.23201352378293708,0.18100466818654135
47065,"Hamilton County, Tennessee",47,065,364718,0.030323034137098498,56606,0.045556750941366325,0.14848121835293857,0.20810873058088716,0.1756315838538268
47067,"Hancock County, Tennessee",47,067,6568,0.2316431144361319,28234,0.12005054759898905,0.272442915233031,0.21315468940316687,0.2111753958587089
47069,"Hardeman County, Tennessee",47,069,25247,0.22153678671867913,39636,0.13130997079682938,0.2103985811630729,0.18802233928783618,0.1807343446746148
47071,"Hardin County, Tennessee",47,071,25665,0.1437380395492239,42285,0.04566297286969813,0.18607048004122567,0.20241574128190143,0.22637833625560103
47073,"Hawkins County, Tennessee",47,073,56735,0.23297817996059256,45318,0.07613168724279835,0.22626395975309524,0.19837842601568698,0.20902441173878558
47075,"Haywood County, Tennessee",47,075,17391,0.09644850932414777,38994,0.05823565700185071,0.2089500058268267,0.2251739405439595,0.18532574320050602
47077,"Henderson County, Tennessee",47,077,27956,0.24867684283193986,44534,0.07718837247495483,0.1790405689817839,0.22746458720847046,0.1822149091429389
47079,"Henry County, Tennessee",47,079,32251,0.2762594093804285,41037,0.04677247062414162,0.21858164519076273,0.20535797339617376,0.23059750085268674
47081,"Hickman County, Tennessee",47,081,25017,0.19969642348923253,47457,0.03278081303824428,0.17219854492229542,0.2096974057640804,0.17004436982851662
47083,"Houston County, Tennessee",47,083,8201,0.255545068428504,43521,0.05843768634466309,0.19769481332999247,0.21716863797097916,0.20631630288989147
47085,"Humphreys County, Tennessee",47,085,18528,0.1638650784815763,48411,0.09073382335221111,0.19841400054689637,0.21610535405872194,0.19392271157167532
47089,"Jefferson County, Tennessee",47,089,54162,0.22531104997330925,51899,0.06159406057273049,0.20964285714285713,0.19561685314427088,0.19886636387134893
47091,"Johnson County, Tennessee",47,091,17755,0.1887295765255085,38090,0.03048264182895851,0.21703314111906724,0.16930442128977752,0.22776682624612785
47095,"Lake County, Tennessee",47,095,7273,0.06828703703703703,34230,0.12436028659160696,0.22560429722470904,0.14354461707685962,0.15385673037261102
47097,"Lauderdale County, Tennessee",47,097,25689,0.13523759146610245,41905,0.07012777945467351,0.22318512389496145,0.22745143835883064,0.156720775429172
47101,"Lewis County, Tennessee",47,101,12131,0.24008574490889603,36977,0.044740505070590575,0.18681962820298106,0.21383233039320748,0.21061742642815925
47103,"Lincoln County, Tennessee",47,103,34158,0.14656938044034817,53923,0.03825677850687136,0.18052305778514943,0.22322735523157095,0.19084841032847358
47107,"McMinn County, Tennessee",47,107,53392,0.1820274533208287,46872,0.06172473646331654,0.2005630373582896,0.21053715912496254,0.1982319448606533
47109,"McNairy County, Tennessee",47,109,25814,0.15614122327200397,40327,0.06935908691834942,0.18258305484568507,0.21678159138452002,0.2098086309754397
47113,"Madison County, Tennessee",47,113,97838,0.0502539242843952,48396,0.06693188773279707,0.15383738759272306,0.22421758416975,0.16878922300128785
47115,"Marion County, Tennessee",47,115,28639,0.20022213994816734,50059,0.05151701832742954,0.22046800112771356,0.20988861342923984,0.19393135235168826
47119,"Maury County, Tennessee",47,119,94615,0.10557779279513438,60567,0.038077455628750055,0.12388254416356559,0.2326269618982191,0.16206732547693284
21015,"Boone County, Kentucky",21,015,132368,0.040430133365373065,82838,0.03552359627971064,0.12029789208638567,0.26180798984648856,0.13574277771062493
21021,"Boyle County, Kentucky",21,021,30090,0.05672285691459615,51562,0.05840668357451887,0.1761111693027478,0.20006646726487204,0.18953140578265204
21025,"Breathitt County, Kentucky",21,025,12802,0.3757452149356762,29538,0.09133380051389862,0.3341226616149657,0.20574910170285893,0.168098734572723
21031,"Butler County, Kentucky",21,031,12756,0.29032797858099063,45955,0.07387814666180226,0.2028858418367347,0.22781436186892443,0.1812480401379743
21037,"Campbell County, Kentucky",21,037,93608,0.01773863271901907,63152,0.04250926094613469,0.1267197918360709,0.20873215964447484,0.15822365609776942
21043,"Carter County, Kentucky",21,043,26976,0.3072746147089356,39492,0.051024720050707795,0.210980598191166,0.2306123962040332,0.1866844602609727
21049,"Clark County, Kentucky",21,049,36152,0.0764107075530979,54871,0.05004354136429608,0.19737393490710994,0.22233901305598583,0.17965811020137198
21055,"Crittenden County, Kentucky",21,055,8940,0.15830789358918448,46354,0.029094827586206896,0.24497299781684476,0.22427293064876958,0.20570469798657717
21061,"Edmonson County, Kentucky",21,061,12195,0.3349013657056146,44229,0.08576463677305658,0.2741615727738312,0.1879458794587946,0.203690036900369
21065,"Estill County, Kentucky",21,065,14187,0.20378120940972724,32800,0.10067365269461077,0.27731570341935025,0.2082187918516952,0.19059702544583068
21071,"Floyd County, Kentucky",21,071,35931,0.30712477785556574,35096,0.09272608125819135,0.2522779203926768,0.21697141743898027,0.1794550666555342
21077,"Gallatin County, Kentucky",21,077,8760,0.29047013977128333,55113,0.05879506411807404,0.13922155688622753,0.2432648401826484,0.14292237442922373
21083,"Graves County, Kentucky",21,083,37125,0.14873680464950778,45614,0.052205165692007796,0.18936424994556936,0.24021548821548822,0.18448484848484847
21089,"Greenup County, Kentucky",21,089,35359,0.13599852841989085,52337,0.05468113975576662,0.21237190129959352,0.21505133063717866,0.208405215079612
21095,"Harlan County, Kentucky",21,095,26307,0.19509681219171024,28261,0.1253374469726186,0.3057694540107573,0.22891245676055802,0.18348728475310755
21099,"Hart County, Kentucky",21,099,18833,0.1899148657498363,39834,0.04024728740852889,0.21398179565896483,0.24653533690861784,0.168427759783359
21149,"McLean County, Kentucky",21,149,9202,0.17012835472578763,54181,0.056532663316582916,0.21523433212600154,0.23712236470332537,0.19495761790915017
21153,"Magoffin County, Kentucky",21,153,12346,0.4729773992793973,27807,0.12178166838311019,0.29030937960386316,0.2309249959501053,0.17293050380690103
21159,"Martin County, Kentucky",21,159,11421,0.3753067774211818,42894,0.06328751431844215,0.29493720565149134,0.19700551615445233,0.1646090534979424
21165,"Menifee County, Kentucky",21,165,6463,0.22111706197398623,46746,0.04592901878914405,0.2436659368157648,0.21089277425344266,0.21305895095157049
21171,"Monroe County, Kentucky",21,171,10616,0.16704675028506272,35078,0.03511323498857261,0.22272033574971384,0.22550866616428034,0.18566314996232103
21177,"Muhlenberg County, Kentucky",21,177,30815,0.18770343580470164,45937,0.04970989493492238,0.2430541741263842,0.20473795229595976,0.19318513710855104
21183,"Ohio County, Kentucky",21,183,24081,0.20390767167895796,45773,0.054691139476381254,0.17807180178661722,0.24392674722810515,0.1790623312985341
21189,"Owsley County, Kentucky",21,189,4416,0.2554711924966503,29406,0.1099781500364166,0.3053823053823054,0.19134963768115942,0.20946557971014493
21193,"Perry County, Kentucky",21,193,26266,0.3038771593090211,39594,0.09323223813535524,0.29485082184310973,0.22831797761364503,0.16679357344095028
21199,"Pulaski County, Kentucky",21,199,64789,0.2023038842345773,40658,0.06045151396269482,0.18624158452959277,0.22258408063097132,0.1892450879007239
21205,"Rowan County, Kentucky",21,205,24534,0.26780215550423403,42754,0.0390766993820429,0.16226679296569335,0.19723648813890926,0.13825711257846254
21211,"Shelby County, Kentucky",21,211,48100,0.029723171942208006,72564,0.03799142387688855,0.12731185545043894,0.2286902286902287,0.1585031185031185
21217,"Taylor County, Kentucky",21,217,25572,0.10228826693408698,50266,0.04872721162732084,0.22426441272625788,0.22462067886751133,0.17476145784451744
21221,"Trigg County, Kentucky",21,221,14569,0.1537882589061716,50980,0.07917570498915401,0.271810457967811,0.22094858947079415,0.22781247855034661
21227,"Warren County, Kentucky",21,227,130836,0.05459212883446913,54325,0.04816102105353124,0.13819745139355208,0.22767434039560977,0.1281069430431991
21233,"Webster County, Kentucky",21,233,13021,0.20889780899816024,44540,0.04383664293742975,0.27473219911783237,0.23231702634206283,0.17494816066354352
21239,"Woodford County, Kentucky",21,239,26486,0.017275155832591274,66442,0.032933255269320845,0.14349078777769353,0.22151325228422564,0.18186966699388357
23005,"Cumberland County, Maine",23,005,294520,0.04012671594508976,76014,0.03217373343955623,0.11373571988287211,0.1864185793834035,0.1845579247589298
23011,"Kennebec County, Maine",23,011,122158,0.10211597377652903,55368,0.03722827819213361,0.16300407323527705,0.19278311694690484,0.19866075083089113
23017,"Oxford County, Maine",23,017,57741,0.11200603399509738,49761,0.061002886002886,0.18375420435335738,0.18364766803484525,0.21757503333852896
23023,"Sagadahoc County, Maine",23,023,35720,0.08990544609370874,68039,0.038843353866517334,0.1183028192744019,0.18807390817469205,0.22469204927211647
23027,"Waldo County, Maine",23,027,39723,0.1340717766947275,58034,0.04781652843009893,0.16499583343854954,0.18553482868866902,0.22538579664174407
27001,"Aitkin County, Minnesota",27,001,15826,0.11930302850708233,49086,0.05079696112021451,0.19358138345480116,0.16460255276127891,0.33065841021104514
27047,"Freeborn County, Minnesota",27,047,30465,0.028112170343051978,54628,0.03859331566358524,0.123921228882743,0.2193008370260955,0.22156573116691286
27053,"Hennepin County, Minnesota",27,053,1255296,0.003751694567924588,81169,0.039905585458395836,0.09999398356309437,0.21954025186091566,0.14085602120934027
27059,"Isanti County, Minnesota",27,059,40004,0.028897104128157734,76999,0.04531315288546358,0.12255910847849004,0.23685131486851316,0.15808419158084192
27063,"Jackson County, Minnesota",27,063,9873,0.009865824782951855,62479,0.02699683485384472,0.12419371352513565,0.2166514737161957,0.21979135014686518
27069,"Kittson County, Minnesota",27,069,4272,0.0776884806735553,55410,0.0410958904109589,0.11730489578284052,0.21254681647940074,0.24906367041198502
27075,"Lake County, Minnesota",27,075,10571,0.03358681875792142,65201,0.027990334273056788,0.15846626945992698,0.1757638823195535,0.2603348784410179
27081,"Lincoln County, Minnesota",27,081,5641,0.02507936507936508,53557,0.028805120910384067,0.12828467153284673,0.23630561957099805,0.24906931395142706
27087,"Mahnomen County, Minnesota",27,087,5508,0.1035727174305305,45398,0.09047202797202797,0.1533126482934842,0.3129992737835875,0.1770152505446623
27093,"Meeker County, Minnesota",27,093,23149,0.05469820107752717,63841,0.023823603953704486,0.11030345491964794,0.24277506587757572,0.19771912393623914
27099,"Mower County, Minnesota",27,099,39931,0.017426900584795322,55378,0.030606594512962496,0.11281036800324634,0.2518093711652601,0.18163832611254413
21009,"Barren County, Kentucky",21,009,44026,0.1319230575049225,41674,0.06732181753710552,0.21222755818248984,0.23690546495252804,0.17448780266206332
27105,"Nobles County, Minnesota",27,105,21667,0.024081115335868188,56000,0.024259259259259258,0.11927722123396686,0.2755803756865279,0.1646282364886694
27111,"Otter Tail County, Minnesota",27,111,58416,0.0730785152476887,59456,0.03904986522911051,0.1319347077253293,0.2171665297178855,0.23798274445357437
27117,"Pipestone County, Minnesota",27,117,9163,0.0222667557336896,53688,0.036946902654867254,0.14268265600710636,0.25690276110444177,0.20964749536178107
27123,"Ramsey County, Minnesota",27,123,546598,0.014998281258480633,67238,0.046401409663078375,0.11625270306891651,0.2329280385219119,0.1445138840610467
27129,"Renville County, Minnesota",27,129,14572,0.03926915734933188,58542,0.02900360810435748,0.11255957387160079,0.2300988196541312,0.20944276695031566
27135,"Roseau County, Minnesota",27,135,15259,0.1513520609083749,62304,0.04216435738174869,0.10826210826210826,0.2413657513598532,0.17386460449570745
27141,"Sherburne County, Minnesota",27,141,96015,0.013738502736057749,88671,0.023782368888473404,0.098039633269798,0.26391709628703847,0.11201374785189815
27147,"Steele County, Minnesota",27,147,36710,0.03233609166136219,68172,0.03712654908212064,0.10595588842690751,0.25107600108962136,0.17447561972214656
27153,"Todd County, Minnesota",27,153,24603,0.09750037644932992,54502,0.04241149667017175,0.13297785069729287,0.23810104458805836,0.21359183839369184
